Peptide,-10lgP,Mass,Length,ppm,m/z,RT,Area Sample 13: 281 4-19_965m_ctl1of2-A,Fraction,Scan,Source File,#Spec,#Spec Sample 13: 281 4-19_965m_ctl1of2-A,Accession,PTM,AScore
LPQVEGTGGDVQPSQDLVR,83.27,1994.0068,19,-0.3,998.0104,61.42,1.93E8,27,14530,20181004_4-19_965m_ctl1_281.raw,6,6,54036848,,
AIQQQIENPLAQQILSGELVPGK,70.26,2473.3540,23,0.0,825.4586,97.55,3.22E6,27,24507,20181004_4-19_965m_ctl1_281.raw,1,1,54036848,,
VIGQNEAVDAVSNAIR,65.55,1654.8638,16,-0.7,828.4386,72.99,9.79E7,27,17492,20181004_4-19_965m_ctl1_281.raw,5,5,54036848,,
RHPYFYAPELLYYANKYNGVFQEC(+57.02)C(+57.02)QAEDK,57.59,3772.7078,30,2.3,755.5505,91.64,1.52E6,27,22901,20181004_4-19_965m_ctl1_281.raw,2,2,CAA76847.1,Carbamidomethylation,C24:Carbamidomethylation:1000.00;C25:Carbamidomethylation:1000.00
AIDLIDEAASSIR,54.29,1372.7197,13,0.8,458.5809,86.30,7.73E7,27,21366,20181004_4-19_965m_ctl1_281.raw,6,6,54036848,,
AIDLIDEAASSLR,54.29,1372.7197,13,0.8,458.5809,86.30,7.73E7,27,21366,20181004_4-19_965m_ctl1_281.raw,6,6,,,
LGEYGFQNALIVR,50.52,1478.7881,13,1.8,740.4026,82.29,5.04E5,27,20269,20181004_4-19_965m_ctl1_281.raw,2,2,CAA76847.1,,
VTDAEIAEVLAR,49.96,1285.6877,12,0.2,643.8513,78.19,1.97E8,27,19065,20181004_4-19_965m_ctl1_281.raw,9,9,54036848,,
NNPVLIGEPGVGK,49.51,1292.7089,13,0.2,431.9103,57.59,1.56E8,27,13529,20181004_4-19_965m_ctl1_281.raw,5,5,54036848:CAN98337.1:NP_300:KKW03689,,
RHPEYAVSVLLR,46.13,1438.8044,12,3.1,480.6102,64.36,2.87E5,27,15258,20181004_4-19_965m_ctl1_281.raw,1,1,CAA76847.1,,
LPQVEGTGGD,40.62,971.4559,10,1.0,486.7357,43.85,2.18E6,27,10255,20181004_4-19_965m_ctl1_281.raw,2,2,54036848,,
NPVLIGEPGVGK,37.54,1178.6659,12,1.4,590.3411,57.40,6.58E6,27,13472,20181004_4-19_965m_ctl1_281.raw,2,2,54036848:CAN98337.1:NP_300:KKW03689,,
KVPQVSTPTLVEVSR,35.64,1638.9304,15,0.6,547.3177,60.98,6.11E5,27,14402,20181004_4-19_965m_ctl1_281.raw,2,2,CAA76847.1,,
VEGTGGDVQPSQDLVR,34.19,1655.8114,16,0.5,828.9134,48.38,7.52E5,27,11312,20181004_4-19_965m_ctl1_281.raw,1,1,54036848,,
LPQVEGTGGDVQPSQD,33.42,1625.7533,16,1.0,813.8848,49.65,1.07E6,27,11617,20181004_4-19_965m_ctl1_281.raw,1,1,54036848,,
NNPVLILYYK,31.33,1235.6914,10,-0.4,618.8527,58.16,2.95E7,27,13678,20181004_4-19_965m_ctl1_281.raw,3,3,ETNP_120:ETNP_180,,
EALAEVLAR,31.24,970.5447,9,0.8,486.2800,60.98,2.48E6,27,14401,20181004_4-19_965m_ctl1_281.raw,1,1,WP_015349883:CBE69591,,
NEAVDAVSNAIR,30.98,1257.6313,12,2.5,629.8245,60.43,6.42E4,27,14253,20181004_4-19_965m_ctl1_281.raw,1,1,54036848,,
YLYEIAR,30.89,926.4861,7,0.7,464.2507,57.85,1.6E5,27,13600,20181004_4-19_965m_ctl1_281.raw,1,1,CAA76847.1,,
YLYELAR,30.89,926.4861,7,0.7,464.2507,57.85,1.6E5,27,13600,20181004_4-19_965m_ctl1_281.raw,1,1,,,
YIYEIAR,30.89,926.4861,7,0.7,464.2507,57.85,1.6E5,27,13600,20181004_4-19_965m_ctl1_281.raw,1,1,,,
EDLGFIEK,30.02,949.4756,8,1.7,475.7459,67.04,2.06E5,27,15927,20181004_4-19_965m_ctl1_281.raw,1,1,ETNP_300,,
LATEGLPR,28.17,855.4814,8,1.6,428.7487,49.85,3.57E5,27,11665,20181004_4-19_965m_ctl1_281.raw,2,2,ACL73050.1,,
DLIDEAASSIR,28.14,1188.5986,11,-0.7,595.3062,85.97,0,27,21282,20181004_4-19_965m_ctl1_281.raw,1,1,54036848,,
DLIDEAASSLR,28.14,1188.5986,11,-0.7,595.3062,85.97,0,27,21282,20181004_4-19_965m_ctl1_281.raw,1,1,,,
RHPYFYAPELLYYANK,28.13,2044.0206,16,1.7,682.3486,82.76,2.15E5,27,20390,20181004_4-19_965m_ctl1_281.raw,1,1,CAA76847.1,,
VLNANEVEREAEIV,27.99,1583.8154,14,7.3,792.9208,72.36,1.22E5,27,17315,20181004_4-19_965m_ctl1_281.raw,1,1,WP_012909810,,
QVEGTGGDVQPSQDLVR,27.79,1783.8700,17,1.9,892.9440,49.42,2.75E5,27,11561,20181004_4-19_965m_ctl1_281.raw,1,1,54036848,,
VATVTVPR,27.60,841.5021,8,0.4,421.7585,50.74,4.62E8,27,11885,20181004_4-19_965m_ctl1_281.raw,5,5,ETNP_300,,
YGNRYFEERKPSLEGRR,26.86,2156.0874,17,-10.5,719.6956,60.60,4.06E5,27,14296,20181004_4-19_965m_ctl1_281.raw,1,1,ABI76493.1,,
LPQVVSTPHIAGC(+57.02)TDGTSR,26.48,1994.9844,19,6.0,998.5054,63.44,1.84E6,27,15030,20181004_4-19_965m_ctl1_281.raw,2,2,ETNP_180,Carbamidomethylation,C13:Carbamidomethylation:1000.00
LATVSLPR,26.10,855.5178,8,0.5,428.7664,50.68,2.19E8,27,11871,20181004_4-19_965m_ctl1_281.raw,3,3,CAN91477.1,,
NNPVLIGEPG,25.75,1008.5240,10,0.6,505.2696,61.02,8.2E6,27,14412,20181004_4-19_965m_ctl1_281.raw,1,1,54036848:CAN98337.1:NP_300:KKW03689,,
ALVVIHPDK,25.26,990.5862,9,-11.6,496.2946,72.48,2.09E4,27,17348,20181004_4-19_965m_ctl1_281.raw,1,1,ETNP_70:XP_003078474,,
GFAGDDAPR,24.77,904.4039,9,1.2,453.2097,33.77,1.14E5,27,7869,20181004_4-19_965m_ctl1_281.raw,1,1,XP_002183424:XP_002183295:XP_003061104:XP_002182221:EJK63020,,
LDTIILDAGHGGK,24.40,1308.7037,13,1.8,655.3604,55.73,3.26E5,27,13068,20181004_4-19_965m_ctl1_281.raw,1,1,ETNP14_68,,
VEPPDLTPIIEK,24.15,1349.7441,12,-8.9,675.8734,57.94,2.77E6,27,13623,20181004_4-19_965m_ctl1_281.raw,2,2,ETNP_90:ETNP_120:ETNP_100:ETNP_180:ETNP_120:ETNP14_120:ETNP_100:ETNP_160:ETNP_300,,
LPVDATGSARRDDLPR,23.72,1737.9121,16,-10.1,869.9546,61.90,7.34E5,27,14653,20181004_4-19_965m_ctl1_281.raw,2,2,WP_014436452,,
PVLIGEPGVGK,23.51,1064.6229,11,2.0,533.3198,57.25,5.25E5,27,13434,20181004_4-19_965m_ctl1_281.raw,1,1,54036848:CAN98337.1:NP_300:KKW03689,,
NLELVAK,23.34,785.4647,7,2.1,393.7404,60.70,3.99E4,27,14325,20181004_4-19_965m_ctl1_281.raw,1,1,ETNP_90,,
SSPATASPSK,23.13,931.4611,10,13.7,466.7442,25.81,6.06E5,27,6010,20181004_4-19_965m_ctl1_281.raw,1,1,EJK75951,,
TLSDYNIQK,22.99,1080.5452,9,1.6,541.2807,45.06,1.65E5,27,10537,20181004_4-19_965m_ctl1_281.raw,1,1,ETNP14_68:ETNP14_120:XP_002182250:ETNP14_120:EJK55830:XP_002183736:EJK68681:EJK62831,,
IHMLHI,22.82,762.4211,6,-3.6,382.2164,71.22,1.48E5,27,17005,20181004_4-19_965m_ctl1_281.raw,1,1,ETNP14_120,,
VPGSVIPR,22.13,823.4916,8,2.6,412.7541,50.24,2.7E6,27,11767,20181004_4-19_965m_ctl1_281.raw,1,1,ETNP14_68,,
RHPYFYAPELLYYANKYNGVFQEC(+57.02)C(+57.02)QAEDKGAC(+57.02)LLPK,21.66,4512.1128,37,2.7,903.4323,93.84,4.78E5,27,23497,20181004_4-19_965m_ctl1_281.raw,1,1,CAA76847.1,Carbamidomethylation,C24:Carbamidomethylation:1000.00;C25:Carbamidomethylation:1000.00;C33:Carbamidomethylation:1000.00
PMLHDPPGGIR,21.47,1188.6073,11,-5.2,595.3079,77.55,1.1E4,27,18881,20181004_4-19_965m_ctl1_281.raw,1,1,ETNP_160,,
AVGFGTNK,20.87,792.4130,8,0.6,397.2140,20.39,5.94E4,27,4717,20181004_4-19_965m_ctl1_281.raw,1,1,ETNP_70:ETNP_120,,
ALTVLSPR,20.41,855.5178,8,-0.6,428.7659,50.00,2.19E8,27,11703,20181004_4-19_965m_ctl1_281.raw,1,1,ETNP14_68:ETNP14_120:ETNP14_120,,
VGQEDALRAVSNAIR,20.29,1597.8535,15,-5.6,533.6221,73.20,5.31E6,27,17549,20181004_4-19_965m_ctl1_281.raw,1,1,CAN98337.1,,
VVSISLPR,19.92,869.5334,8,0.3,435.7741,50.96,0,27,11939,20181004_4-19_965m_ctl1_281.raw,1,1,,,
SVLLTHEFM(+15.99)DAVEK,19.83,1633.8021,14,-9.3,817.9008,50.00,3.4E4,27,11702,20181004_4-19_965m_ctl1_281.raw,1,1,,Oxidation (M),M9:Oxidation (M):1000.00
AAHNFVK,19.65,785.4184,7,0.1,393.7165,69.75,2.81E4,27,16621,20181004_4-19_965m_ctl1_281.raw,1,1,,,
SGLIELR,19.36,786.4599,7,1.3,394.2377,55.48,1.75E4,27,13008,20181004_4-19_965m_ctl1_281.raw,1,1,,,
AISISPR,19.25,742.4337,7,1.0,743.4417,52.70,2.19E5,27,12352,20181004_4-19_965m_ctl1_281.raw,1,1,,,
ALSLSPR,19.25,742.4337,7,1.0,743.4417,52.70,2.19E5,27,12352,20181004_4-19_965m_ctl1_281.raw,1,1,,,
AISLSPR,19.25,742.4337,7,1.0,743.4417,52.70,2.19E5,27,12352,20181004_4-19_965m_ctl1_281.raw,1,1,,,
ALSISPR,19.25,742.4337,7,1.0,743.4417,52.70,2.19E5,27,12352,20181004_4-19_965m_ctl1_281.raw,1,1,,,
VLDYARQGYDSIEFPTYD,18.79,2150.9795,18,-2.7,717.9985,81.15,9.04E3,27,19954,20181004_4-19_965m_ctl1_281.raw,1,1,,,
VDAELQELLR,18.77,1184.6400,10,1.5,593.3282,74.49,1.97E5,27,17947,20181004_4-19_965m_ctl1_281.raw,1,1,,,
AEGIIPAPESAHAVH,18.47,1497.7576,15,-8.2,749.8799,61.64,2.73E3,27,14587,20181004_4-19_965m_ctl1_281.raw,1,1,,,
LVLPWLSK,18.46,954.5902,8,-12.9,478.2962,65.37,2.73E5,27,15512,20181004_4-19_965m_ctl1_281.raw,1,1,,,
VPRSLPR,17.94,823.5028,7,-10.2,412.7545,49.74,2.7E6,27,11638,20181004_4-19_965m_ctl1_281.raw,1,1,,,
DLGTTYDAYMHSNEAVR,17.91,1941.8527,17,5.0,971.9384,60.40,3.05E3,27,14243,20181004_4-19_965m_ctl1_281.raw,1,1,,,
NKLAITSNK,17.90,987.5713,9,-5.3,494.7903,83.21,5.64E3,27,20512,20181004_4-19_965m_ctl1_281.raw,1,1,,,
NKIAITSNK,17.90,987.5713,9,-5.3,494.7903,83.21,5.64E3,27,20512,20181004_4-19_965m_ctl1_281.raw,1,1,,,
YAVALANWLR,17.87,1175.6451,10,9.8,588.8356,64.72,1.15E4,27,15349,20181004_4-19_965m_ctl1_281.raw,1,1,,,
GEEIAALLDR,17.83,1085.5717,10,3.8,543.7952,68.78,3.09E4,27,16375,20181004_4-19_965m_ctl1_281.raw,1,1,,,
LSHVIFHPVEK,17.31,1304.7241,11,-8.6,653.3637,63.68,9.42E5,27,15090,20181004_4-19_965m_ctl1_281.raw,1,1,,,
MPQLVRPHAELGM(+15.99)VLMR,17.28,1993.0424,17,6.9,665.3593,85.73,0,27,21213,20181004_4-19_965m_ctl1_281.raw,1,1,,Oxidation (M),M13:Oxidation (M):0.00
GDVQPSQDLVR,17.14,1212.6099,11,1.8,607.3133,44.19,1.92E5,27,10336,20181004_4-19_965m_ctl1_281.raw,1,1,54036848,,
DASELQFSLTLPMRFTGTTP,17.09,2211.0881,20,-0.7,738.0361,78.55,2.84E5,27,19172,20181004_4-19_965m_ctl1_281.raw,1,1,,,
C(+57.02)SWDDGK,17.05,866.3229,7,-11.7,434.1636,58.44,8E4,27,13745,20181004_4-19_965m_ctl1_281.raw,1,1,,Carbamidomethylation,C1:Carbamidomethylation:1000.00
VAETRAAR,16.89,872.4828,8,0.7,437.2490,49.71,4.23E4,27,11631,20181004_4-19_965m_ctl1_281.raw,1,1,,,
C(+57.02)LDVM(+15.99)TERLDFNVQNS,16.89,1955.8717,16,1.5,652.9655,69.17,6.39E4,27,16471,20181004_4-19_965m_ctl1_281.raw,1,1,,Carbamidomethylation; Oxidation (M),C1:Carbamidomethylation:1000.00;M5:Oxidation (M):1000.00
M(+15.99)EIDSKPESM(+15.99)DRLDR,16.80,1852.8295,15,-5.2,927.4172,74.03,1E4,27,17791,20181004_4-19_965m_ctl1_281.raw,1,1,NP_300,Oxidation (M),M1:Oxidation (M):1000.00;M10:Oxidation (M):1000.00
LDPVLMWLTDL,16.80,1314.6893,11,-0.1,658.3519,57.69,4.75E5,27,13553,20181004_4-19_965m_ctl1_281.raw,1,1,,,
NLIIGSYK,16.68,906.5175,8,0.2,454.2661,64.54,3.73E4,27,15305,20181004_4-19_965m_ctl1_281.raw,1,1,,,
VTDWLDGYLAR,16.62,1307.6510,11,14.3,436.8972,77.94,1.46E6,27,18995,20181004_4-19_965m_ctl1_281.raw,1,1,,,
FVSTFLR,16.59,868.4807,7,10.4,435.2521,78.96,1.78E4,27,19307,20181004_4-19_965m_ctl1_281.raw,1,1,,,
VTLSSLPR,16.55,871.5127,8,1.1,436.7641,50.88,2.58E4,27,11917,20181004_4-19_965m_ctl1_281.raw,1,1,,,
LLPLDAPNVQ,16.50,1078.6022,10,2.0,540.3094,69.05,9.41E4,27,16442,20181004_4-19_965m_ctl1_281.raw,1,1,,,
VGSSGSGAGGLGALHSGR,16.47,1525.7596,18,-7.5,763.8813,79.82,1.02E6,27,19582,20181004_4-19_965m_ctl1_281.raw,2,2,,,
SPATLDNK,16.44,844.4290,8,14.3,423.2278,23.67,3.73E4,27,5501,20181004_4-19_965m_ctl1_281.raw,1,1,,,
GGKEDTEDDEEPASAATGGSR,16.40,2077.8672,21,-0.4,1039.9404,75.11,1.31E4,27,18145,20181004_4-19_965m_ctl1_281.raw,1,1,,,
VALAQLFAK,16.35,959.5804,9,8.5,480.8015,78.44,3.25E4,27,19139,20181004_4-19_965m_ctl1_281.raw,1,1,,,
SISPALTDNK,16.31,1044.5452,10,11.3,523.2858,39.96,5.67E7,27,9322,20181004_4-19_965m_ctl1_281.raw,1,1,,,
VLSLYASGR,16.25,964.5342,9,1.8,483.2752,55.61,1.86E4,27,13039,20181004_4-19_965m_ctl1_281.raw,1,1,XP_002183424:XP_002183295:XP_003061104:XP_002182221:EJK63020,,
FVHGPDTNGEGSGLGLSIAK,16.18,1954.9749,20,-5.7,978.4891,86.61,3.93E2,27,21456,20181004_4-19_965m_ctl1_281.raw,1,1,,,
VKVVLHSQDNR,16.14,1293.7153,11,-14.6,647.8555,61.77,7.67E5,27,14619,20181004_4-19_965m_ctl1_281.raw,1,1,,,
NQKRNPSDSQYSGDAENGEK,15.97,2222.9788,20,-13.5,1112.4817,78.39,0,27,19125,20181004_4-19_965m_ctl1_281.raw,1,1,,,
EAVIELGNGKR,15.94,1184.6512,11,-6.9,593.3288,59.55,6.96E4,27,14021,20181004_4-19_965m_ctl1_281.raw,1,1,,,
MVLDGISFK,15.93,1008.5314,9,-4.4,505.2707,65.21,1.78E6,27,15470,20181004_4-19_965m_ctl1_281.raw,1,1,,,
VYHTVQAR,15.89,972.5141,8,5.6,487.2670,75.67,9.22E4,27,18316,20181004_4-19_965m_ctl1_281.raw,1,1,,,
EASQNLLER,15.78,1058.5356,9,-0.6,530.2748,39.89,1.69E5,27,9305,20181004_4-19_965m_ctl1_281.raw,1,1,,,
IGVAPAKYAK,15.66,1016.6018,10,1.1,509.3087,78.83,4.3E5,27,19266,20181004_4-19_965m_ctl1_281.raw,1,1,,,
EGTRGAAAARVAR,15.65,1284.7010,13,5.5,643.3613,76.39,7.69E3,27,18525,20181004_4-19_965m_ctl1_281.raw,1,1,,,
TLLPR,15.64,598.3802,5,5.6,599.3909,50.76,7.52E4,27,11889,20181004_4-19_965m_ctl1_281.raw,1,1,,,
TILPR,15.64,598.3802,5,5.6,599.3909,50.76,7.52E4,27,11889,20181004_4-19_965m_ctl1_281.raw,1,1,,,
TIIPR,15.64,598.3802,5,5.6,599.3909,50.76,7.52E4,27,11889,20181004_4-19_965m_ctl1_281.raw,1,1,,,
MATSIMKRDIDPFSAVER,15.61,2066.0288,18,10.8,1034.0328,60.62,8.94E1,27,14301,20181004_4-19_965m_ctl1_281.raw,1,1,,,
LPEELKDETTINQIQDK,15.48,2013.0266,17,-5.9,1007.5146,59.62,0,27,14039,20181004_4-19_965m_ctl1_281.raw,1,1,,,
SYYQDRGIGGLGLVK,15.44,1624.8573,15,0.2,813.4361,61.60,0,27,14578,20181004_4-19_965m_ctl1_281.raw,1,1,,,
IATEEVPDHLLDK,15.34,1478.7616,13,9.3,740.3950,64.07,0,27,15186,20181004_4-19_965m_ctl1_281.raw,1,1,KKW03689,,
LVSEEELK,15.27,945.5018,8,1.3,473.7588,40.88,7.38E4,27,9545,20181004_4-19_965m_ctl1_281.raw,1,1,,,
SNTGAISDFSN,15.23,1111.4781,11,-2.9,556.7448,78.30,0,27,19100,20181004_4-19_965m_ctl1_281.raw,1,1,,,
LRAAPKSFK,15.22,1016.6130,9,-10.8,509.3083,80.81,1.43E3,27,19857,20181004_4-19_965m_ctl1_281.raw,1,1,,,
IANKSSGPVR,15.22,1027.5774,10,-10.1,514.7908,40.69,8.95E4,27,9501,20181004_4-19_965m_ctl1_281.raw,1,1,,,
DGM(+15.99)KFHDGKPVTVEDVKFTFEYFR,15.10,2907.3901,24,-9.2,1454.6890,29.88,0,27,6959,20181004_4-19_965m_ctl1_281.raw,1,1,,Oxidation (M),M3:Oxidation (M):1000.00
