Protein Group,Protein ID,Protein Accession,Peptide,Unique,-10lgP,Mass,Length,ppm,m/z,z,RT,Area ETNP_NT02,Fraction,Scan,Source File,#Spec,#Spec ETNP_NT02,Start,End,PTM,AScore
1,58,gi|54036848,R.LPQVEGTGGDVQPSQDLVR.V,Y,112.05,1994.0068,19,1.4,998.0121,2,62.23,1.53E8,4,16888,20170602_ETNP_NT02_01.raw,5,5,71,89,,
1,58,gi|54036848,R.AIQQQIENPLAQQILSGELVPGK.V,Y,88.35,2473.3540,23,1.9,825.4602,3,98.05,2.35E6,4,26026,20170602_ETNP_NT02_01.raw,1,1,820,842,,
1,58,gi|54036848,R.LPQVEGTGGDVQ(+.98)PSQDLVR.V,Y,83.37,1994.9908,19,3.7,998.5063,2,63.88,4.63E5,4,17320,20170602_ETNP_NT02_01.raw,2,2,71,89,Deamidation (NQ),Q12:Deamidation (NQ):19.05
1,58,gi|54036848,R.VIGQNEAVDAVSNAIR.R,Y,82.22,1654.8638,16,1.5,828.4404,2,73.91,1.21E8,4,19956,20170602_ETNP_NT02_01.raw,4,4,570,585,,
1,58,gi|54036848,R.LPQVEGTGGDVQPSQ(+.98)DLVR.V,Y,64.61,1994.9908,19,1.1,998.5038,2,64.38,2.25E5,4,17453,20170602_ETNP_NT02_01.raw,1,1,71,89,Deamidation (NQ),Q15:Deamidation (NQ):28.36
1,58,gi|54036848,R.LPQVEGTGGD(+21.98)VQPSQDLVR.V,Y,59.53,2015.9888,19,-7.3,505.0008,4,62.18,6.22E6,4,16874,20170602_ETNP_NT02_01.raw,2,2,71,89,Sodium adduct,D10:Sodium adduct:25.98
1,58,gi|54036848,K.AIDLIDEAASSIR.M,Y,58.51,1372.7197,13,3.8,458.5822,3,87.46,6.95E7,4,23445,20170602_ETNP_NT02_01.raw,6,6,390,402,,
1,58,gi|54036848,K.AIDLID(+21.98)EAASSIR.M,Y,57.99,1394.7017,13,1.0,465.9083,3,87.10,1.76E5,4,23347,20170602_ETNP_NT02_01.raw,1,1,390,402,Sodium adduct,D6:Sodium adduct:25.20
1,58,gi|54036848,R.LPQVEGTGGD(+55.92)VQPSQDLVR.V,Y,56.74,2049.9265,19,1.4,513.4896,4,62.09,1.26E6,4,16849,20170602_ETNP_NT02_01.raw,1,1,71,89,Replacement of 2 protons by nickel,D10:Replacement of 2 protons by nickel:17.32
1,58,gi|54036848,R.VIGQNEAVDAVSN(+.98)AIR.R,Y,55.68,1655.8478,16,6.5,828.9366,2,74.42,2.04E6,4,20091,20170602_ETNP_NT02_01.raw,1,1,570,585,Deamidation (NQ),N13:Deamidation (NQ):73.05
1,58,gi|54036848,K.VTDAEIAEVLAR.W,Y,53.39,1285.6877,12,2.7,643.8529,2,79.58,9.92E7,4,21438,20170602_ETNP_NT02_01.raw,4,4,531,542,,
1,58,gi|54036848,K.NNPVLIGEPGVGK.T,N,53.03,1292.7089,13,2.7,647.3635,2,59.39,1.34E8,4,16107,20170602_ETNP_NT02_01.raw,4,4,200,212,,
1,58,gi|54036848,R.LPQVEGTGGD(+37.96)VQPSQDLVR.V,Y,48.50,2031.9628,19,-2.3,508.9968,4,62.03,1.6E6,4,16829,20170602_ETNP_NT02_01.raw,1,1,71,89,Replacement of proton by potassium,D10:Replacement of proton by potassium:30.64
1,58,gi|54036848,R.VIGQN(+.98)EAVDAVSNAIR.R,Y,48.35,1655.8478,16,5.0,828.9353,2,74.92,2.04E6,4,20223,20170602_ETNP_NT02_01.raw,1,1,570,585,Deamidation (NQ),N5:Deamidation (NQ):17.01
1,58,gi|54036848,R.VIGQNEAVD(-18.01)AVSNAIR.R,Y,45.21,1636.8533,16,-2.1,546.6239,3,73.72,1.93E5,4,19906,20170602_ETNP_NT02_01.raw,2,2,570,585,Dehydration,D9:Dehydration:0.00
1,58,gi|54036848,K.AIDLID(+37.95)EAASSIR.M,Y,45.18,1410.6667,13,1.7,471.2303,3,87.14,1.76E5,4,23360,20170602_ETNP_NT02_01.raw,1,1,390,402,Replacement of 2 protons by calcium,D6:Replacement of 2 protons by calcium:15.91
1,58,gi|54036848,K.N(+.98)NPVLIGEPGVGK.T,N,43.81,1293.6929,13,2.9,647.8556,2,60.94,4.24E5,4,16510,20170602_ETNP_NT02_01.raw,1,1,200,212,Deamidation (NQ),N1:Deamidation (NQ):0.00
1,58,gi|54036848,R.VIGA(sub Q)NEAVDAVSNAIR.R,Y,43.47,1597.8423,16,3.3,533.6231,3,73.68,9.68E6,4,19897,20170602_ETNP_NT02_01.raw,2,2,570,585,Mutation,
1,58,gi|54036848,K.VTDAE(+21.98)IAEVLAR.W,Y,41.01,1307.6697,12,1.7,436.8979,3,79.31,3.29E5,4,21370,20170602_ETNP_NT02_01.raw,1,1,531,542,Sodium adduct,E5:Sodium adduct:14.04
1,58,gi|54036848,R.VIGQNE(+37.95)AVDAVSNAIR.R,Y,35.17,1692.8108,16,2.1,565.2787,3,73.66,7.78E5,4,19889,20170602_ETNP_NT02_01.raw,2,2,570,585,Replacement of 2 protons by calcium,E6:Replacement of 2 protons by calcium:19.05
1,58,gi|54036848,R.VIGQNE(+55.92)AVDAVSNAIR.R,Y,34.74,1710.7834,16,2.7,571.2700,3,73.66,5.33E4,4,19891,20170602_ETNP_NT02_01.raw,1,1,570,585,Replacement of 2 protons by nickel,E6:Replacement of 2 protons by nickel:37.54
1,58,gi|54036848,K.NNPVLIGE(+21.98)PGVGK.T,N,34.72,1314.6908,13,2.4,658.3542,2,59.11,8.41E5,4,16031,20170602_ETNP_NT02_01.raw,2,2,200,212,Sodium adduct,E8:Sodium adduct:30.64
1,58,gi|54036848,K.AIDLIDEAAS(-18.01)SIR.M,Y,33.68,1354.7092,13,1.6,452.5777,3,87.10,1.03E5,4,23348,20170602_ETNP_NT02_01.raw,2,2,390,402,Dehydration,S10:Dehydration:10.11
1,58,gi|54036848,V.IGQNEL(sub A)VDAVSNAIR.R,Y,32.95,1597.8423,15,4.4,533.6237,3,74.19,5.33E6,4,20028,20170602_ETNP_NT02_01.raw,1,1,571,585,Mutation,
1,58,gi|54036848,R.LPQ(+.98)VEGTGGDVQPSQDLVR.V,Y,32.06,1994.9908,19,5.0,998.5077,2,63.37,2.89E5,4,17182,20170602_ETNP_NT02_01.raw,1,1,71,89,Deamidation (NQ),Q3:Deamidation (NQ):77.76
1,58,gi|54036848,R.VIGQ(+.98)NEAVDAVSNAIR.R,Y,26.96,1655.8478,16,14.1,828.9428,2,71.51,0,4,19305,20170602_ETNP_NT02_01.raw,1,1,570,585,Deamidation (NQ),Q4:Deamidation (NQ):17.01
1,58,gi|54036848,K.AID(+55.92)LIDEAASSIR.M,Y,24.59,1428.6394,13,1.3,477.2210,3,87.12,7.76E4,4,23353,20170602_ETNP_NT02_01.raw,1,1,390,402,Replacement of 2 protons by nickel,D3:Replacement of 2 protons by nickel:19.05
1,58,gi|54036848,G.Q(-17.03)NEAVDAVSNAIR.R,Y,20.53,1368.6633,13,4.1,685.3417,2,76.46,2.19E5,4,20630,20170602_ETNP_NT02_01.raw,1,1,573,585,Pyro-glu from Q,Q1:Pyro-glu from Q:1000.00
1,58,gi|54036848,N.PVLIGEPGVGK.T,N,18.74,1064.6229,11,2.6,533.3201,2,58.84,4.63E5,4,15954,20170602_ETNP_NT02_01.raw,1,1,202,212,,
1,58,gi|54036848,N.NPVLIGEPGVGK.T,N,18.30,1178.6659,12,3.4,590.3422,2,58.72,1.1E6,4,15921,20170602_ETNP_NT02_01.raw,1,1,201,212,,
1,58,gi|54036848,R.VIGQNEAVD(-18.01)AV.S,Y,17.06,1095.5560,11,4.3,548.7877,2,73.67,1.15E4,4,19893,20170602_ETNP_NT02_01.raw,1,1,570,580,Dehydration,D9:Dehydration:1000.00
4,82,100mP_megahit_BKKBEGJO_23068,M.QSVEPVLENAIK.T,Y,50.68,1325.7190,12,2.9,663.8687,2,67.70,1.4E6,4,18317,20170602_ETNP_NT02_01.raw,1,1,102,113,,
4,82,100mP_megahit_BKKBEGJO_23068,R.LDDGQPLVEVAR.K,N,49.85,1310.6830,12,4.2,656.3515,2,59.98,5.06E5,4,16262,20170602_ETNP_NT02_01.raw,1,1,68,79,,
4,82,100mP_megahit_BKKBEGJO_23068,K.TAAIKNIQK.A,N,43.16,985.5920,9,1.5,493.8040,2,27.28,1.63E5,4,7348,20170602_ETNP_NT02_01.raw,1,1,50,58,,
4,82,100mP_megahit_BKKBEGJO_23068,L.DDGQPLVEVAR.K,N,40.18,1197.5989,11,2.2,599.8080,2,54.04,1.21E6,4,14713,20170602_ETNP_NT02_01.raw,1,1,69,79,,
4,82,100mP_megahit_BKKBEGJO_23068,L.DDGQPLVEVARK.M,N,35.25,1325.6938,12,2.7,442.9064,3,46.91,2.58E5,4,12848,20170602_ETNP_NT02_01.raw,1,1,69,80,,
4,82,100mP_megahit_BKKBEGJO_23068,Q.SVEPVLENAIK.T,Y,34.82,1197.6604,11,3.2,599.8394,2,66.27,1.49E6,4,17954,20170602_ETNP_NT02_01.raw,1,1,103,113,,
4,82,100mP_megahit_BKKBEGJO_23068,K.TLQKVVDVRGM(+15.99)G.K,Y,28.48,1317.7074,12,2.0,440.2440,3,42.38,2.06E5,4,11657,20170602_ETNP_NT02_01.raw,1,1,114,125,Oxidation (M),M11:Oxidation (M):1000.00
4,82,100mP_megahit_BKKBEGJO_23068,R.LDDGQPLVEVA.R,N,27.82,1154.5819,11,3.4,578.3002,2,69.47,5.02E5,4,18772,20170602_ETNP_NT02_01.raw,1,1,68,78,,
4,82,100mP_megahit_BKKBEGJO_23068,D.DGQPLVEVAR.K,N,23.59,1082.5720,10,2.8,542.2948,2,52.13,7.82E5,4,14215,20170602_ETNP_NT02_01.raw,1,1,70,79,,
4,82,100mP_megahit_BKKBEGJO_23068,G.DADAAVAKTA.A,Y,21.22,931.4611,10,4.0,466.7397,2,28.18,9.95E5,4,7628,20170602_ETNP_NT02_01.raw,1,1,42,51,,
4,82,100mP_megahit_BKKBEGJO_23068,P.VLENAIKTLQ.K,Y,20.56,1127.6550,10,3.8,564.8369,2,61.69,1.48E5,4,16726,20170602_ETNP_NT02_01.raw,1,1,107,116,,
4,82,100mP_megahit_BKKBEGJO_23068,G.QPLVEVAR.K,N,18.65,910.5236,8,2.1,456.2700,2,47.82,3.29E5,4,13095,20170602_ETNP_NT02_01.raw,1,1,72,79,,
4,82,100mP_megahit_BKKBEGJO_23068,G.DADAAVAKTAA.I,Y,18.38,1002.4982,11,2.6,502.2577,2,30.70,2.6E5,4,8387,20170602_ETNP_NT02_01.raw,1,1,42,52,,
4,82,100mP_megahit_BKKBEGJO_23068,K.TLQKVVD.V,Y,17.56,801.4596,7,2.2,401.7379,2,35.39,7.51E5,4,9719,20170602_ETNP_NT02_01.raw,1,1,114,120,,
4,82,100mP_megahit_BKKBEGJO_23068,K.RLDDGQPLVEVA.R,N,17.52,1310.6830,12,2.9,656.3506,2,65.01,1.28E6,4,17621,20170602_ETNP_NT02_01.raw,1,1,67,78,,
4,82,100mP_megahit_BKKBEGJO_23068,V.LENAIKTLQ.K,Y,16.83,1028.5865,9,4.2,515.3027,2,52.30,3.43E5,4,14258,20170602_ETNP_NT02_01.raw,1,1,108,116,,
4,82,100mP_megahit_BKKBEGJO_23068,P.VLENAIK.T,Y,15.59,785.4647,7,3.2,393.7408,2,40.03,6.1E5,4,11019,20170602_ETNP_NT02_01.raw,1,1,107,113,,
4,82,100mP_megahit_BKKBEGJO_23068,S.VEPVLENAIK.T,Y,15.45,1110.6284,10,1.2,556.3221,2,62.81,9.03E5,4,17039,20170602_ETNP_NT02_01.raw,1,1,104,113,,
4,82,100mP_megahit_BKKBEGJO_23068,M.QSVEPVLENA.I,Y,15.38,1084.5400,10,3.5,543.2792,2,59.93,6.89E5,4,16248,20170602_ETNP_NT02_01.raw,1,1,102,111,,
4,83,70m_MEGAHIT_CJDMCFAD_68937,M.QSVEPVLENAIK.T,Y,50.68,1325.7190,12,2.9,663.8687,2,67.70,1.4E6,4,18317,20170602_ETNP_NT02_01.raw,1,1,102,113,,
4,83,70m_MEGAHIT_CJDMCFAD_68937,R.LDDGQPLVEVAR.K,N,49.85,1310.6830,12,4.2,656.3515,2,59.98,5.06E5,4,16262,20170602_ETNP_NT02_01.raw,1,1,68,79,,
4,83,70m_MEGAHIT_CJDMCFAD_68937,K.TAAIKNIQK.A,N,43.16,985.5920,9,1.5,493.8040,2,27.28,1.63E5,4,7348,20170602_ETNP_NT02_01.raw,1,1,50,58,,
4,83,70m_MEGAHIT_CJDMCFAD_68937,L.DDGQPLVEVAR.K,N,40.18,1197.5989,11,2.2,599.8080,2,54.04,1.21E6,4,14713,20170602_ETNP_NT02_01.raw,1,1,69,79,,
4,83,70m_MEGAHIT_CJDMCFAD_68937,L.DDGQPLVEVARK.M,N,35.25,1325.6938,12,2.7,442.9064,3,46.91,2.58E5,4,12848,20170602_ETNP_NT02_01.raw,1,1,69,80,,
4,83,70m_MEGAHIT_CJDMCFAD_68937,Q.SVEPVLENAIK.T,Y,34.82,1197.6604,11,3.2,599.8394,2,66.27,1.49E6,4,17954,20170602_ETNP_NT02_01.raw,1,1,103,113,,
4,83,70m_MEGAHIT_CJDMCFAD_68937,K.TLQKVVDVRGM(+15.99)G.K,Y,28.48,1317.7074,12,2.0,440.2440,3,42.38,2.06E5,4,11657,20170602_ETNP_NT02_01.raw,1,1,114,125,Oxidation (M),M11:Oxidation (M):1000.00
4,83,70m_MEGAHIT_CJDMCFAD_68937,R.LDDGQPLVEVA.R,N,27.82,1154.5819,11,3.4,578.3002,2,69.47,5.02E5,4,18772,20170602_ETNP_NT02_01.raw,1,1,68,78,,
4,83,70m_MEGAHIT_CJDMCFAD_68937,D.DGQPLVEVAR.K,N,23.59,1082.5720,10,2.8,542.2948,2,52.13,7.82E5,4,14215,20170602_ETNP_NT02_01.raw,1,1,70,79,,
4,83,70m_MEGAHIT_CJDMCFAD_68937,G.DADAAVAKTA.A,Y,21.22,931.4611,10,4.0,466.7397,2,28.18,9.95E5,4,7628,20170602_ETNP_NT02_01.raw,1,1,42,51,,
4,83,70m_MEGAHIT_CJDMCFAD_68937,P.VLENAIKTLQ.K,Y,20.56,1127.6550,10,3.8,564.8369,2,61.69,1.48E5,4,16726,20170602_ETNP_NT02_01.raw,1,1,107,116,,
4,83,70m_MEGAHIT_CJDMCFAD_68937,G.QPLVEVAR.K,N,18.65,910.5236,8,2.1,456.2700,2,47.82,3.29E5,4,13095,20170602_ETNP_NT02_01.raw,1,1,72,79,,
4,83,70m_MEGAHIT_CJDMCFAD_68937,G.DADAAVAKTAA.I,Y,18.38,1002.4982,11,2.6,502.2577,2,30.70,2.6E5,4,8387,20170602_ETNP_NT02_01.raw,1,1,42,52,,
4,83,70m_MEGAHIT_CJDMCFAD_68937,K.TLQKVVD.V,Y,17.56,801.4596,7,2.2,401.7379,2,35.39,7.51E5,4,9719,20170602_ETNP_NT02_01.raw,1,1,114,120,,
4,83,70m_MEGAHIT_CJDMCFAD_68937,K.RLDDGQPLVEVA.R,N,17.52,1310.6830,12,2.9,656.3506,2,65.01,1.28E6,4,17621,20170602_ETNP_NT02_01.raw,1,1,67,78,,
4,83,70m_MEGAHIT_CJDMCFAD_68937,V.LENAIKTLQ.K,Y,16.83,1028.5865,9,4.2,515.3027,2,52.30,3.43E5,4,14258,20170602_ETNP_NT02_01.raw,1,1,108,116,,
4,83,70m_MEGAHIT_CJDMCFAD_68937,P.VLENAIK.T,Y,15.59,785.4647,7,3.2,393.7408,2,40.03,6.1E5,4,11019,20170602_ETNP_NT02_01.raw,1,1,107,113,,
4,83,70m_MEGAHIT_CJDMCFAD_68937,S.VEPVLENAIK.T,Y,15.45,1110.6284,10,1.2,556.3221,2,62.81,9.03E5,4,17039,20170602_ETNP_NT02_01.raw,1,1,104,113,,
4,83,70m_MEGAHIT_CJDMCFAD_68937,M.QSVEPVLENA.I,Y,15.38,1084.5400,10,3.5,543.2792,2,59.93,6.89E5,4,16248,20170602_ETNP_NT02_01.raw,1,1,102,111,,
6,291,100mP_megahit_BKKBEGJO_62241,R.LDDGQPLVEVAR.K,N,49.85,1310.6830,12,4.2,656.3515,2,59.98,5.06E5,4,16262,20170602_ETNP_NT02_01.raw,1,1,68,79,,
6,291,100mP_megahit_BKKBEGJO_62241,R.GDGDAAVAKTAA.I,Y,45.39,1045.5039,12,1.0,523.7598,2,27.67,2.61E5,4,7457,20170602_ETNP_NT02_01.raw,1,1,41,52,,
6,291,100mP_megahit_BKKBEGJO_62241,K.TAAIKNIQK.A,N,43.16,985.5920,9,1.5,493.8040,2,27.28,1.63E5,4,7348,20170602_ETNP_NT02_01.raw,1,1,50,58,,
6,291,100mP_megahit_BKKBEGJO_62241,L.DDGQPLVEVAR.K,N,40.18,1197.5989,11,2.2,599.8080,2,54.04,1.21E6,4,14713,20170602_ETNP_NT02_01.raw,1,1,69,79,,
6,291,100mP_megahit_BKKBEGJO_62241,L.DDGQPLVEVARK.M,N,35.25,1325.6938,12,2.7,442.9064,3,46.91,2.58E5,4,12848,20170602_ETNP_NT02_01.raw,1,1,69,80,,
6,291,100mP_megahit_BKKBEGJO_62241,R.LDDGQPLVEVA.R,N,27.82,1154.5819,11,3.4,578.3002,2,69.47,5.02E5,4,18772,20170602_ETNP_NT02_01.raw,1,1,68,78,,
6,291,100mP_megahit_BKKBEGJO_62241,R.GDGDAAVAKT.A,Y,27.20,903.4297,10,1.7,452.7229,2,22.36,1.27E5,4,5846,20170602_ETNP_NT02_01.raw,1,1,41,50,,
6,291,100mP_megahit_BKKBEGJO_62241,D.DGQPLVEVAR.K,N,23.59,1082.5720,10,2.8,542.2948,2,52.13,7.82E5,4,14215,20170602_ETNP_NT02_01.raw,1,1,70,79,,
6,291,100mP_megahit_BKKBEGJO_62241,G.QPLVEVAR.K,N,18.65,910.5236,8,2.1,456.2700,2,47.82,3.29E5,4,13095,20170602_ETNP_NT02_01.raw,1,1,72,79,,
6,291,100mP_megahit_BKKBEGJO_62241,R.GDGDAAVAKTA.A,Y,18.46,974.4669,11,5.2,488.2432,2,24.85,5.95E5,4,6594,20170602_ETNP_NT02_01.raw,1,1,41,51,,
6,291,100mP_megahit_BKKBEGJO_62241,K.RLDDGQPLVEVA.R,N,17.52,1310.6830,12,2.9,656.3506,2,65.01,1.28E6,4,17621,20170602_ETNP_NT02_01.raw,1,1,67,78,,
3,6,70m_MEGAHIT_CJDMCFAD_72421,K.DAYVGDEAQSK.R,Y,38.54,1181.5200,11,2.9,591.7690,2,31.23,1.55E6,4,8538,20170602_ETNP_NT02_01.raw,1,1,68,78,,
3,6,70m_MEGAHIT_CJDMCFAD_72421,K.D(+15.99)AYVGDEAQSK.R,Y,38.25,1197.5149,11,2.8,599.7664,2,32.12,5.68E5,4,8794,20170602_ETNP_NT02_01.raw,1,1,68,78,Oxidation or Hydroxylation,D1:Oxidation or Hydroxylation:32.28
3,6,70m_MEGAHIT_CJDMCFAD_72421,L.TEAPLNPK.A,N,32.08,868.4654,8,3.1,435.2413,2,31.52,4.59E6,4,8625,20170602_ETNP_NT02_01.raw,2,2,123,130,,
3,6,70m_MEGAHIT_CJDMCFAD_72421,G.FAGDDAPR.A,Y,28.47,847.3824,8,2.7,424.6996,2,30.67,3.72E6,4,8380,20170602_ETNP_NT02_01.raw,1,1,38,45,,
3,6,70m_MEGAHIT_CJDMCFAD_72421,K.AGFAGDDAPR.A,Y,28.21,975.4410,10,2.2,488.7288,2,37.91,2.12E6,4,10431,20170602_ETNP_NT02_01.raw,1,1,36,45,,
3,6,70m_MEGAHIT_CJDMCFAD_72421,D.AYVGDEAQSK.R,Y,25.60,1066.4930,10,3.1,534.2554,2,28.02,8.37E5,4,7578,20170602_ETNP_NT02_01.raw,1,1,69,78,,
3,6,70m_MEGAHIT_CJDMCFAD_72421,L.TEAPLNPKAN.R,N,25.15,1053.5454,10,2.5,527.7813,2,33.21,6E6,4,9121,20170602_ETNP_NT02_01.raw,1,1,123,132,,
3,6,70m_MEGAHIT_CJDMCFAD_72421,D.AYVGDEAQSKR.G,Y,24.08,1222.5941,11,2.0,408.5395,3,25.52,2.71E5,4,6808,20170602_ETNP_NT02_01.raw,1,1,69,79,,
3,6,70m_MEGAHIT_CJDMCFAD_72421,A.GFAGDDAPR.A,Y,22.38,904.4039,9,2.8,453.2105,2,35.75,4.47E6,4,9818,20170602_ETNP_NT02_01.raw,2,2,37,45,,
3,6,70m_MEGAHIT_CJDMCFAD_72421,R.AVFPSIVGRP.K,Y,21.98,1041.5970,10,2.4,521.8071,2,74.18,8.31E4,4,20025,20170602_ETNP_NT02_01.raw,1,1,46,55,,
3,6,70m_MEGAHIT_CJDMCFAD_72421,V.APEEHPV.L,N,19.42,777.3657,7,2.2,389.6909,2,25.97,2.65E5,4,6950,20170602_ETNP_NT02_01.raw,1,1,114,120,,
3,6,70m_MEGAHIT_CJDMCFAD_72421,K.DAYVGDEAQS.K,Y,18.84,1053.4250,10,3.7,527.7217,2,36.26,1.91E5,4,9963,20170602_ETNP_NT02_01.raw,1,1,68,77,,
3,6,70m_MEGAHIT_CJDMCFAD_72421,R.VAPEEHPV.L,Y,18.77,876.4341,8,2.6,439.2255,2,32.43,6.57E6,4,8891,20170602_ETNP_NT02_01.raw,1,1,113,120,,
3,6,70m_MEGAHIT_CJDMCFAD_72421,L.DLAGRDLTDY.M,Y,18.43,1137.5302,10,2.6,569.7738,2,61.56,3.32E5,4,16685,20170602_ETNP_NT02_01.raw,1,1,196,205,,
3,6,70m_MEGAHIT_CJDMCFAD_72421,T.EAPLNPK.A,N,18.21,767.4177,7,1.2,384.7166,2,27.62,2.05E6,4,7442,20170602_ETNP_NT02_01.raw,1,1,124,130,,
3,6,70m_MEGAHIT_CJDMCFAD_72421,T.FYNELR.V,Y,16.75,840.4130,6,3.1,421.2151,2,49.41,4.04E5,4,13510,20170602_ETNP_NT02_01.raw,1,1,107,112,,
3,6,70m_MEGAHIT_CJDMCFAD_72421,H.TFYNELR.V,Y,16.15,941.4606,7,2.5,471.7388,2,58.15,1.64E5,4,15774,20170602_ETNP_NT02_01.raw,1,1,106,112,,
3,6,70m_MEGAHIT_CJDMCFAD_72421,V.LLTEAPLNPK.A,N,15.64,1094.6335,10,5.0,548.3268,2,53.80,1.63E5,4,14653,20170602_ETNP_NT02_01.raw,1,1,121,130,,
3,6,70m_MEGAHIT_CJDMCFAD_72421,D.QKDQ(sub A)YVGDEAQSK.R,Y,15.06,1494.6951,13,0.3,499.2391,3,27.94,3.53E5,4,7548,20170602_ETNP_NT02_01.raw,1,1,66,78,Mutation,
8,130,70m_MEGAHIT_CJDMCFAD_64580,K.QVHPDTGVSSK.A,Y,56.93,1153.5728,11,1.9,385.5323,3,22.47,2.67E5,4,5878,20170602_ETNP_NT02_01.raw,1,1,46,56,,
8,130,70m_MEGAHIT_CJDMCFAD_64580,K.AVTKYTSSK,Y,28.59,983.5287,9,0.6,492.7719,2,20.22,1.25E5,4,5225,20170602_ETNP_NT02_01.raw,1,1,116,124,,
8,130,70m_MEGAHIT_CJDMCFAD_64580,F.VNDLFER.I,Y,21.62,891.4450,7,4.3,446.7317,2,56.48,3.19E5,4,15341,20170602_ETNP_NT02_01.raw,1,1,65,71,,
8,130,70m_MEGAHIT_CJDMCFAD_64580,K.HAVSEGTKAV.T,Y,20.24,997.5192,10,1.6,499.7677,2,23.03,3.77E4,4,6045,20170602_ETNP_NT02_01.raw,1,1,108,117,,
8,130,70m_MEGAHIT_CJDMCFAD_64580,R.LLLPGELAK.H,Y,19.21,952.5957,9,3.0,477.3065,2,73.12,5.81E5,4,19742,20170602_ETNP_NT02_01.raw,1,1,99,107,,
8,130,70m_MEGAHIT_CJDMCFAD_64580,K.QVHPDTGVS.S,Y,17.56,938.4457,9,1.1,470.2307,2,27.04,3.54E5,4,7275,20170602_ETNP_NT02_01.raw,1,1,46,54,,
8,130,70m_MEGAHIT_CJDMCFAD_64580,K.QVHPDTGVSS.K,Y,15.91,1025.4778,10,2.6,513.7475,2,26.93,2.83E5,4,7242,20170602_ETNP_NT02_01.raw,1,1,46,55,,
5,1194,120mF_megahit_ILDJFKLB_102034,K.NNPVLIGEPGVGK.T,N,53.03,1292.7089,13,2.7,647.3635,2,59.39,1.34E8,4,16107,20170602_ETNP_NT02_01.raw,4,4,200,212,,
5,1194,120mF_megahit_ILDJFKLB_102034,K.N(+.98)NPVLIGEPGVGK.T,N,43.81,1293.6929,13,2.9,647.8556,2,60.94,4.24E5,4,16510,20170602_ETNP_NT02_01.raw,1,1,200,212,Deamidation (NQ),N1:Deamidation (NQ):0.00
5,1194,120mF_megahit_ILDJFKLB_102034,K.NNPVLIGE(+21.98)PGVGK.T,N,34.72,1314.6908,13,2.4,658.3542,2,59.11,8.41E5,4,16031,20170602_ETNP_NT02_01.raw,2,2,200,212,Sodium adduct,E8:Sodium adduct:30.64
5,1194,120mF_megahit_ILDJFKLB_102034,K.VTDEEIAEVIAR.W,Y,24.10,1343.6932,12,5.6,672.8577,2,79.80,2.69E4,4,21497,20170602_ETNP_NT02_01.raw,1,1,532,543,,
5,1194,120mF_megahit_ILDJFKLB_102034,N.PVLIGEPGVGK.T,N,18.74,1064.6229,11,2.6,533.3201,2,58.84,4.63E5,4,15954,20170602_ETNP_NT02_01.raw,1,1,202,212,,
5,1194,120mF_megahit_ILDJFKLB_102034,N.NPVLIGEPGVGK.T,N,18.30,1178.6659,12,3.4,590.3422,2,58.72,1.1E6,4,15921,20170602_ETNP_NT02_01.raw,1,1,201,212,,
5,231673,100mP_megahit_BKKBEGJO_145073,K.NNPVLIGEPGVGK.T,N,53.03,1292.7089,13,2.7,647.3635,2,59.39,1.34E8,4,16107,20170602_ETNP_NT02_01.raw,4,4,200,212,,
5,231673,100mP_megahit_BKKBEGJO_145073,K.N(+.98)NPVLIGEPGVGK.T,N,43.81,1293.6929,13,2.9,647.8556,2,60.94,4.24E5,4,16510,20170602_ETNP_NT02_01.raw,1,1,200,212,Deamidation (NQ),N1:Deamidation (NQ):0.00
5,231673,100mP_megahit_BKKBEGJO_145073,K.NNPVLIGE(+21.98)PGVGK.T,N,34.72,1314.6908,13,2.4,658.3542,2,59.11,8.41E5,4,16031,20170602_ETNP_NT02_01.raw,2,2,200,212,Sodium adduct,E8:Sodium adduct:30.64
5,231673,100mP_megahit_BKKBEGJO_145073,K.VTDEEIAEVIAR.W,Y,24.10,1343.6932,12,5.6,672.8577,2,79.80,2.69E4,4,21497,20170602_ETNP_NT02_01.raw,1,1,532,543,,
5,231673,100mP_megahit_BKKBEGJO_145073,N.PVLIGEPGVGK.T,N,18.74,1064.6229,11,2.6,533.3201,2,58.84,4.63E5,4,15954,20170602_ETNP_NT02_01.raw,1,1,202,212,,
5,231673,100mP_megahit_BKKBEGJO_145073,N.NPVLIGEPGVGK.T,N,18.30,1178.6659,12,3.4,590.3422,2,58.72,1.1E6,4,15921,20170602_ETNP_NT02_01.raw,1,1,201,212,,
5,1353,120mP_megahit_HKJGLMBE_120900,K.NNPVLIGEPGVGK.T,N,53.03,1292.7089,13,2.7,647.3635,2,59.39,1.34E8,4,16107,20170602_ETNP_NT02_01.raw,4,4,200,212,,
5,1353,120mP_megahit_HKJGLMBE_120900,K.N(+.98)NPVLIGEPGVGK.T,N,43.81,1293.6929,13,2.9,647.8556,2,60.94,4.24E5,4,16510,20170602_ETNP_NT02_01.raw,1,1,200,212,Deamidation (NQ),N1:Deamidation (NQ):0.00
5,1353,120mP_megahit_HKJGLMBE_120900,K.NNPVLIGE(+21.98)PGVGK.T,N,34.72,1314.6908,13,2.4,658.3542,2,59.11,8.41E5,4,16031,20170602_ETNP_NT02_01.raw,2,2,200,212,Sodium adduct,E8:Sodium adduct:30.64
5,1353,120mP_megahit_HKJGLMBE_120900,R.VTDEEIAEVLAR.W,Y,24.10,1343.6932,12,5.6,672.8577,2,79.80,2.69E4,4,21497,20170602_ETNP_NT02_01.raw,1,1,532,543,,
5,1353,120mP_megahit_HKJGLMBE_120900,N.PVLIGEPGVGK.T,N,18.74,1064.6229,11,2.6,533.3201,2,58.84,4.63E5,4,15954,20170602_ETNP_NT02_01.raw,1,1,202,212,,
5,1353,120mP_megahit_HKJGLMBE_120900,N.NPVLIGEPGVGK.T,N,18.30,1178.6659,12,3.4,590.3422,2,58.72,1.1E6,4,15921,20170602_ETNP_NT02_01.raw,1,1,201,212,,
5,231675,140m_megahit_KKMFCJLI_30947,K.NNPVLIGEPGVGK.T,N,53.03,1292.7089,13,2.7,647.3635,2,59.39,1.34E8,4,16107,20170602_ETNP_NT02_01.raw,4,4,200,212,,
5,231675,140m_megahit_KKMFCJLI_30947,K.N(+.98)NPVLIGEPGVGK.T,N,43.81,1293.6929,13,2.9,647.8556,2,60.94,4.24E5,4,16510,20170602_ETNP_NT02_01.raw,1,1,200,212,Deamidation (NQ),N1:Deamidation (NQ):0.00
5,231675,140m_megahit_KKMFCJLI_30947,K.NNPVLIGE(+21.98)PGVGK.T,N,34.72,1314.6908,13,2.4,658.3542,2,59.11,8.41E5,4,16031,20170602_ETNP_NT02_01.raw,2,2,200,212,Sodium adduct,E8:Sodium adduct:30.64
5,231675,140m_megahit_KKMFCJLI_30947,R.VTDEEIAEVLAR.W,Y,24.10,1343.6932,12,5.6,672.8577,2,79.80,2.69E4,4,21497,20170602_ETNP_NT02_01.raw,1,1,532,543,,
5,231675,140m_megahit_KKMFCJLI_30947,N.PVLIGEPGVGK.T,N,18.74,1064.6229,11,2.6,533.3201,2,58.84,4.63E5,4,15954,20170602_ETNP_NT02_01.raw,1,1,202,212,,
5,231675,140m_megahit_KKMFCJLI_30947,N.NPVLIGEPGVGK.T,N,18.30,1178.6659,12,3.4,590.3422,2,58.72,1.1E6,4,15921,20170602_ETNP_NT02_01.raw,1,1,201,212,,
5,1218,180m_megahit_DBICIOKE_96623,K.NNPVLIGEPGVGK.T,N,53.03,1292.7089,13,2.7,647.3635,2,59.39,1.34E8,4,16107,20170602_ETNP_NT02_01.raw,4,4,200,212,,
5,1218,180m_megahit_DBICIOKE_96623,K.N(+.98)NPVLIGEPGVGK.T,N,43.81,1293.6929,13,2.9,647.8556,2,60.94,4.24E5,4,16510,20170602_ETNP_NT02_01.raw,1,1,200,212,Deamidation (NQ),N1:Deamidation (NQ):0.00
5,1218,180m_megahit_DBICIOKE_96623,K.NNPVLIGE(+21.98)PGVGK.T,N,34.72,1314.6908,13,2.4,658.3542,2,59.11,8.41E5,4,16031,20170602_ETNP_NT02_01.raw,2,2,200,212,Sodium adduct,E8:Sodium adduct:30.64
5,1218,180m_megahit_DBICIOKE_96623,R.VTDEEIAEVLAR.W,Y,24.10,1343.6932,12,5.6,672.8577,2,79.80,2.69E4,4,21497,20170602_ETNP_NT02_01.raw,1,1,532,543,,
5,1218,180m_megahit_DBICIOKE_96623,N.PVLIGEPGVGK.T,N,18.74,1064.6229,11,2.6,533.3201,2,58.84,4.63E5,4,15954,20170602_ETNP_NT02_01.raw,1,1,202,212,,
5,1218,180m_megahit_DBICIOKE_96623,N.NPVLIGEPGVGK.T,N,18.30,1178.6659,12,3.4,590.3422,2,58.72,1.1E6,4,15921,20170602_ETNP_NT02_01.raw,1,1,201,212,,
5,1217,160m_megahit_NHJEOBNC_270582,K.NNPVLIGEPGVGK.T,N,53.03,1292.7089,13,2.7,647.3635,2,59.39,1.34E8,4,16107,20170602_ETNP_NT02_01.raw,4,4,200,212,,
5,1217,160m_megahit_NHJEOBNC_270582,K.N(+.98)NPVLIGEPGVGK.T,N,43.81,1293.6929,13,2.9,647.8556,2,60.94,4.24E5,4,16510,20170602_ETNP_NT02_01.raw,1,1,200,212,Deamidation (NQ),N1:Deamidation (NQ):0.00
5,1217,160m_megahit_NHJEOBNC_270582,K.NNPVLIGE(+21.98)PGVGK.T,N,34.72,1314.6908,13,2.4,658.3542,2,59.11,8.41E5,4,16031,20170602_ETNP_NT02_01.raw,2,2,200,212,Sodium adduct,E8:Sodium adduct:30.64
5,1217,160m_megahit_NHJEOBNC_270582,R.VTDEEIAEVLAR.W,Y,24.10,1343.6932,12,5.6,672.8577,2,79.80,2.69E4,4,21497,20170602_ETNP_NT02_01.raw,1,1,532,543,,
5,1217,160m_megahit_NHJEOBNC_270582,N.PVLIGEPGVGK.T,N,18.74,1064.6229,11,2.6,533.3201,2,58.84,4.63E5,4,15954,20170602_ETNP_NT02_01.raw,1,1,202,212,,
5,1217,160m_megahit_NHJEOBNC_270582,N.NPVLIGEPGVGK.T,N,18.30,1178.6659,12,3.4,590.3422,2,58.72,1.1E6,4,15921,20170602_ETNP_NT02_01.raw,1,1,201,212,,
5,231676,NP_300m_PROKKA_06052,K.NNPVLIGEPGVGK.T,N,53.03,1292.7089,13,2.7,647.3635,2,59.39,1.34E8,4,16107,20170602_ETNP_NT02_01.raw,4,4,200,212,,
5,231676,NP_300m_PROKKA_06052,K.N(+.98)NPVLIGEPGVGK.T,N,43.81,1293.6929,13,2.9,647.8556,2,60.94,4.24E5,4,16510,20170602_ETNP_NT02_01.raw,1,1,200,212,Deamidation (NQ),N1:Deamidation (NQ):0.00
5,231676,NP_300m_PROKKA_06052,K.NNPVLIGE(+21.98)PGVGK.T,N,34.72,1314.6908,13,2.4,658.3542,2,59.11,8.41E5,4,16031,20170602_ETNP_NT02_01.raw,2,2,200,212,Sodium adduct,E8:Sodium adduct:30.64
5,231676,NP_300m_PROKKA_06052,R.VTDEEIAEVLAR.W,Y,24.10,1343.6932,12,5.6,672.8577,2,79.80,2.69E4,4,21497,20170602_ETNP_NT02_01.raw,1,1,532,543,,
5,231676,NP_300m_PROKKA_06052,N.PVLIGEPGVGK.T,N,18.74,1064.6229,11,2.6,533.3201,2,58.84,4.63E5,4,15954,20170602_ETNP_NT02_01.raw,1,1,202,212,,
5,231676,NP_300m_PROKKA_06052,N.NPVLIGEPGVGK.T,N,18.30,1178.6659,12,3.4,590.3422,2,58.72,1.1E6,4,15921,20170602_ETNP_NT02_01.raw,1,1,201,212,,
7,530,100m_megahit_CLKLDGCM_82429,L.TEAPLNPK.A,N,32.08,868.4654,8,3.1,435.2413,2,31.52,4.59E6,4,8625,20170602_ETNP_NT02_01.raw,2,2,110,117,,
7,530,100m_megahit_CLKLDGCM_82429,K.C(+57.02)DIDLR.K,Y,30.43,790.3643,6,1.8,396.1902,2,43.25,4.05E5,4,11881,20170602_ETNP_NT02_01.raw,1,1,289,294,Carbamidomethylation,C1:Carbamidomethylation:1000.00
7,530,100m_megahit_CLKLDGCM_82429,L.TEAPLNPKAN.R,N,25.15,1053.5454,10,2.5,527.7813,2,33.21,6E6,4,9121,20170602_ETNP_NT02_01.raw,1,1,110,119,,
7,530,100m_megahit_CLKLDGCM_82429,L.VLDSGDGVTH.A,Y,22.88,998.4669,10,3.0,500.2422,2,32.88,3.29E6,4,9026,20170602_ETNP_NT02_01.raw,1,1,156,165,,
7,530,100m_megahit_CLKLDGCM_82429,I.APEEHPV.L,N,19.42,777.3657,7,2.2,389.6909,2,25.97,2.65E5,4,6950,20170602_ETNP_NT02_01.raw,1,1,101,107,,
7,530,100m_megahit_CLKLDGCM_82429,T.EAPLNPK.A,N,18.21,767.4177,7,1.2,384.7166,2,27.62,2.05E6,4,7442,20170602_ETNP_NT02_01.raw,1,1,111,117,,
7,530,100m_megahit_CLKLDGCM_82429,V.LLTEAPLNPK.A,N,15.64,1094.6335,10,5.0,548.3268,2,53.80,1.63E5,4,14653,20170602_ETNP_NT02_01.raw,1,1,108,117,,
7,529,ETNP14_120maa_PROKKA_78369,L.TEAPLNPK.A,N,32.08,868.4654,8,3.1,435.2413,2,31.52,4.59E6,4,8625,20170602_ETNP_NT02_01.raw,2,2,110,117,,
7,529,ETNP14_120maa_PROKKA_78369,K.C(+57.02)DIDLR.K,Y,30.43,790.3643,6,1.8,396.1902,2,43.25,4.05E5,4,11881,20170602_ETNP_NT02_01.raw,1,1,289,294,Carbamidomethylation,C1:Carbamidomethylation:1000.00
7,529,ETNP14_120maa_PROKKA_78369,L.TEAPLNPKAN.R,N,25.15,1053.5454,10,2.5,527.7813,2,33.21,6E6,4,9121,20170602_ETNP_NT02_01.raw,1,1,110,119,,
7,529,ETNP14_120maa_PROKKA_78369,L.VLDSGDGVTH.A,Y,22.88,998.4669,10,3.0,500.2422,2,32.88,3.29E6,4,9026,20170602_ETNP_NT02_01.raw,1,1,156,165,,
7,529,ETNP14_120maa_PROKKA_78369,I.APEEHPV.L,N,19.42,777.3657,7,2.2,389.6909,2,25.97,2.65E5,4,6950,20170602_ETNP_NT02_01.raw,1,1,101,107,,
7,529,ETNP14_120maa_PROKKA_78369,T.EAPLNPK.A,N,18.21,767.4177,7,1.2,384.7166,2,27.62,2.05E6,4,7442,20170602_ETNP_NT02_01.raw,1,1,111,117,,
7,529,ETNP14_120maa_PROKKA_78369,V.LLTEAPLNPK.A,N,15.64,1094.6335,10,5.0,548.3268,2,53.80,1.63E5,4,14653,20170602_ETNP_NT02_01.raw,1,1,108,117,,
9,8,100mP_megahit_BKKBEGJO_100210,R.DAVTYTEH.A,Y,32.18,934.4032,8,1.9,468.2097,2,32.75,1.8E5,4,8984,20170602_ETNP_NT02_01.raw,1,1,69,76,,
9,8,100mP_megahit_BKKBEGJO_100210,L.IYEETR.G,Y,25.77,809.3919,6,2.2,405.7041,2,26.35,4.67E5,4,7065,20170602_ETNP_NT02_01.raw,1,1,51,56,,
9,8,100mP_megahit_BKKBEGJO_100210,M.DVVYALK.R,Y,22.00,806.4538,7,3.8,404.2357,2,55.03,4.71E5,4,14961,20170602_ETNP_NT02_01.raw,1,1,86,92,,
9,8,100mP_megahit_BKKBEGJO_100210,I.SGLIYEETR.G,Y,17.60,1066.5294,9,-0.1,534.2719,2,52.78,2.86E5,4,14382,20170602_ETNP_NT02_01.raw,1,1,48,56,,
9,8,100mP_megahit_BKKBEGJO_100210,R.DNIQGITK.P,Y,16.65,887.4713,8,3.6,444.7445,2,37.27,5.11E5,4,10251,20170602_ETNP_NT02_01.raw,1,1,25,32,,
9,7,70m_MEGAHIT_CJDMCFAD_13701,R.DAVTYTEH.A,Y,32.18,934.4032,8,1.9,468.2097,2,32.75,1.8E5,4,8984,20170602_ETNP_NT02_01.raw,1,1,69,76,,
9,7,70m_MEGAHIT_CJDMCFAD_13701,L.IYEETR.G,Y,25.77,809.3919,6,2.2,405.7041,2,26.35,4.67E5,4,7065,20170602_ETNP_NT02_01.raw,1,1,51,56,,
9,7,70m_MEGAHIT_CJDMCFAD_13701,M.DVVYALK.R,Y,22.00,806.4538,7,3.8,404.2357,2,55.03,4.71E5,4,14961,20170602_ETNP_NT02_01.raw,1,1,86,92,,
9,7,70m_MEGAHIT_CJDMCFAD_13701,I.SGLIYEETR.G,Y,17.60,1066.5294,9,-0.1,534.2719,2,52.78,2.86E5,4,14382,20170602_ETNP_NT02_01.raw,1,1,48,56,,
9,7,70m_MEGAHIT_CJDMCFAD_13701,R.DNIQGITK.P,Y,16.65,887.4713,8,3.6,444.7445,2,37.27,5.11E5,4,10251,20170602_ETNP_NT02_01.raw,1,1,25,32,,
9,9,ETNP_120m_particle_PROKKA_44959,R.DAVTYTEH.A,Y,32.18,934.4032,8,1.9,468.2097,2,32.75,1.8E5,4,8984,20170602_ETNP_NT02_01.raw,1,1,69,76,,
9,9,ETNP_120m_particle_PROKKA_44959,L.IYEETR.G,Y,25.77,809.3919,6,2.2,405.7041,2,26.35,4.67E5,4,7065,20170602_ETNP_NT02_01.raw,1,1,51,56,,
9,9,ETNP_120m_particle_PROKKA_44959,M.DVVYALK.R,Y,22.00,806.4538,7,3.8,404.2357,2,55.03,4.71E5,4,14961,20170602_ETNP_NT02_01.raw,1,1,86,92,,
9,9,ETNP_120m_particle_PROKKA_44959,I.SGLIYEETR.G,Y,17.60,1066.5294,9,-0.1,534.2719,2,52.78,2.86E5,4,14382,20170602_ETNP_NT02_01.raw,1,1,48,56,,
9,9,ETNP_120m_particle_PROKKA_44959,R.DNIQGITK.P,Y,16.65,887.4713,8,3.6,444.7445,2,37.27,5.11E5,4,10251,20170602_ETNP_NT02_01.raw,1,1,25,32,,
9,10,ETNP_70m_PROKKA_144910,R.DAVTYTEH.A,Y,32.18,934.4032,8,1.9,468.2097,2,32.75,1.8E5,4,8984,20170602_ETNP_NT02_01.raw,1,1,69,76,,
9,10,ETNP_70m_PROKKA_144910,L.IYEETR.G,Y,25.77,809.3919,6,2.2,405.7041,2,26.35,4.67E5,4,7065,20170602_ETNP_NT02_01.raw,1,1,51,56,,
9,10,ETNP_70m_PROKKA_144910,M.DVVYALK.R,Y,22.00,806.4538,7,3.8,404.2357,2,55.03,4.71E5,4,14961,20170602_ETNP_NT02_01.raw,1,1,86,92,,
9,10,ETNP_70m_PROKKA_144910,I.SGLIYEETR.G,Y,17.60,1066.5294,9,-0.1,534.2719,2,52.78,2.86E5,4,14382,20170602_ETNP_NT02_01.raw,1,1,48,56,,
9,10,ETNP_70m_PROKKA_144910,R.DNIQGITK.P,Y,16.65,887.4713,8,3.6,444.7445,2,37.27,5.11E5,4,10251,20170602_ETNP_NT02_01.raw,1,1,25,32,,
9,12,70m_MEGAHIT_CJDMCFAD_20758,R.DAVTYTEH.A,Y,32.18,934.4032,8,1.9,468.2097,2,32.75,1.8E5,4,8984,20170602_ETNP_NT02_01.raw,1,1,69,76,,
9,12,70m_MEGAHIT_CJDMCFAD_20758,L.IYEETR.G,Y,25.77,809.3919,6,2.2,405.7041,2,26.35,4.67E5,4,7065,20170602_ETNP_NT02_01.raw,1,1,51,56,,
9,12,70m_MEGAHIT_CJDMCFAD_20758,M.DVVYALK.R,Y,22.00,806.4538,7,3.8,404.2357,2,55.03,4.71E5,4,14961,20170602_ETNP_NT02_01.raw,1,1,86,92,,
9,12,70m_MEGAHIT_CJDMCFAD_20758,I.SGLIYEETR.G,Y,17.60,1066.5294,9,-0.1,534.2719,2,52.78,2.86E5,4,14382,20170602_ETNP_NT02_01.raw,1,1,48,56,,
9,12,70m_MEGAHIT_CJDMCFAD_20758,R.DNIQGITK.P,Y,16.65,887.4713,8,3.6,444.7445,2,37.27,5.11E5,4,10251,20170602_ETNP_NT02_01.raw,1,1,25,32,,
9,11,90m_Megahit_DAALLOGA_166040,R.DAVTYTEH.A,Y,32.18,934.4032,8,1.9,468.2097,2,32.75,1.8E5,4,8984,20170602_ETNP_NT02_01.raw,1,1,198,205,,
9,11,90m_Megahit_DAALLOGA_166040,L.IYEETR.G,Y,25.77,809.3919,6,2.2,405.7041,2,26.35,4.67E5,4,7065,20170602_ETNP_NT02_01.raw,1,1,180,185,,
9,11,90m_Megahit_DAALLOGA_166040,M.DVVYALK.R,Y,22.00,806.4538,7,3.8,404.2357,2,55.03,4.71E5,4,14961,20170602_ETNP_NT02_01.raw,1,1,215,221,,
9,11,90m_Megahit_DAALLOGA_166040,I.SGLIYEETR.G,Y,17.60,1066.5294,9,-0.1,534.2719,2,52.78,2.86E5,4,14382,20170602_ETNP_NT02_01.raw,1,1,177,185,,
9,11,90m_Megahit_DAALLOGA_166040,R.DNIQGITK.P,Y,16.65,887.4713,8,3.6,444.7445,2,37.27,5.11E5,4,10251,20170602_ETNP_NT02_01.raw,1,1,154,161,,
12,656,120m_megahit_CMKFGOPF_249067,Q.LVGDDLTVTNPK.R,Y,48.64,1270.6769,12,3.1,636.3477,2,53.39,5.87E5,4,14543,20170602_ETNP_NT02_01.raw,1,1,310,321,,
12,656,120m_megahit_CMKFGOPF_249067,V.GDDLTVTNPK.R,Y,21.26,1058.5244,10,1.5,530.2703,2,39.48,5.13E5,4,10869,20170602_ETNP_NT02_01.raw,1,1,312,321,,
12,674,120m_megahit_CMKFGOPF_254246,Q.LVGDDLTVTNPK.R,Y,48.64,1270.6769,12,3.1,636.3477,2,53.39,5.87E5,4,14543,20170602_ETNP_NT02_01.raw,1,1,54,65,,
12,674,120m_megahit_CMKFGOPF_254246,V.GDDLTVTNPK.R,Y,21.26,1058.5244,10,1.5,530.2703,2,39.48,5.13E5,4,10869,20170602_ETNP_NT02_01.raw,1,1,56,65,,
12,1329,ETNP14_68mB_PROKKA_170417,Q.IVGDDLTVTNPK.L,Y,48.64,1270.6769,12,3.1,636.3477,2,53.39,5.87E5,4,14543,20170602_ETNP_NT02_01.raw,1,1,3,14,,
12,1329,ETNP14_68mB_PROKKA_170417,V.GDDLTVTNPK.L,Y,21.26,1058.5244,10,1.5,530.2703,2,39.48,5.13E5,4,10869,20170602_ETNP_NT02_01.raw,1,1,5,14,,
12,1471,ETNP14_120maa_PROKKA_104180,Q.IVGDDLTVTNPK.K,Y,48.64,1270.6769,12,3.1,636.3477,2,53.39,5.87E5,4,14543,20170602_ETNP_NT02_01.raw,1,1,311,322,,
12,1471,ETNP14_120maa_PROKKA_104180,V.GDDLTVTNPK.K,Y,21.26,1058.5244,10,1.5,530.2703,2,39.48,5.13E5,4,10869,20170602_ETNP_NT02_01.raw,1,1,313,322,,
12,677,NP_125m_PROKKA_19814,Q.LVGDDLTVTNPK.R,Y,48.64,1270.6769,12,3.1,636.3477,2,53.39,5.87E5,4,14543,20170602_ETNP_NT02_01.raw,1,1,11,22,,
12,677,NP_125m_PROKKA_19814,V.GDDLTVTNPK.R,Y,21.26,1058.5244,10,1.5,530.2703,2,39.48,5.13E5,4,10869,20170602_ETNP_NT02_01.raw,1,1,13,22,,
12,681,ETNP_120m_particle_PROKKA_227993,Q.LVGDDLTVTNPK.R,Y,48.64,1270.6769,12,3.1,636.3477,2,53.39,5.87E5,4,14543,20170602_ETNP_NT02_01.raw,1,1,42,53,,
12,681,ETNP_120m_particle_PROKKA_227993,V.GDDLTVTNPK.R,Y,21.26,1058.5244,10,1.5,530.2703,2,39.48,5.13E5,4,10869,20170602_ETNP_NT02_01.raw,1,1,44,53,,
12,661,180m_megahit_DBICIOKE_100852,Q.LVGDDLTVTNPK.R,Y,48.64,1270.6769,12,3.1,636.3477,2,53.39,5.87E5,4,14543,20170602_ETNP_NT02_01.raw,1,1,69,80,,
12,661,180m_megahit_DBICIOKE_100852,V.GDDLTVTNPK.R,Y,21.26,1058.5244,10,1.5,530.2703,2,39.48,5.13E5,4,10869,20170602_ETNP_NT02_01.raw,1,1,71,80,,
12,668,ETNP_140m_PROKKA_35138,Q.LVGDDLTVTNPK.R,Y,48.64,1270.6769,12,3.1,636.3477,2,53.39,5.87E5,4,14543,20170602_ETNP_NT02_01.raw,1,1,131,142,,
12,668,ETNP_140m_PROKKA_35138,V.GDDLTVTNPK.R,Y,21.26,1058.5244,10,1.5,530.2703,2,39.48,5.13E5,4,10869,20170602_ETNP_NT02_01.raw,1,1,133,142,,
12,670,ETNP_120m_free_PROKKA_224805,Q.LVGDDLTVTNPK.R,Y,48.64,1270.6769,12,3.1,636.3477,2,53.39,5.87E5,4,14543,20170602_ETNP_NT02_01.raw,1,1,131,142,,
12,670,ETNP_120m_free_PROKKA_224805,V.GDDLTVTNPK.R,Y,21.26,1058.5244,10,1.5,530.2703,2,39.48,5.13E5,4,10869,20170602_ETNP_NT02_01.raw,1,1,133,142,,
12,669,ETNP_160m_PROKKA_197262,Q.LVGDDLTVTNPK.R,Y,48.64,1270.6769,12,3.1,636.3477,2,53.39,5.87E5,4,14543,20170602_ETNP_NT02_01.raw,1,1,131,142,,
12,669,ETNP_160m_PROKKA_197262,V.GDDLTVTNPK.R,Y,21.26,1058.5244,10,1.5,530.2703,2,39.48,5.13E5,4,10869,20170602_ETNP_NT02_01.raw,1,1,133,142,,
12,683,140m_megahit_KKMFCJLI_147993,Q.LVGDDLTVTNPK.R,Y,48.64,1270.6769,12,3.1,636.3477,2,53.39,5.87E5,4,14543,20170602_ETNP_NT02_01.raw,1,1,146,157,,
12,683,140m_megahit_KKMFCJLI_147993,V.GDDLTVTNPK.R,Y,21.26,1058.5244,10,1.5,530.2703,2,39.48,5.13E5,4,10869,20170602_ETNP_NT02_01.raw,1,1,148,157,,
12,675,110m_megahit_JNNKCNHH_32164,Q.LVGDDLTVTNPK.R,Y,48.64,1270.6769,12,3.1,636.3477,2,53.39,5.87E5,4,14543,20170602_ETNP_NT02_01.raw,1,1,196,207,,
12,675,110m_megahit_JNNKCNHH_32164,V.GDDLTVTNPK.R,Y,21.26,1058.5244,10,1.5,530.2703,2,39.48,5.13E5,4,10869,20170602_ETNP_NT02_01.raw,1,1,198,207,,
12,657,120mP_megahit_HKJGLMBE_250498,Q.LVGDDLTVTNPK.R,Y,48.64,1270.6769,12,3.1,636.3477,2,53.39,5.87E5,4,14543,20170602_ETNP_NT02_01.raw,1,1,230,241,,
12,657,120mP_megahit_HKJGLMBE_250498,V.GDDLTVTNPK.R,Y,21.26,1058.5244,10,1.5,530.2703,2,39.48,5.13E5,4,10869,20170602_ETNP_NT02_01.raw,1,1,232,241,,
12,673,ETNP_110m_PROKKA_00766,Q.LVGDDLTVTNPK.R,Y,48.64,1270.6769,12,3.1,636.3477,2,53.39,5.87E5,4,14543,20170602_ETNP_NT02_01.raw,1,1,230,241,,
12,673,ETNP_110m_PROKKA_00766,V.GDDLTVTNPK.R,Y,21.26,1058.5244,10,1.5,530.2703,2,39.48,5.13E5,4,10869,20170602_ETNP_NT02_01.raw,1,1,232,241,,
12,672,ETNP14_120maa_PROKKA_167483,Q.LVGDDLTVTNPK.R,Y,48.64,1270.6769,12,3.1,636.3477,2,53.39,5.87E5,4,14543,20170602_ETNP_NT02_01.raw,1,1,230,241,,
12,672,ETNP14_120maa_PROKKA_167483,V.GDDLTVTNPK.R,Y,21.26,1058.5244,10,1.5,530.2703,2,39.48,5.13E5,4,10869,20170602_ETNP_NT02_01.raw,1,1,232,241,,
12,658,120mF_megahit_EODJEIIO_206238,Q.LVGDDLTVTNPK.R,Y,48.64,1270.6769,12,3.1,636.3477,2,53.39,5.87E5,4,14543,20170602_ETNP_NT02_01.raw,1,1,290,301,,
12,658,120mF_megahit_EODJEIIO_206238,V.GDDLTVTNPK.R,Y,21.26,1058.5244,10,1.5,530.2703,2,39.48,5.13E5,4,10869,20170602_ETNP_NT02_01.raw,1,1,292,301,,
12,660,180m_megahit_DBICIOKE_224928,Q.LVGDDLTVTNPK.R,Y,48.64,1270.6769,12,3.1,636.3477,2,53.39,5.87E5,4,14543,20170602_ETNP_NT02_01.raw,1,1,310,321,,
12,660,180m_megahit_DBICIOKE_224928,V.GDDLTVTNPK.R,Y,21.26,1058.5244,10,1.5,530.2703,2,39.48,5.13E5,4,10869,20170602_ETNP_NT02_01.raw,1,1,312,321,,
12,659,ETNP_120m_PROKKA_188461,Q.LVGDDLTVTNPK.R,Y,48.64,1270.6769,12,3.1,636.3477,2,53.39,5.87E5,4,14543,20170602_ETNP_NT02_01.raw,1,1,310,321,,
12,659,ETNP_120m_PROKKA_188461,V.GDDLTVTNPK.R,Y,21.26,1058.5244,10,1.5,530.2703,2,39.48,5.13E5,4,10869,20170602_ETNP_NT02_01.raw,1,1,312,321,,
12,662,120m_megahit_CMKFGOPF_52718,Q.LVGDDLTVTNPK.R,Y,48.64,1270.6769,12,3.1,636.3477,2,53.39,5.87E5,4,14543,20170602_ETNP_NT02_01.raw,1,1,310,321,,
12,662,120m_megahit_CMKFGOPF_52718,V.GDDLTVTNPK.R,Y,21.26,1058.5244,10,1.5,530.2703,2,39.48,5.13E5,4,10869,20170602_ETNP_NT02_01.raw,1,1,312,321,,
12,667,160m_megahit_NHJEOBNC_55507,Q.LVGDDLTVTNPK.R,Y,48.64,1270.6769,12,3.1,636.3477,2,53.39,5.87E5,4,14543,20170602_ETNP_NT02_01.raw,1,1,310,321,,
12,667,160m_megahit_NHJEOBNC_55507,V.GDDLTVTNPK.R,Y,21.26,1058.5244,10,1.5,530.2703,2,39.48,5.13E5,4,10869,20170602_ETNP_NT02_01.raw,1,1,312,321,,
12,666,ETNP_180m_PROKKA_165718,Q.LVGDDLTVTNPK.R,Y,48.64,1270.6769,12,3.1,636.3477,2,53.39,5.87E5,4,14543,20170602_ETNP_NT02_01.raw,1,1,310,321,,
12,666,ETNP_180m_PROKKA_165718,V.GDDLTVTNPK.R,Y,21.26,1058.5244,10,1.5,530.2703,2,39.48,5.13E5,4,10869,20170602_ETNP_NT02_01.raw,1,1,312,321,,
12,647,ETNP14_120mab_PROKKA_146803,Q.IVGDDLTVTNPK.R,Y,48.64,1270.6769,12,3.1,636.3477,2,53.39,5.87E5,4,14543,20170602_ETNP_NT02_01.raw,1,1,42,53,,
12,647,ETNP14_120mab_PROKKA_146803,V.GDDLTVTNPK.R,Y,21.26,1058.5244,10,1.5,530.2703,2,39.48,5.13E5,4,10869,20170602_ETNP_NT02_01.raw,1,1,44,53,,
10,1442,120mP_megahit_HKJGLMBE_21865,K.ESADNIQLRD,Y,38.30,1159.5469,10,2.6,580.7822,2,46.91,1.42E5,4,12847,20170602_ETNP_NT02_01.raw,1,1,60,69,,
10,1442,120mP_megahit_HKJGLMBE_21865,E.SADNIQLRD,Y,23.20,1030.5043,9,2.6,516.2607,2,44.53,4.72E5,4,12208,20170602_ETNP_NT02_01.raw,1,1,61,69,,
10,1442,120mP_megahit_HKJGLMBE_21865,S.ADNIQLRD,Y,20.23,943.4723,8,2.0,472.7444,2,43.19,2.9E5,4,11867,20170602_ETNP_NT02_01.raw,1,1,62,69,,
26,73,70m_MEGAHIT_CJDMCFAD_128028,K.AVDSLVPIGR.G,Y,37.04,1025.5869,10,2.5,513.8020,2,65.63,8.57E4,4,17778,20170602_ETNP_NT02_01.raw,1,1,152,161,,
26,73,70m_MEGAHIT_CJDMCFAD_128028,L.IIYDDLSK.Q,Y,16.75,965.5070,8,3.8,483.7626,2,54.22,4.77E4,4,14757,20170602_ETNP_NT02_01.raw,1,1,266,273,,
18,38,90m_Megahit_DAALLOGA_112022,K.IIAPPER.K,Y,26.17,794.4650,7,3.3,398.2411,2,39.78,1.8E6,4,10954,20170602_ETNP_NT02_01.raw,1,1,141,147,,
18,38,90m_Megahit_DAALLOGA_112022,Q.EYDESGPSIVH.R,N,16.70,1231.5356,11,2.7,616.7767,2,47.51,1.09E5,4,13016,20170602_ETNP_NT02_01.raw,1,1,173,183,,
18,38,90m_Megahit_DAALLOGA_112022,Q.VITIGNER.F,N,16.00,900.5029,8,2.4,451.2598,2,44.74,3.73E5,4,12264,20170602_ETNP_NT02_01.raw,1,1,59,66,,
18,240556,180m_megahit_DBICIOKE_191510,G.ILAPPER.R,Y,26.17,794.4650,7,3.3,398.2411,2,39.78,1.8E6,4,10954,20170602_ETNP_NT02_01.raw,1,1,33,39,,
18,240608,ETNP_160m_PROKKA_49177,R.LIAPPER.Q,Y,26.17,794.4650,7,3.3,398.2411,2,39.78,1.8E6,4,10954,20170602_ETNP_NT02_01.raw,1,1,54,60,,
18,231737,120mF_megahit_EODJEIIO_66682,V.LLAPPER.V,Y,26.17,794.4650,7,3.3,398.2411,2,39.78,1.8E6,4,10954,20170602_ETNP_NT02_01.raw,1,1,89,95,,
18,231738,120m_megahit_CMKFGOPF_17093,D.LLAPPER.H,Y,26.17,794.4650,7,3.3,398.2411,2,39.78,1.8E6,4,10954,20170602_ETNP_NT02_01.raw,1,1,71,77,,
18,231703,120mF_megahit_ILDJFKLB_140978,F.IIAPPER.S,Y,26.17,794.4650,7,3.3,398.2411,2,39.78,1.8E6,4,10954,20170602_ETNP_NT02_01.raw,1,1,248,254,,
18,240620,160m_megahit_NHJEOBNC_215538,V.LLAPPER.L,Y,26.17,794.4650,7,3.3,398.2411,2,39.78,1.8E6,4,10954,20170602_ETNP_NT02_01.raw,1,1,121,127,,
33,240513,100mP_megahit_BKKBEGJO_58905,W.TVIHYIR.K,Y,36.34,900.5181,7,3.2,451.2678,2,32.60,5.93E5,4,8942,20170602_ETNP_NT02_01.raw,2,2,64,70,,
33,240514,ETNP_100m_particle_PROKKA_122275,W.TVIHYIR.K,Y,36.34,900.5181,7,3.2,451.2678,2,32.60,5.93E5,4,8942,20170602_ETNP_NT02_01.raw,2,2,177,183,,
28,240545,100mP_megahit_BKKBEGJO_167039,R.SLGVAFAEEAR.A,Y,26.14,1148.5825,11,11.2,575.3050,2,35.94,0,4,9874,20170602_ETNP_NT02_01.raw,1,1,3,13,,
28,240545,100mP_megahit_BKKBEGJO_167039,L.AGDDAAPR.G,Y,19.37,771.3511,8,2.7,386.6839,2,20.27,2.44E5,4,5237,20170602_ETNP_NT02_01.raw,1,1,130,137,,
23,240548,ETNP14_120mac_PROKKA_13911,K.NAEITIK.K,Y,23.12,787.4440,7,2.3,394.7302,2,22.72,2.04E4,4,5950,20170602_ETNP_NT02_01.raw,1,1,83,89,,
23,240548,ETNP14_120mac_PROKKA_13911,K.TAAELSEK.H,Y,19.04,847.4287,8,-0.1,424.7216,2,23.71,9.1E3,4,6241,20170602_ETNP_NT02_01.raw,2,2,32,39,,
23,240549,ETNP14_120mab_PROKKA_97841,K.NAEITIK.K,Y,23.12,787.4440,7,2.3,394.7302,2,22.72,2.04E4,4,5950,20170602_ETNP_NT02_01.raw,1,1,92,98,,
23,240549,ETNP14_120mab_PROKKA_97841,K.TAAELSEK.H,Y,19.04,847.4287,8,-0.1,424.7216,2,23.71,9.1E3,4,6241,20170602_ETNP_NT02_01.raw,2,2,41,48,,
23,240643,120mF_megahit_EODJEIIO_146808,H.NAEITLK.F,Y,23.12,787.4440,7,2.3,394.7302,2,22.72,2.04E4,4,5950,20170602_ETNP_NT02_01.raw,1,1,110,116,,
23,240644,100m_megahit_CLKLDGCM_15524,H.NAEITLK.F,Y,23.12,787.4440,7,2.3,394.7302,2,22.72,2.04E4,4,5950,20170602_ETNP_NT02_01.raw,1,1,114,120,,
23,240645,ETNP_110m_PROKKA_39883,H.NAEITLK.F,Y,23.12,787.4440,7,2.3,394.7302,2,22.72,2.04E4,4,5950,20170602_ETNP_NT02_01.raw,1,1,114,120,,
23,240646,ETNP14_68mB_PROKKA_114815,H.NAEITLK.F,Y,23.12,787.4440,7,2.3,394.7302,2,22.72,2.04E4,4,5950,20170602_ETNP_NT02_01.raw,1,1,114,120,,
23,240647,ETNP14_68mB_PROKKA_90761,L.NAELTLK.E,Y,23.12,787.4440,7,2.3,394.7302,2,22.72,2.04E4,4,5950,20170602_ETNP_NT02_01.raw,1,1,184,190,,
23,240649,ETNP14_68maa_PROKKA_69027,L.NAELTLK.E,Y,23.12,787.4440,7,2.3,394.7302,2,22.72,2.04E4,4,5950,20170602_ETNP_NT02_01.raw,1,1,234,240,,
23,240650,70m_MEGAHIT_CJDMCFAD_101817,D.NAELTLK.S,Y,23.12,787.4440,7,2.3,394.7302,2,22.72,2.04E4,4,5950,20170602_ETNP_NT02_01.raw,1,1,242,248,,
23,240660,110m_megahit_JNNKCNHH_37282,H.NAEITLK.L,Y,23.12,787.4440,7,2.3,394.7302,2,22.72,2.04E4,4,5950,20170602_ETNP_NT02_01.raw,1,1,130,136,,
23,240664,120m_megahit_CMKFGOPF_104116,A.NAELTIK.A,Y,23.12,787.4440,7,2.3,394.7302,2,22.72,2.04E4,4,5950,20170602_ETNP_NT02_01.raw,1,1,186,192,,
23,240665,160m_megahit_NHJEOBNC_34261,A.NAELTIK.A,Y,23.12,787.4440,7,2.3,394.7302,2,22.72,2.04E4,4,5950,20170602_ETNP_NT02_01.raw,1,1,186,192,,
51,3579,ETNP_120m_PROKKA_50096,Q.NNPVLILYYK.I,Y,32.35,1235.6914,10,-1.5,618.8521,2,59.11,1.74E6,4,16030,20170602_ETNP_NT02_01.raw,1,1,33,42,,
20,4773,90m_Megahit_DAALLOGA_239743,R.LNIHFK.V,Y,22.95,770.4439,6,-3.0,386.2281,2,25.39,1.24E5,4,6762,20170602_ETNP_NT02_01.raw,1,1,142,147,,
20,4773,90m_Megahit_DAALLOGA_239743,R.IEKMIQNK.F,Y,17.56,1002.5532,8,8.9,502.2883,2,48.10,0,4,13167,20170602_ETNP_NT02_01.raw,2,2,98,105,,
52,240517,ETNP_180m_PROKKA_154397,K.YPGIADR.Y,Y,31.55,790.3973,7,2.0,396.2067,2,42.41,3.4E5,4,11663,20170602_ETNP_NT02_01.raw,1,1,161,167,,
52,240518,160m_megahit_NHJEOBNC_56058,K.YPGIADR.Y,Y,31.55,790.3973,7,2.0,396.2067,2,42.41,3.4E5,4,11663,20170602_ETNP_NT02_01.raw,1,1,161,167,,
52,240519,180m_megahit_DBICIOKE_154401,K.YPGIADR.Y,Y,31.55,790.3973,7,2.0,396.2067,2,42.41,3.4E5,4,11663,20170602_ETNP_NT02_01.raw,1,1,213,219,,
52,240522,ETNP_120m_PROKKA_309955,K.YPGIADR.Y,Y,31.55,790.3973,7,2.0,396.2067,2,42.41,3.4E5,4,11663,20170602_ETNP_NT02_01.raw,1,1,559,565,,
52,240523,120m_megahit_CMKFGOPF_119430,K.YPGIADR.Y,Y,31.55,790.3973,7,2.0,396.2067,2,42.41,3.4E5,4,11663,20170602_ETNP_NT02_01.raw,1,1,600,606,,
19,403,ETNP_150m_particle_PROKKA_25917,L.ELAGNAARDNK.K,Y,22.43,1157.5789,11,1.3,386.8674,3,19.98,4.4E4,4,5161,20170602_ETNP_NT02_01.raw,2,2,16,26,,
19,403,ETNP_150m_particle_PROKKA_25917,R.NDEELNKL.L,Y,18.08,973.4716,8,1.9,487.7440,2,50.71,3.56E5,4,13840,20170602_ETNP_NT02_01.raw,1,1,41,48,,
19,28,ETNP_60m_PROKKA_16910,L.ELAGNAARDNK.K,Y,22.43,1157.5789,11,1.3,386.8674,3,19.98,4.4E4,4,5161,20170602_ETNP_NT02_01.raw,2,2,64,74,,
19,28,ETNP_60m_PROKKA_16910,R.NDEELNKL.L,Y,18.08,973.4716,8,1.9,487.7440,2,50.71,3.56E5,4,13840,20170602_ETNP_NT02_01.raw,1,1,89,96,,
19,201,70m_MEGAHIT_CJDMCFAD_125811,L.ELAGNAARDNK.K,Y,22.43,1157.5789,11,1.3,386.8674,3,19.98,4.4E4,4,5161,20170602_ETNP_NT02_01.raw,2,2,64,74,,
19,201,70m_MEGAHIT_CJDMCFAD_125811,R.NDEELNKL.L,Y,18.08,973.4716,8,1.9,487.7440,2,50.71,3.56E5,4,13840,20170602_ETNP_NT02_01.raw,1,1,89,96,,
19,164,70m_MEGAHIT_CJDMCFAD_64581,L.ELAGNAARDNK.K,Y,22.43,1157.5789,11,1.3,386.8674,3,19.98,4.4E4,4,5161,20170602_ETNP_NT02_01.raw,2,2,64,74,,
19,164,70m_MEGAHIT_CJDMCFAD_64581,R.NDEELNKL.L,Y,18.08,973.4716,8,1.9,487.7440,2,50.71,3.56E5,4,13840,20170602_ETNP_NT02_01.raw,1,1,89,96,,
19,64,100mP_megahit_BKKBEGJO_100205,L.ELAGNAARDNK.K,Y,22.43,1157.5789,11,1.3,386.8674,3,19.98,4.4E4,4,5161,20170602_ETNP_NT02_01.raw,2,2,64,74,,
19,64,100mP_megahit_BKKBEGJO_100205,R.NDEELNKL.L,Y,18.08,973.4716,8,1.9,487.7440,2,50.71,3.56E5,4,13840,20170602_ETNP_NT02_01.raw,1,1,89,96,,
19,637,90m_Megahit_DAALLOGA_236217,L.ELAGNAARDNK.K,Y,22.43,1157.5789,11,1.3,386.8674,3,19.98,4.4E4,4,5161,20170602_ETNP_NT02_01.raw,2,2,38,48,,
19,637,90m_Megahit_DAALLOGA_236217,R.NDEELNKL.L,Y,18.08,973.4716,8,1.9,487.7440,2,50.71,3.56E5,4,13840,20170602_ETNP_NT02_01.raw,1,1,63,70,,
19,14,70m_MEGAHIT_CJDMCFAD_44047,L.ELAGNAARDNK.K,Y,22.43,1157.5789,11,1.3,386.8674,3,19.98,4.4E4,4,5161,20170602_ETNP_NT02_01.raw,2,2,64,74,,
19,14,70m_MEGAHIT_CJDMCFAD_44047,R.NDEELNKL.L,Y,18.08,973.4716,8,1.9,487.7440,2,50.71,3.56E5,4,13840,20170602_ETNP_NT02_01.raw,1,1,89,96,,
19,869,ETNP_70m_PROKKA_47584,V.ELAGNAARDNK.R,Y,22.43,1157.5789,11,1.3,386.8674,3,19.98,4.4E4,4,5161,20170602_ETNP_NT02_01.raw,2,2,82,92,,
19,618,70m_MEGAHIT_CJDMCFAD_199009,L.ELAGNAARDNK.K,Y,22.43,1157.5789,11,1.3,386.8674,3,19.98,4.4E4,4,5161,20170602_ETNP_NT02_01.raw,2,2,68,78,,
19,618,70m_MEGAHIT_CJDMCFAD_199009,R.NDEELNKL.L,Y,18.08,973.4716,8,1.9,487.7440,2,50.71,3.56E5,4,13840,20170602_ETNP_NT02_01.raw,1,1,93,100,,
19,752,70m_MEGAHIT_CJDMCFAD_55153,L.ELAGNAARDNK.K,Y,22.43,1157.5789,11,1.3,386.8674,3,19.98,4.4E4,4,5161,20170602_ETNP_NT02_01.raw,2,2,68,78,,
19,752,70m_MEGAHIT_CJDMCFAD_55153,R.NDEELNKL.L,Y,18.08,973.4716,8,1.9,487.7440,2,50.71,3.56E5,4,13840,20170602_ETNP_NT02_01.raw,1,1,93,100,,
19,1321,90m_Megahit_DAALLOGA_194219,V.ELAGNAARDNK.R,Y,22.43,1157.5789,11,1.3,386.8674,3,19.98,4.4E4,4,5161,20170602_ETNP_NT02_01.raw,2,2,11,21,,
19,2980,70m_MEGAHIT_CJDMCFAD_16855,L.ELAGNAARDNK.K,Y,22.43,1157.5789,11,1.3,386.8674,3,19.98,4.4E4,4,5161,20170602_ETNP_NT02_01.raw,2,2,3,13,,
19,447,ETNP_120m_particle_PROKKA_169132,L.ELAGNAARDNK.K,Y,22.43,1157.5789,11,1.3,386.8674,3,19.98,4.4E4,4,5161,20170602_ETNP_NT02_01.raw,2,2,63,73,,
19,448,ETNP_70m_PROKKA_20132,L.ELAGNAARDNK.K,Y,22.43,1157.5789,11,1.3,386.8674,3,19.98,4.4E4,4,5161,20170602_ETNP_NT02_01.raw,2,2,119,129,,
19,488,70m_MEGAHIT_CJDMCFAD_14983,L.ELAGNAARDNK.K,Y,22.43,1157.5789,11,1.3,386.8674,3,19.98,4.4E4,4,5161,20170602_ETNP_NT02_01.raw,2,2,158,168,,
53,231679,180m_megahit_DBICIOKE_94177,R.LSDALAAIDLR.R,Y,30.92,1156.6451,11,4.1,579.3322,2,78.54,7.39E5,4,21178,20170602_ETNP_NT02_01.raw,1,1,205,215,,
34,240515,100mP_megahit_BKKBEGJO_14306,K.AGETGPSGR.I,Y,30.57,830.3882,9,2.8,416.2025,2,19.95,0,4,5155,20170602_ETNP_NT02_01.raw,1,1,137,145,,
54,240524,160m_megahit_NHJEOBNC_152617,R.TNTAIEK.V,Y,30.11,775.4076,7,1.5,388.7116,2,23.08,1.98E4,4,6059,20170602_ETNP_NT02_01.raw,1,1,65,71,,
54,240525,160m_megahit_NHJEOBNC_125960,D.TNTAIEK.L,Y,30.11,775.4076,7,1.5,388.7116,2,23.08,1.98E4,4,6059,20170602_ETNP_NT02_01.raw,1,1,72,78,,
54,240526,ETNP_120m_free_PROKKA_301964,R.TNTAIEK.V,Y,30.11,775.4076,7,1.5,388.7116,2,23.08,1.98E4,4,6059,20170602_ETNP_NT02_01.raw,1,1,193,199,,
54,240527,120m_megahit_CMKFGOPF_182792,D.TNTAIEK.L,Y,30.11,775.4076,7,1.5,388.7116,2,23.08,1.98E4,4,6059,20170602_ETNP_NT02_01.raw,1,1,128,134,,
54,240528,70m_MEGAHIT_CJDMCFAD_158520,D.TNTAIEK.L,Y,30.11,775.4076,7,1.5,388.7116,2,23.08,1.98E4,4,6059,20170602_ETNP_NT02_01.raw,1,1,128,134,,
36,240558,ETNP14_68maa_PROKKA_34018,N.TVDVSENIK.N,Y,22.34,1003.5186,9,3.4,502.7682,2,37.81,1.37E5,4,10405,20170602_ETNP_NT02_01.raw,1,1,6,14,,
36,240558,ETNP14_68maa_PROKKA_34018,K.EEFIGGC(+57.02)DIVK.E,Y,15.51,1265.5962,11,-3.0,633.8035,2,33.93,2.25E4,4,9323,20170602_ETNP_NT02_01.raw,1,1,83,93,Carbamidomethylation,C7:Carbamidomethylation:1000.00
57,4042,ETNP14_68maa_PROKKA_02795,D.EAPLNPQGK.V,Y,28.02,952.4977,9,3.5,477.2578,2,30.10,8.62E5,4,8209,20170602_ETNP_NT02_01.raw,1,1,225,233,,
50,14266,100m_megahit_CLKLDGCM_01176,K.S(sub V)GDSAIVK.I,Y,27.66,775.4075,8,1.1,388.7115,2,26.74,2.02E5,4,7181,20170602_ETNP_NT02_01.raw,1,1,381,388,Mutation,
27,240520,100mP_megahit_BKKBEGJO_84342,L.TLEEAVK.G,Y,27.44,788.4280,7,2.0,395.2220,2,39.52,4.51E5,4,10878,20170602_ETNP_NT02_01.raw,1,1,127,133,,
27,240521,120mP_megahit_HKJGLMBE_230358,G.TIEEAVK.A,Y,27.44,788.4280,7,2.0,395.2220,2,39.52,4.51E5,4,10878,20170602_ETNP_NT02_01.raw,1,1,87,93,,
27,240535,ETNP14_120mac_PROKKA_64842,R.TIEEAVK.S,Y,27.44,788.4280,7,2.0,395.2220,2,39.52,4.51E5,4,10878,20170602_ETNP_NT02_01.raw,1,1,18,24,,
27,240537,ETNP14_68maa_PROKKA_14360,S.TIEEAVK.I,Y,27.44,788.4280,7,2.0,395.2220,2,39.52,4.51E5,4,10878,20170602_ETNP_NT02_01.raw,1,1,268,274,,
27,240538,ETNP_120m_free_PROKKA_138818,A.TIEEAVK.F,Y,27.44,788.4280,7,2.0,395.2220,2,39.52,4.51E5,4,10878,20170602_ETNP_NT02_01.raw,1,1,291,297,,
15,240539,ETNP_90m_PROKKA_179855,D.TGHRSSMK.G,Y,27.35,902.4392,8,0.7,452.2272,2,32.27,1.49E3,4,8845,20170602_ETNP_NT02_01.raw,2,2,23,30,,
35,240532,160m_megahit_NHJEOBNC_86237,G.STELLIR.T,Y,27.33,830.4861,7,2.7,416.2515,2,57.69,1.48E6,4,15657,20170602_ETNP_NT02_01.raw,1,1,164,170,,
35,240540,70m_MEGAHIT_CJDMCFAD_00211,T.STELLLR.S,Y,27.33,830.4861,7,2.7,416.2515,2,57.69,1.48E6,4,15657,20170602_ETNP_NT02_01.raw,1,1,80,86,,
35,3003,ETNP_120m_PROKKA_275693,K.STEIILR.E,Y,27.33,830.4861,7,2.7,416.2515,2,57.69,1.48E6,4,15657,20170602_ETNP_NT02_01.raw,1,1,125,131,,
35,240541,ETNP_90m_PROKKA_64474,M.STELIIR.R,Y,27.33,830.4861,7,2.7,416.2515,2,57.69,1.48E6,4,15657,20170602_ETNP_NT02_01.raw,1,1,109,115,,
25,240610,ETNP_120m_PROKKA_307290,A.TSAYYLK.K,Y,26.37,844.4330,7,1.8,423.2246,2,42.50,2.07E5,4,11687,20170602_ETNP_NT02_01.raw,1,1,93,99,,
44,240576,ETNP14_68maa_PROKKA_130680,D.TLM(+15.99)YESYK.L,Y,25.27,1049.4739,8,5.9,525.7473,2,46.47,5.1E3,4,12728,20170602_ETNP_NT02_01.raw,1,1,87,94,Oxidation (M),M3:Oxidation (M):1000.00
59,240613,110m_megahit_JNNKCNHH_31624,G.ALIHLFR.C,Y,25.25,868.5283,7,2.4,435.2724,2,47.98,0,4,13133,20170602_ETNP_NT02_01.raw,1,1,15,21,,
59,240614,140m_megahit_KKMFCJLI_39595,G.ALIHLFR.C,Y,25.25,868.5283,7,2.4,435.2724,2,47.98,0,4,13133,20170602_ETNP_NT02_01.raw,1,1,55,61,,
59,240615,ETNP_70m_PROKKA_84491,F.ALLHLFR.G,Y,25.25,868.5283,7,2.4,435.2724,2,47.98,0,4,13133,20170602_ETNP_NT02_01.raw,1,1,37,43,,
59,240616,100mP_megahit_BKKBEGJO_61722,G.ALIHLFR.C,Y,25.25,868.5283,7,2.4,435.2724,2,47.98,0,4,13133,20170602_ETNP_NT02_01.raw,1,1,75,81,,
60,240627,120m_megahit_CMKFGOPF_121957,K.TDIQAIK.S,Y,24.91,787.4440,7,1.7,394.7299,2,34.33,1.96E5,4,9435,20170602_ETNP_NT02_01.raw,1,1,89,95,,
49,241983,100mP_megahit_BKKBEGJO_148197,R.LTA(sub S)SQVAIAK.K,Y,24.11,1000.5917,10,2.4,501.3043,2,40.74,0,4,11213,20170602_ETNP_NT02_01.raw,1,1,212,221,Mutation,
49,242456,90m_Megahit_DAALLOGA_85049,K.LTA(sub S)SQVAIAK.K,Y,24.11,1000.5917,10,2.4,501.3043,2,40.74,0,4,11213,20170602_ETNP_NT02_01.raw,1,1,294,303,Mutation,
38,240562,ETNP14_68mB_PROKKA_104244,R.GAQATVNK.V,Y,23.78,787.4188,8,9.7,394.7205,2,20.09,1.05E3,4,5190,20170602_ETNP_NT02_01.raw,1,1,70,77,,
45,231896,120mF_megahit_EODJEIIO_25342,N.GYTISYQSK.K,Y,23.59,1045.5081,9,3.6,523.7632,2,39.90,2.5E5,4,10984,20170602_ETNP_NT02_01.raw,1,1,246,254,,
45,231897,120m_megahit_CMKFGOPF_295440,N.GYTISYQSK.K,Y,23.59,1045.5081,9,3.6,523.7632,2,39.90,2.5E5,4,10984,20170602_ETNP_NT02_01.raw,1,1,246,254,,
61,231826,120mP_megahit_HKJGLMBE_193359,T.EVPVLLGQPGR.E,Y,23.57,1163.6663,11,3.4,582.8424,2,58.07,6.01E5,4,15754,20170602_ETNP_NT02_01.raw,1,1,66,76,,
69,240677,70m_MEGAHIT_CJDMCFAD_124435,R.EALTHAK.A,Y,22.82,768.4130,7,2.5,385.2147,2,32.87,1.36E5,4,9021,20170602_ETNP_NT02_01.raw,1,1,24,30,,
69,240692,ETNP14_68maa_PROKKA_49822,E.EAITHAK.A,Y,22.82,768.4130,7,2.5,385.2147,2,32.87,1.36E5,4,9021,20170602_ETNP_NT02_01.raw,1,1,426,432,,
62,240648,100mP_megahit_BKKBEGJO_87217,V.ASLVVLR.D,Y,22.65,756.4857,7,4.6,379.2519,2,59.54,1.68E4,4,16146,20170602_ETNP_NT02_01.raw,1,1,16,22,,
62,232239,ETNP_120m_PROKKA_221562,G.ASIVVIR.T,Y,22.65,756.4857,7,4.6,379.2519,2,59.54,1.68E4,4,16146,20170602_ETNP_NT02_01.raw,1,1,79,85,,
67,240671,150mP_megahit_EIABIGGE_07693,A.TSLPSVR.E,Y,22.54,758.4286,7,2.9,380.2227,2,42.22,5.84E4,4,11615,20170602_ETNP_NT02_01.raw,1,1,300,306,,
67,240672,120mF_megahit_EODJEIIO_163107,A.TSLPSVR.E,Y,22.54,758.4286,7,2.9,380.2227,2,42.22,5.84E4,4,11615,20170602_ETNP_NT02_01.raw,1,1,300,306,,
67,240673,160m_megahit_NHJEOBNC_225727,A.TSLPSVR.E,Y,22.54,758.4286,7,2.9,380.2227,2,42.22,5.84E4,4,11615,20170602_ETNP_NT02_01.raw,1,1,300,306,,
67,240675,140m_megahit_KKMFCJLI_142245,A.TSLPSVR.E,Y,22.54,758.4286,7,2.9,380.2227,2,42.22,5.84E4,4,11615,20170602_ETNP_NT02_01.raw,1,1,300,306,,
63,240652,ETNP_180m_PROKKA_197595,L.QLEDEEVK.Y,Y,22.37,988.4713,8,13.7,495.2497,2,20.77,8.62E3,4,5377,20170602_ETNP_NT02_01.raw,1,1,59,66,,
63,240654,ETNP_160m_PROKKA_98499,M.QLEDEEVK.Y,Y,22.37,988.4713,8,13.7,495.2497,2,20.77,8.62E3,4,5377,20170602_ETNP_NT02_01.raw,1,1,166,173,,
63,240655,120mF_megahit_ILDJFKLB_63372,W.QLEDEEVK.Y,Y,22.37,988.4713,8,13.7,495.2497,2,20.77,8.62E3,4,5377,20170602_ETNP_NT02_01.raw,1,1,172,179,,
63,240656,ETNP_120m_PROKKA_80450,M.QLEDEEVK.Y,Y,22.37,988.4713,8,13.7,495.2497,2,20.77,8.62E3,4,5377,20170602_ETNP_NT02_01.raw,1,1,194,201,,
63,240657,160m_megahit_NHJEOBNC_238386,M.QLEDEEVK.Y,Y,22.37,988.4713,8,13.7,495.2497,2,20.77,8.62E3,4,5377,20170602_ETNP_NT02_01.raw,1,1,194,201,,
63,240658,120m_megahit_CMKFGOPF_274225,M.QLEDEEVK.Y,Y,22.37,988.4713,8,13.7,495.2497,2,20.77,8.62E3,4,5377,20170602_ETNP_NT02_01.raw,1,1,194,201,,
63,240659,180m_megahit_DBICIOKE_183996,M.QLEDEEVK.Y,Y,22.37,988.4713,8,13.7,495.2497,2,20.77,8.62E3,4,5377,20170602_ETNP_NT02_01.raw,1,1,194,201,,
64,240662,ETNP_70m_PROKKA_138569,M.AGGLDAVR.R,Y,22.36,757.4082,8,1.8,379.7121,2,42.84,3.63E5,4,11776,20170602_ETNP_NT02_01.raw,1,1,406,413,,
64,240663,160m_megahit_NHJEOBNC_138118,G.AGGLDAVR.L,Y,22.36,757.4082,8,1.8,379.7121,2,42.84,3.63E5,4,11776,20170602_ETNP_NT02_01.raw,1,1,10,17,,
65,240666,100mP_megahit_BKKBEGJO_79134,K.TGATVLAK.V,Y,22.19,759.4490,8,2.0,380.7325,2,23.04,1.66E4,4,6048,20170602_ETNP_NT02_01.raw,1,1,39,46,,
66,240667,ETNP_90m_PROKKA_28391,R.EANC(+57.02)LTDK.R,Y,22.15,949.4175,8,12.4,475.7219,2,35.76,3.27E4,4,9822,20170602_ETNP_NT02_01.raw,1,1,274,281,Carbamidomethylation,C4:Carbamidomethylation:1000.00
11,240565,300m_megahit_KALMNAMF_171374,Q.TFSSLYK.V,Y,22.10,844.4330,7,6.3,423.2265,2,40.23,9.68E5,4,11077,20170602_ETNP_NT02_01.raw,6,6,328,334,,
11,240566,120mP_megahit_HKJGLMBE_146979,Q.TFSSLYK.V,Y,22.10,844.4330,7,6.3,423.2265,2,40.23,9.68E5,4,11077,20170602_ETNP_NT02_01.raw,6,6,328,334,,
11,240567,110m_megahit_JNNKCNHH_28338,Q.TFSSLYK.V,Y,22.10,844.4330,7,6.3,423.2265,2,40.23,9.68E5,4,11077,20170602_ETNP_NT02_01.raw,6,6,328,334,,
11,240568,100m_megahit_CLKLDGCM_60233,Q.TFSSLYK.V,Y,22.10,844.4330,7,6.3,423.2265,2,40.23,9.68E5,4,11077,20170602_ETNP_NT02_01.raw,6,6,328,334,,
11,240694,ETNP_120m_particle_PROKKA_54423,Q.TFSSLYK.I,Y,22.10,844.4330,7,6.3,423.2265,2,40.23,9.68E5,4,11077,20170602_ETNP_NT02_01.raw,6,6,102,108,,
11,240699,180m_megahit_DBICIOKE_34233,Q.TFSSLYK.I,Y,22.10,844.4330,7,6.3,423.2265,2,40.23,9.68E5,4,11077,20170602_ETNP_NT02_01.raw,6,6,330,336,,
37,240561,120mP_megahit_HKJGLMBE_164574,R.EAGDRIK.G,Y,22.09,787.4188,7,3.8,394.7182,2,40.02,4.84E5,4,11015,20170602_ETNP_NT02_01.raw,1,1,178,184,,
37,240680,ETNP14_120maa_PROKKA_61970,D.EAGDRLK.A,Y,22.09,787.4188,7,3.8,394.7182,2,40.02,4.84E5,4,11015,20170602_ETNP_NT02_01.raw,1,1,238,244,,
16,240531,120m_megahit_CMKFGOPF_250680,K.TVSELQR.V,Y,22.07,831.4450,7,-11.2,416.7251,2,31.13,8.45E4,4,8513,20170602_ETNP_NT02_01.raw,2,2,165,171,,
16,240670,ETNP_120m_free_PROKKA_160192,H.TVSELQR.V,Y,22.07,831.4450,7,-11.2,416.7251,2,31.13,8.45E4,4,8513,20170602_ETNP_NT02_01.raw,2,2,31,37,,
41,240569,120m_megahit_CMKFGOPF_263074,K.GAGIDVKK.S,Y,21.67,786.4599,8,3.8,394.2387,2,36.16,1.73E6,4,9937,20170602_ETNP_NT02_01.raw,1,1,140,147,,
40,420,120m_megahit_CMKFGOPF_358066,H.LGENTVR.C,Y,21.62,787.4188,7,3.0,394.7179,2,28.76,1.21E5,4,7813,20170602_ETNP_NT02_01.raw,1,1,40,46,,
40,240596,180m_megahit_DBICIOKE_109572,I.LGENTVR.V,Y,21.62,787.4188,7,3.0,394.7179,2,28.76,1.21E5,4,7813,20170602_ETNP_NT02_01.raw,1,1,329,335,,
40,240605,120m_megahit_CMKFGOPF_354836,I.LGENTVR.V,Y,21.62,787.4188,7,3.0,394.7179,2,28.76,1.21E5,4,7813,20170602_ETNP_NT02_01.raw,1,1,613,619,,
40,233169,100mP_megahit_BKKBEGJO_14175,A.IGENTVR.V,Y,21.62,787.4188,7,3.0,394.7179,2,28.76,1.21E5,4,7813,20170602_ETNP_NT02_01.raw,1,1,181,187,,
40,240690,180m_megahit_DBICIOKE_212221,H.LGENTVR.L,Y,21.62,787.4188,7,3.0,394.7179,2,28.76,1.21E5,4,7813,20170602_ETNP_NT02_01.raw,1,1,110,116,,
40,240697,70m_MEGAHIT_CJDMCFAD_196491,H.IGENTVR.T,Y,21.62,787.4188,7,3.0,394.7179,2,28.76,1.21E5,4,7813,20170602_ETNP_NT02_01.raw,1,1,5,11,,
40,115,300m_megahit_KALMNAMF_177452,H.LGENTVR.T,Y,21.62,787.4188,7,3.0,394.7179,2,28.76,1.21E5,4,7813,20170602_ETNP_NT02_01.raw,1,1,48,54,,
40,80,ETNP_120m_particle_PROKKA_94543,H.LGENTVR.C,Y,21.62,787.4188,7,3.0,394.7179,2,28.76,1.21E5,4,7813,20170602_ETNP_NT02_01.raw,1,1,54,60,,
40,222,100mP_megahit_BKKBEGJO_37276,H.LGENTVR.T,Y,21.62,787.4188,7,3.0,394.7179,2,28.76,1.21E5,4,7813,20170602_ETNP_NT02_01.raw,1,1,60,66,,
42,240570,120mP_megahit_HKJGLMBE_117293,R.SNTPTLK.T,Y,21.57,759.4127,7,2.5,380.7146,2,23.10,9.26E3,4,6065,20170602_ETNP_NT02_01.raw,1,1,225,231,,
39,240563,110m_megahit_JNNKCNHH_27041,Y.TNSEILQK.E,Y,21.55,931.4974,8,-0.2,466.7559,2,31.37,4.07E5,4,8579,20170602_ETNP_NT02_01.raw,1,1,23,30,,
39,240564,90m_Megahit_DAALLOGA_81317,Y.TNSEILQK.E,Y,21.55,931.4974,8,-0.2,466.7559,2,31.37,4.07E5,4,8579,20170602_ETNP_NT02_01.raw,1,1,23,30,,
39,240678,90m_Megahit_DAALLOGA_28832,P.TNSEIIQK.E,Y,21.55,931.4974,8,-0.2,466.7559,2,31.37,4.07E5,4,8579,20170602_ETNP_NT02_01.raw,1,1,96,103,,
39,240679,NP_300m_PROKKA_42380,V.TNSEILQK.G,Y,21.55,931.4974,8,-0.2,466.7559,2,31.37,4.07E5,4,8579,20170602_ETNP_NT02_01.raw,1,1,95,102,,
39,240681,ETNP_120m_PROKKA_53740,V.TNSEILQK.G,Y,21.55,931.4974,8,-0.2,466.7559,2,31.37,4.07E5,4,8579,20170602_ETNP_NT02_01.raw,1,1,116,123,,
39,240682,ETNP_140m_PROKKA_144500,V.TNSEILQK.G,Y,21.55,931.4974,8,-0.2,466.7559,2,31.37,4.07E5,4,8579,20170602_ETNP_NT02_01.raw,1,1,228,235,,
39,240683,ETNP_180m_PROKKA_73232,V.TNSEILQK.G,Y,21.55,931.4974,8,-0.2,466.7559,2,31.37,4.07E5,4,8579,20170602_ETNP_NT02_01.raw,1,1,258,265,,
39,240685,180m_megahit_DBICIOKE_96385,V.TNSEILQK.G,Y,21.55,931.4974,8,-0.2,466.7559,2,31.37,4.07E5,4,8579,20170602_ETNP_NT02_01.raw,1,1,321,328,,
39,240686,ETNP_160m_PROKKA_71797,V.TNSEILQK.G,Y,21.55,931.4974,8,-0.2,466.7559,2,31.37,4.07E5,4,8579,20170602_ETNP_NT02_01.raw,1,1,321,328,,
39,240687,140m_megahit_KKMFCJLI_30121,V.TNSEILQK.G,Y,21.55,931.4974,8,-0.2,466.7559,2,31.37,4.07E5,4,8579,20170602_ETNP_NT02_01.raw,1,1,321,328,,
39,240688,160m_megahit_NHJEOBNC_100941,V.TNSEILQK.G,Y,21.55,931.4974,8,-0.2,466.7559,2,31.37,4.07E5,4,8579,20170602_ETNP_NT02_01.raw,1,1,321,328,,
39,240689,120m_megahit_CMKFGOPF_166121,V.TNSEILQK.G,Y,21.55,931.4974,8,-0.2,466.7559,2,31.37,4.07E5,4,8579,20170602_ETNP_NT02_01.raw,1,1,321,328,,
75,240709,140m_megahit_KKMFCJLI_160439,K.SDFEALR.E,Y,21.14,836.4028,7,3.3,419.2101,2,52.83,3.55E5,4,14396,20170602_ETNP_NT02_01.raw,1,1,230,236,,
47,240734,ETNP14_68maa_PROKKA_90077,I.KQVVDVR.T,Y,20.85,842.4974,7,2.2,422.2569,2,26.23,2.45E5,4,7030,20170602_ETNP_NT02_01.raw,2,2,571,577,,
73,240706,ETNP_120m_free_PROKKA_47972,G.SPATVSRK.M,Y,20.53,844.4766,8,-11.2,423.2409,2,41.63,4.19E4,4,11458,20170602_ETNP_NT02_01.raw,1,1,343,350,,
46,240726,300m_megahit_KALMNAMF_60305,K.TAHLTFR.L,Y,20.53,844.4555,7,13.8,423.2409,2,26.27,1.3E4,4,7041,20170602_ETNP_NT02_01.raw,1,1,212,218,,
74,240708,90m_Megahit_DAALLOGA_167718,V.ADIRTAHK.F,Y,20.39,910.4984,8,-7.9,456.2529,2,22.87,1.6E4,4,5997,20170602_ETNP_NT02_01.raw,1,1,342,349,,
29,240550,120m_megahit_CMKFGOPF_260184,R.ARSLDEK.V,Y,20.19,817.4293,7,7.2,409.7249,2,65.16,2E4,4,17658,20170602_ETNP_NT02_01.raw,1,1,265,271,,
29,240551,300m_megahit_KALMNAMF_223916,R.ARSLDEK.V,Y,20.19,817.4293,7,7.2,409.7249,2,65.16,2E4,4,17658,20170602_ETNP_NT02_01.raw,1,1,265,271,,
29,240600,NP_125m_PROKKA_01383,L.ARSIDEK.L,Y,20.19,817.4293,7,7.2,409.7249,2,65.16,2E4,4,17658,20170602_ETNP_NT02_01.raw,1,1,641,647,,
29,240601,NP_100m_PROKKA_01618,L.ARSIDEK.L,Y,20.19,817.4293,7,7.2,409.7249,2,65.16,2E4,4,17658,20170602_ETNP_NT02_01.raw,1,1,641,647,,
29,240603,100mP_megahit_BKKBEGJO_27185,R.ARSLDEK.V,Y,20.19,817.4293,7,7.2,409.7249,2,65.16,2E4,4,17658,20170602_ETNP_NT02_01.raw,1,1,265,271,,
29,240711,ETNP_90m_PROKKA_12006,R.ARSLDEK.V,Y,20.19,817.4293,7,7.2,409.7249,2,65.16,2E4,4,17658,20170602_ETNP_NT02_01.raw,1,1,103,109,,
29,240730,120m_megahit_CMKFGOPF_347157,P.ARSLDEK.S,Y,20.19,817.4293,7,7.2,409.7249,2,65.16,2E4,4,17658,20170602_ETNP_NT02_01.raw,1,1,363,369,,
29,240735,150mP_megahit_EIABIGGE_17988,L.ARSIDEK.L,Y,20.19,817.4293,7,7.2,409.7249,2,65.16,2E4,4,17658,20170602_ETNP_NT02_01.raw,1,1,54,60,,
29,240739,300m_megahit_KALMNAMF_30169,L.ARSIDEK.R,Y,20.19,817.4293,7,7.2,409.7249,2,65.16,2E4,4,17658,20170602_ETNP_NT02_01.raw,1,1,96,102,,
77,240725,120m_megahit_CMKFGOPF_383778,A.AGYDPDR.V,Y,20.03,792.3402,7,7.3,397.1803,2,19.28,7.96E4,4,4978,20170602_ETNP_NT02_01.raw,1,1,222,228,,
24,240592,180m_megahit_DBICIOKE_88346,R.TIPAGGEAMF.E,Y,20.02,992.4637,10,6.6,497.2424,2,36.41,0,4,10002,20170602_ETNP_NT02_01.raw,1,1,858,867,,
