Fraction,Scan,Source File,Peptide,Tag Length,ALC (%),length,m/z,z,RT,Area,Mass,ppm,Accession,PTM,local confidence (%),tag (>=0%),mode
2,5400,20170411_ETNP_83_01.raw,NTKPEYVKPK,10,96,10,401.8966,3,20.49,1.39E6,1202.6658,1.9,,,85 96 99 99 100 99 99 99 96 96,NTKPEYVKPK,CID
2,7777,20170411_ETNP_83_01.raw,QGNQELPR,8,95,8,471.2466,2,29.26,3.01E5,940.4726,6.4,ETNP_160m_PROKKA_79707:ETNP_100m_PROKKA_03582,,84 94 98 95 99 99 98 92,QGNQELPR,CID
2,9952,20170411_ETNP_83_01.raw,SPFDEHVK,8,93,8,479.7358,2,37.84,2.23E5,957.4556,1.5,,,98 98 98 88 91 81 98 96,SPFDEHVK,CID
2,10407,20170411_ETNP_83_01.raw,DVDGAYMTK,9,92,9,500.2280,2,39.49,3.88E5,998.4379,3.6,,,86 88 99 90 88 96 97 96 93,DVDGAYMTK,CID
2,13453,20170411_ETNP_83_01.raw,VATVSLPR,8,91,8,421.7591,2,51.02,3.49E8,841.5021,1.7,,,95 97 98 92 95 92 84 80,VATVSLPR,CID
2,9715,20170411_ETNP_83_01.raw,QAYEDLAQK,9,91,9,533.2651,2,36.97,1.81E6,1064.5139,1.7,,,74 94 100 99 98 100 92 91 74,QAYEDLAQK,CID
2,19376,20170411_ETNP_83_01.raw,SMVFYPLAT,9,91,9,514.7644,2,72.55,4.8E4,1027.5049,9.1,,,80 85 98 98 95 84 90 97 93,SMVFYPLAT,CID
2,7938,20170411_ETNP_83_01.raw,FSSSSGYLCPST,12,91,12,618.2687,2,29.94,1.11E6,1234.5176,4.2,,,95 98 99 99 99 95 93 77 82 76 91 89,FSSSSGYLCPST,CID
2,7826,20170411_ETNP_83_01.raw,VTVPASTSSGK,11,90,11,517.2820,2,29.47,3.7E5,1032.5452,4.2,,,96 97 99 98 98 95 92 84 86 72 79,VTVPASTSSGK,CID
2,5527,20170411_ETNP_83_01.raw,WNGGGLTY,8,90,8,434.2029,2,20.87,5.36E5,866.3923,-1.3,,,90 97 99 92 90 96 90 70,WNGGGLTY,CID
2,10595,20170411_ETNP_83_01.raw,LSSPATLNRS,10,90,10,523.2867,2,40.18,1.77E7,1044.5564,2.4,,,99 99 99 99 99 99 97 89 61 62,LSSPATLNRS,CID
2,5685,20170411_ETNP_83_01.raw,KGDGHEAPG,9,90,9,434.2023,2,21.37,5.36E5,866.3882,2.1,,,86 92 100 99 98 99 87 88 61,KGDGHEAPG,CID
2,12471,20170411_ETNP_83_01.raw,MPRYTT,6,90,6,384.6933,2,47.37,1.29E5,767.3636,11.0,,,95 95 97 87 80 85,MPRYTT,CID
2,8270,20170411_ETNP_83_01.raw,LTTKPSVN,8,89,8,430.2486,2,31.26,5.73E6,858.4811,1.8,,,90 95 99 91 76 83 96 87,LTTKPSVN,CID
2,10865,20170411_ETNP_83_01.raw,VTMQNLNDR,9,89,9,545.7706,2,41.14,1.02E6,1089.5237,2.7,,,98 99 99 97 95 95 71 84 67,VTMQNLNDR,CID
2,13281,20170411_ETNP_83_01.raw,FTLDDTVC,8,88,8,457.2081,2,50.40,2.63E5,912.3899,12.9,,,96 98 100 98 97 88 75 57,FTLDDTVC,CID
2,8369,20170411_ETNP_83_01.raw,WFSGNNVAP,9,87,9,496.2341,2,31.66,2E5,990.4559,-2.2,,,99 100 99 98 90 75 60 88 79,WFSGNNVAP,CID
2,9821,20170411_ETNP_83_01.raw,TALTQLVANT,10,87,10,516.2913,2,37.36,2.94E4,1030.5659,2.0,,,92 95 97 97 89 83 71 75 90 86,TALTQLVANT,CID
2,6200,20170411_ETNP_83_01.raw,NQWAGSSGDEAAAP,14,86,14,680.7936,2,23.40,4.4E6,1359.5691,2.7,,,74 71 96 96 93 98 98 91 87 97 95 95 71 51,NQWAGSSGDEAAAP,CID
2,8294,20170411_ETNP_83_01.raw,SSAPGPPRPGA,11,86,11,497.2611,2,31.35,1.11E6,992.5039,3.8,,,79 83 93 95 92 75 66 79 91 98 98,SSAPGPPRPGA,CID
2,13441,20170411_ETNP_83_01.raw,FTLDDTMA,8,86,8,457.2085,2,50.97,1.96E5,912.3899,13.8,,,96 99 100 98 97 83 51 67,FTLDDTMA,CID
2,13171,20170411_ETNP_83_01.raw,VATVSLPR,8,86,8,421.7591,2,50.01,3.49E8,841.5021,1.9,,,95 97 97 91 95 83 69 60,VATVSLPR,CID
2,20252,20170411_ETNP_83_01.raw,MLSPYTKW,8,85,8,513.2627,2,75.77,2.33E6,1024.5051,5.6,,,65 92 93 94 96 86 87 73,MLSPYTKW,CID
2,9541,20170411_ETNP_83_01.raw,SQYEQLAEQNRK,12,85,12,498.5840,3,36.32,9.97E5,1492.7271,2.1,WP_014705525,,48 77 100 100 97 99 96 98 90 76 65 79,SQYEQLAEQNRK,CID
2,6446,20170411_ETNP_83_01.raw,NPGPNGPPNR,10,84,10,510.2546,2,24.40,4.29E5,1018.4944,0.3,,,91 96 98 99 94 94 86 56 66 65,NPGPNGPPNR,CID
2,6552,20170411_ETNP_83_01.raw,AAFGGGGSR,9,84,9,390.1939,2,24.80,4.7E5,778.3721,1.4,,,98 99 100 97 91 71 52 82 68,AAFGGGGSR,CID
2,8189,20170411_ETNP_83_01.raw,VQLNSAETR,9,84,9,509.2712,2,30.94,9.99E5,1016.5251,2.7,,,86 89 100 98 93 85 75 66 63,VQLNSAETR,CID
2,8140,20170411_ETNP_83_01.raw,TLTKTQAP,8,84,8,430.2488,2,30.75,5.73E6,858.4811,2.4,,,63 94 97 92 93 83 81 68,TLTKTQAP,CID
2,13029,20170411_ETNP_83_01.raw,ALEESNYELKW,11,83,11,691.3276,2,49.50,1.43E6,1380.6560,-11.1,,,71 82 98 98 92 84 88 94 89 73 49,ALEESNYELKW,CID
2,8411,20170411_ETNP_83_01.raw,TVDKSTGKPLT,11,83,11,382.8845,3,31.82,6.83E5,1145.6292,2.3,,,99 98 78 78 92 91 56 73 77 87 90,TVDKSTGKPLT,CID
2,9419,20170411_ETNP_83_01.raw,ATTLTKSVPN,10,83,10,516.2916,2,35.84,7.91E5,1030.5659,2.7,,,85 96 99 99 97 94 51 62 79 70,ATTLTKSVPN,CID
2,13055,20170411_ETNP_83_01.raw,SLVGLGGTK,9,83,9,416.2502,2,49.59,9.02E5,830.4861,-0.3,,,67 84 99 95 97 72 65 90 79,SLVGLGGTK,CID
2,13363,20170411_ETNP_83_01.raw,SLSLSVAR,8,81,8,416.7489,2,50.69,2E6,831.4814,2.2,,,68 84 100 99 87 66 79 63,SLSLSVAR,CID
2,4943,20170411_ETNP_83_01.raw,RETSEPSKESNSK,13,80,13,493.5711,3,19.12,2.74E5,1477.7009,-6.3,,,92 99 97 92 97 77 49 48 90 79 77 79 68,RETSEPSKESNSK,CID
2,12607,20170411_ETNP_83_01.raw,MPRYTT,6,80,6,384.6938,2,47.88,4.78E4,767.3636,12.2,,,94 98 94 71 59 62,MPRYTT,CID
