Protein Group,Protein ID,Accession,-10lgP,Coverage (%),#Peptides,#Unique,PTM,Avg. Mass,Description
2,1128,ETNP14_68maa_PROKKA_78515,194.14,51,25,0,,39870,Monocarboxylate 2-oxoacid-binding periplasmic protein precursor
6,1891,NP_125m_PROKKA_02672,193.25,43,22,0,,39275,Monocarboxylate 2-oxoacid-binding periplasmic protein precursor
6,1890,NP_85m_PROKKA_10653,193.25,43,22,0,,39305,Monocarboxylate 2-oxoacid-binding periplasmic protein precursor
6,118935,ETNP_100m_PROKKA_52129,193.25,43,22,0,,39291,Monocarboxylate 2-oxoacid-binding periplasmic protein precursor
9,1934,ETNP14_120maa_PROKKA_147628,192.75,45,21,0,,39385,Monocarboxylate 2-oxoacid-binding periplasmic protein precursor
4,1171,ETNP14_120maa_PROKKA_54071,192.39,47,25,0,,39447,Monocarboxylate 2-oxoacid-binding periplasmic protein precursor
4,1170,ETNP14_68maa_PROKKA_58668,192.39,47,25,0,,39447,Monocarboxylate 2-oxoacid-binding periplasmic protein precursor
5,900,NP_300m_PROKKA_20959,187.93,51,26,0,,39379,Monocarboxylate 2-oxoacid-binding periplasmic protein precursor
10,1140,NP_85m_PROKKA_05533,185.68,33,20,0,,39724,Monocarboxylate 2-oxoacid-binding periplasmic protein precursor
11,107171,ETNP_120m_PROKKA_78196,185.59,38,21,0,,39493,Monocarboxylate 2-oxoacid-binding periplasmic protein precursor
7,107165,ETNP_100m_particle_PROKKA_120937,185.25,52,25,1,,39293,Monocarboxylate 2-oxoacid-binding periplasmic protein precursor
12,107172,ETNP_120m_PROKKA_51847,180.70,59,21,1,,28984,Monocarboxylate 2-oxoacid-binding periplasmic protein precursor
8,791,ETNP_180m_PROKKA_32538,180.12,43,23,1,,39779,Monocarboxylate 2-oxoacid-binding periplasmic protein precursor
1,1172,NP_85m_PROKKA_09702,176.91,51,25,1,,39742,Monocarboxylate 2-oxoacid-binding periplasmic protein precursor
1,1176,NP_125m_PROKKA_07506,176.91,51,25,1,,39830,Monocarboxylate 2-oxoacid-binding periplasmic protein precursor
1,1175,ETNP14_68maa_PROKKA_144097,176.91,51,25,1,,39674,Monocarboxylate 2-oxoacid-binding periplasmic protein precursor
15,889,ETNP_140m_PROKKA_69877,176.03,40,18,0,,35015,Monocarboxylate 2-oxoacid-binding periplasmic protein precursor
3,1173,NP_85m_PROKKA_14278,175.02,49,26,2,,39694,Monocarboxylate 2-oxoacid-binding periplasmic protein precursor
3,1174,NP_300m_PROKKA_22657,175.02,49,26,2,,39694,Monocarboxylate 2-oxoacid-binding periplasmic protein precursor
14,1197,ETNP_120m_free_PROKKA_239923,170.98,33,18,0,,39559,Monocarboxylate 2-oxoacid-binding periplasmic protein precursor
17,2479,ETNP_300m_PROKKA_116083,169.08,29,13,0,,32718,Monocarboxylate 2-oxoacid-binding periplasmic protein precursor
13,1900,NP_100m_PROKKA_09018,167.87,48,20,0,,31289,Monocarboxylate 2-oxoacid-binding periplasmic protein precursor
16,1177,ETNP14_120maa_PROKKA_92245,167.35,34,17,1,,39544,Monocarboxylate 2-oxoacid-binding periplasmic protein precursor
19,2421,ETNP_160m_PROKKA_208095,156.07,34,11,0,,20919,Alpha-keto acid-binding periplasmic protein TakP precursor
18,118936,ETNP_120m_PROKKA_129156,155.75,30,20,20,,65456,Quinohemoprotein alcohol dehydrogenase ADH-IIG precursor
18,118937,ETNP_120m_free_PROKKA_72321,155.75,30,20,20,,65456,Quinohemoprotein alcohol dehydrogenase ADH-IIG precursor
20,107179,ETNP_100m_PROKKA_87174,154.37,35,12,0,,24182,Monocarboxylate 2-oxoacid-binding periplasmic protein precursor
21,2423,ETNP_300m_PROKKA_156689,151.59,32,10,0,,20979,Alpha-keto acid-binding periplasmic protein TakP precursor
29,4738,NP_300m_PROKKA_06204,148.04,32,12,9,,39385,Bacterial extracellular solute-binding protein
29,4739,ETNP_120m_particle_PROKKA_168206,148.04,32,12,9,,39375,Bacterial extracellular solute-binding protein
29,4737,ETNP_120m_PROKKA_307121,148.04,32,12,9,,39385,Bacterial extracellular solute-binding protein
29,4740,ETNP_140m_PROKKA_80561,148.04,32,12,9,,39385,Bacterial extracellular solute-binding protein
23,107167,ETNP_110m_PROKKA_49243,141.42,38,17,17,,47623,Aliphatic amidase expression-regulating protein
23,107168,NP_100m_PROKKA_08459,141.42,36,17,17,,50268,Aliphatic amidase expression-regulating protein
23,107169,NP_125m_PROKKA_07093,141.42,36,17,17,,50268,Aliphatic amidase expression-regulating protein
26,244,XP_003062500,130.34,22,15,0,,49730,alpha tubulin  Micromonas pusilla CCMP1545
26,245,XP_003058621,130.34,22,15,0,,49730,alpha tubulin  Micromonas pusilla CCMP1545
25,241,XP_003082284,129.90,23,15,1,,50099,TBA_CHLVU Tubulin alpha chain ISS  Ostreococcus tauri
28,1420,ETNP14_120maa_PROKKA_68035,127.47,27,12,5,,45184,Monocarboxylate 2-oxoacid-binding periplasmic protein precursor
28,1421,NP_300m_PROKKA_04504,127.47,27,12,5,,45565,Monocarboxylate 2-oxoacid-binding periplasmic protein precursor
34,118962,ETSP_PROKKA_00299,126.06,43,9,0,,17975,Alpha-keto acid-binding periplasmic protein TakP precursor
22,107174,ETNP_300m_PROKKA_184521,122.42,27,19,19,,67558,Methanol dehydrogenase [cytochrome c] subunit 1
30,57413,NP_300m_PROKKA_14803,121.11,21,11,2,,57679,60 kDa chaperonin
30,57414,ETNP_120m_particle_PROKKA_189924,121.11,21,11,2,,57693,60 kDa chaperonin
30,118943,ETNP_120m_PROKKA_167165,121.11,21,11,2,,57725,60 kDa chaperonin
30,57411,ETNP_180m_PROKKA_186511,121.11,21,11,2,,57711,60 kDa chaperonin
30,57412,ETNP_160m_PROKKA_52423,121.11,21,11,2,,57723,60 kDa chaperonin
27,1119,ETNP_160m_PROKKA_81170,121.05,13,11,8,,129586,hypothetical protein
27,1120,ETNP_120m_PROKKA_83125,121.05,12,11,8,,130073,hypothetical protein
27,1121,ETNP_180m_PROKKA_81128,121.05,12,11,8,,130100,hypothetical protein
43,2098,NP_300m_PROKKA_09744,118.51,14,8,8,,64538,putative oxidoreductase YdhV
35,57441,ETNP_120m_PROKKA_342100,116.47,14,8,0,,57514,60 kDa chaperonin
35,57443,ETNP_120m_PROKKA_317269,116.47,14,8,0,,57580,60 kDa chaperonin
32,2015,NP_85m_PROKKA_11502,114.76,23,9,0,,44294,Monocarboxylate 2-oxoacid-binding periplasmic protein precursor
39,2581,ETNP_140m_PROKKA_29383,113.57,25,10,1,,39438,Bacterial extracellular solute-binding protein
39,2580,NP_100m_PROKKA_04112,113.57,25,10,1,,39439,Bacterial extracellular solute-binding protein
39,2582,ETNP_180m_PROKKA_06078,113.57,25,10,1,,39438,Bacterial extracellular solute-binding protein
39,2583,NP_300m_PROKKA_22066,113.57,25,10,1,,39438,Bacterial extracellular solute-binding protein
40,2579,NP_85m_PROKKA_08216,112.94,24,10,1,,39292,Bacterial extracellular solute-binding protein
41,1199,NP_300m_PROKKA_07046,112.41,20,11,3,,58350,Glutathione-binding protein GsiB precursor
41,1198,ETNP_160m_PROKKA_60185,112.41,19,11,3,,62885,Glutathione-binding protein GsiB precursor
24,129,ETNP_120m_PROKKA_318382,111.39,30,11,6,,34262,hypothetical protein
45,57447,ETNP_120m_free_PROKKA_106804,109.49,14,8,0,,57826,60 kDa chaperonin
45,118959,ETNP_120m_PROKKA_114163,109.49,14,8,0,,57826,60 kDa chaperonin
48,4819,NP_300m_PROKKA_19608,109.48,31,8,3,,39249,Bacterial extracellular solute-binding protein
79,107235,ETNP_160m_PROKKA_63763,107.22,11,6,6,,58291,Heme-binding protein A precursor
79,107236,ETNP_140m_PROKKA_115142,107.22,11,6,6,,58291,Heme-binding protein A precursor
79,107237,NP_300m_PROKKA_10869,107.22,11,6,6,,58291,Heme-binding protein A precursor
79,107238,ETNP_120m_PROKKA_67998,107.22,11,6,6,,58291,Heme-binding protein A precursor
33,118948,ETNP_150m_particle_PROKKA_05466,106.61,29,11,11,,45158,Phenoxybenzoate dioxygenase subunit alpha
33,118949,ETNP_110m_PROKKA_22939,106.61,29,11,11,,45172,Phenoxybenzoate dioxygenase subunit alpha
33,118950,ETNP_100m_PROKKA_77466,106.61,29,11,11,,45171,Phenoxybenzoate dioxygenase subunit alpha
33,118951,NP_85m_PROKKA_09218,106.61,29,11,11,,45171,Phenoxybenzoate dioxygenase subunit alpha
33,118952,ETNP_140m_PROKKA_125561,106.61,29,11,11,,45172,Phenoxybenzoate dioxygenase subunit alpha
33,118953,NP_100m_PROKKA_00331,106.61,29,11,11,,45172,Phenoxybenzoate dioxygenase subunit alpha
46,118944,ETNP_300m_PROKKA_48369,104.58,19,10,3,,62910,Glutathione-binding protein GsiB precursor
46,118945,ETNP_160m_PROKKA_195108,104.58,19,10,3,,62910,Glutathione-binding protein GsiB precursor
46,118946,ETNP_180m_PROKKA_165751,104.58,19,10,3,,62910,Glutathione-binding protein GsiB precursor
46,118947,ETNP_120m_PROKKA_09663,104.58,19,10,3,,62910,Glutathione-binding protein GsiB precursor
38,4167,ETNP_140m_PROKKA_39161,104.32,18,9,9,,63699,Quinohemoprotein alcohol dehydrogenase ADH-IIG precursor
38,4163,ETNP_120m_PROKKA_104890,104.32,18,9,9,,63699,Quinohemoprotein alcohol dehydrogenase ADH-IIG precursor
38,4164,ETNP_160m_PROKKA_11298,104.32,18,9,9,,63699,Quinohemoprotein alcohol dehydrogenase ADH-IIG precursor
38,4165,ETNP_120m_free_PROKKA_226201,104.32,18,9,9,,63699,Quinohemoprotein alcohol dehydrogenase ADH-IIG precursor
38,4166,ETNP_180m_PROKKA_236213,104.32,18,9,9,,63699,Quinohemoprotein alcohol dehydrogenase ADH-IIG precursor
38,4168,ETNP_300m_PROKKA_75120,104.32,18,9,9,,63699,Quinohemoprotein alcohol dehydrogenase ADH-IIG precursor
47,2218,ETNP_120m_particle_PROKKA_16438,103.07,22,9,0,,37668,taurine transporter substrate binding subunit
55,107242,ETNP_160m_PROKKA_219613,101.92,8,7,4,,119472,hypothetical protein
55,107243,ETNP_180m_PROKKA_116028,101.92,7,7,4,,130143,Cna protein B-type domain protein
55,107244,ETNP_120m_PROKKA_336736,101.92,7,7,4,,138609,hypothetical protein
42,2260,ETNP_100m_PROKKA_84349,100.98,25,8,1,,35645,Monocarboxylate 2-oxoacid-binding periplasmic protein precursor
37,118955,NP_85m_PROKKA_11169,98.90,23,10,0,,39471,Alpha-keto acid-binding periplasmic protein TakP precursor
37,118956,NP_100m_PROKKA_06558,98.90,23,10,0,,39471,Alpha-keto acid-binding periplasmic protein TakP precursor
37,118957,NP_300m_PROKKA_11637,98.90,23,10,0,,39471,Alpha-keto acid-binding periplasmic protein TakP precursor
37,118958,ETNP_110m_PROKKA_31734,98.90,23,10,0,,39471,Alpha-keto acid-binding periplasmic protein TakP precursor
92,107341,ETNP_120m_free_PROKKA_108705,97.69,25,6,1,,27037,Bacterial extracellular solute-binding protein
92,2738,ETNP_120m_PROKKA_117417,97.69,20,6,1,,34430,Bacterial extracellular solute-binding protein
52,882,ETNP14_68maa_PROKKA_112627,97.35,22,9,0,,34407,Taurine-binding periplasmic protein precursor
50,697,NP_85m_PROKKA_22112,97.33,22,9,0,,34368,Taurine-binding periplasmic protein precursor
63,107224,ETNP_140m_PROKKA_164499,96.93,21,7,7,,34989,NMT1/THI5 like protein
63,107227,ETNP_180m_PROKKA_38050,96.93,21,7,7,,34989,NMT1/THI5 like protein
88,4331,NP_85m_PROKKA_24848,96.60,20,3,1,,23643,Taurine-binding periplasmic protein precursor
88,4333,NP_125m_PROKKA_07446,96.60,15,3,1,,30180,Taurine-binding periplasmic protein precursor
88,4332,ETNP_120m_free_PROKKA_131628,96.60,16,3,1,,28506,Taurine-binding periplasmic protein precursor
88,4334,ETNP_300m_PROKKA_190670,96.60,15,3,1,,30236,Taurine-binding periplasmic protein precursor
88,4335,ETNP14_120maa_PROKKA_32025,96.60,13,3,1,,35664,Taurine-binding periplasmic protein precursor
91,108028,NP_300m_PROKKA_06057,96.17,23,4,4,,23421,Rhodanese-like domain protein
91,108029,ETNP_120m_particle_PROKKA_202758,96.17,23,4,4,,23421,Rhodanese-like domain protein
91,108030,ETNP_300m_PROKKA_95801,96.17,23,4,4,,23421,Rhodanese-like domain protein
91,108031,ETNP_180m_PROKKA_60051,96.17,23,4,4,,23421,Rhodanese-like domain protein
91,108032,ETNP_120m_PROKKA_162168,96.17,23,4,4,,23421,Rhodanese-like domain protein
91,108033,ETNP_160m_PROKKA_75611,96.17,23,4,4,,23421,Rhodanese-like domain protein
56,2217,ETNP_150m_particle_PROKKA_18951,96.16,24,8,0,,34495,Taurine-binding periplasmic protein precursor
140,38,ETNP_120m_PROKKA_239026,96.12,30,4,4,,17736,C-phycoerythrin class 2 subunit alpha
140,58,ETNP_120m_free_PROKKA_182311,96.12,30,4,4,,17722,C-phycoerythrin class 2 subunit alpha
140,39,ETNP_90m_PROKKA_15075,96.12,30,4,4,,17736,C-phycoerythrin class 2 subunit alpha
140,37,ETNP_100m_particle_PROKKA_144421,96.12,30,4,4,,17736,C-phycoerythrin class 2 subunit alpha
49,118954,NP_100m_PROKKA_10275,95.59,19,7,2,,41340,hypothetical protein
71,119020,ETNP_180m_PROKKA_61581,95.03,15,7,5,,40202,Receptor family ligand binding region
71,119021,ETNP_160m_PROKKA_51479,95.03,15,7,5,,40255,Receptor family ligand binding region
71,119022,ETNP_120m_PROKKA_133802,95.03,15,7,5,,40255,Receptor family ligand binding region
31,118967,ETNP14_120maa_PROKKA_156631,94.34,26,11,0,,39652,Monocarboxylate 2-oxoacid-binding periplasmic protein precursor
113,3749,NP_100m_PROKKA_16248,94.15,19,5,5,,31451,hypothetical protein
80,2101,ETNP14_120maa_PROKKA_139086,93.15,17,6,3,,33406,hypothetical protein
69,1272,ETNP_110m_PROKKA_21843,92.83,21,7,7,,39676,Bacterial extracellular solute-binding protein
69,1273,NP_125m_PROKKA_06923,92.83,21,7,7,,39676,Bacterial extracellular solute-binding protein
69,1276,NP_300m_PROKKA_14486,92.83,21,7,7,,39676,Bacterial extracellular solute-binding protein
69,1277,NP_85m_PROKKA_10440,92.83,21,7,7,,39676,Bacterial extracellular solute-binding protein
69,1275,ETNP_100m_PROKKA_85620,92.83,21,7,7,,39676,Bacterial extracellular solute-binding protein
69,1278,ETNP14_120maa_PROKKA_29432,92.83,21,7,7,,39676,Bacterial extracellular solute-binding protein
98,107220,ETNP_300m_PROKKA_103810,92.63,17,6,6,,39600,hypothetical protein
68,118985,NP_85m_PROKKA_02682,92.48,18,6,4,,39975,Monocarboxylate 2-oxoacid-binding periplasmic protein precursor
68,118986,NP_125m_PROKKA_00202,92.48,18,6,4,,39975,Monocarboxylate 2-oxoacid-binding periplasmic protein precursor
68,118987,ETNP_120m_particle_PROKKA_184419,92.48,18,6,4,,39975,Monocarboxylate 2-oxoacid-binding periplasmic protein precursor
68,118988,ETNP14_120maa_PROKKA_07471,92.48,18,6,4,,39975,Monocarboxylate 2-oxoacid-binding periplasmic protein precursor
68,118989,NP_100m_PROKKA_00367,92.48,18,6,4,,39975,Monocarboxylate 2-oxoacid-binding periplasmic protein precursor
68,118990,ETNP_110m_PROKKA_38395,92.48,18,6,4,,39975,Monocarboxylate 2-oxoacid-binding periplasmic protein precursor
68,118991,ETNP_100m_particle_PROKKA_40531,92.48,18,6,4,,39975,Monocarboxylate 2-oxoacid-binding periplasmic protein precursor
94,2343,ETNP_300m_PROKKA_117498,92.17,12,4,4,,46902,putative ABC transporter-binding protein precursor
94,2344,ETNP_120m_PROKKA_216566,92.17,12,4,4,,48365,putative ABC transporter-binding protein precursor
94,2346,ETNP_160m_PROKKA_89816,92.17,12,4,4,,48365,putative ABC transporter-binding protein precursor
94,2345,ETNP_140m_PROKKA_47647,92.17,12,4,4,,48365,putative ABC transporter-binding protein precursor
94,2347,NP_300m_PROKKA_05253,92.17,12,4,4,,48365,putative ABC transporter-binding protein precursor
73,119002,ETNP_110m_PROKKA_11507,91.14,9,5,0,,56225,60 kDa chaperonin
73,119003,ETNP14_120maa_PROKKA_28008,91.14,9,5,0,,57900,60 kDa chaperonin
81,119146,ETNP_140m_PROKKA_09993,91.07,9,5,1,,58218,60 kDa chaperonin
81,119147,ETNP_120m_PROKKA_273782,91.07,9,5,1,,58218,60 kDa chaperonin
81,119148,NP_300m_PROKKA_13154,91.07,9,5,1,,58218,60 kDa chaperonin
99,389,ETNP14_120maa_PROKKA_111366,90.88,17,6,1,,37337,General L-amino acid-binding periplasmic protein AapJ precursor
99,107176,ETNP14_120maa_PROKKA_66447,90.88,17,6,1,,37413,General L-amino acid-binding periplasmic protein AapJ precursor
60,107186,ETNP_100m_particle_PROKKA_113205,90.73,38,8,0,,18566,hypothetical protein
65,118960,ETNP_120m_particle_PROKKA_212673,90.61,21,6,2,,35564,Putative thiamine biosynthesis protein
65,118961,NP_300m_PROKKA_08587,90.61,21,6,2,,35443,Putative thiamine biosynthesis protein
100,361,ETNP14_68maa_PROKKA_99193,90.53,17,6,0,,37467,General L-amino acid-binding periplasmic protein AapJ precursor
101,118972,ETNP_120m_particle_PROKKA_90527,89.34,19,6,1,,36943,General L-amino acid-binding periplasmic protein AapJ precursor
137,95,ETNP_180m_PROKKA_81155,89.06,7,4,4,,81192,Multicopper oxidase
57,118973,ETNP14_120maa_PROKKA_115246,88.59,45,6,0,,10276,Alpha-keto acid-binding periplasmic protein TakP precursor
104,3450,ETNP_110m_PROKKA_32298,88.33,18,5,2,,24386,hypothetical protein
75,107347,NP_300m_PROKKA_09456,88.00,33,6,0,,11688,hypothetical protein
61,118979,ETNP_110m_PROKKA_40671,87.99,36,7,0,,16730,Alpha-keto acid-binding periplasmic protein TakP precursor
61,118980,ETNP14_120mab_PROKKA_80611,87.99,36,7,0,,16752,Alpha-keto acid-binding periplasmic protein TakP precursor
110,118997,ETNP_120m_PROKKA_94461,87.80,15,3,1,,32010,Taurine-binding periplasmic protein precursor
110,118998,NP_300m_PROKKA_16564,87.80,14,3,1,,34169,Taurine-binding periplasmic protein precursor
78,107396,ETNP_120m_PROKKA_200056,87.66,13,4,4,,27136,hypothetical protein
134,107325,ETNP_180m_PROKKA_172072,86.86,16,4,1,,34432,hypothetical protein
66,1489,NP_100m_PROKKA_17967,85.78,28,7,0,,26896,Taurine-binding periplasmic protein precursor
62,119026,NP_125m_PROKKA_05636,85.22,35,7,2,,21095,hypothetical protein
44,692,NP_300m_PROKKA_15288,84.98,25,10,10,,50296,Leucine-  isoleucine-  valine-  threonine-  and alanine-binding protein precursor
44,693,ETNP_160m_PROKKA_38126,84.98,25,10,10,,50319,Leucine-  isoleucine-  valine-  threonine-  and alanine-binding protein precursor
95,1360,ETNP_120m_particle_PROKKA_77529,84.85,19,6,3,,34468,Bacterial extracellular solute-binding protein
95,938,ETNP_120m_PROKKA_44499,84.85,16,6,3,,40193,Bacterial extracellular solute-binding protein
95,939,ETNP14_68maa_PROKKA_154991,84.85,16,6,3,,40175,Bacterial extracellular solute-binding protein
95,937,ETNP_180m_PROKKA_181026,84.85,16,6,3,,40175,Bacterial extracellular solute-binding protein
59,119114,KHE93198,84.11,9,7,5,,75635,hydrazine synthase BC subunit Candidatus Scalindua brodae
102,140,ETNP_120m_PROKKA_239033,83.93,32,6,4,,19139,C-phycoerythrin class 1 subunit beta
102,138,ETNP_120m_free_PROKKA_147966,83.93,32,6,4,,19139,C-phycoerythrin class 1 subunit beta
102,139,ETNP_100m_particle_PROKKA_112481,83.93,32,6,4,,19139,C-phycoerythrin class 1 subunit beta
53,3729,ETNP_120m_particle_PROKKA_72855,83.73,23,7,1,,35671,Monocarboxylate 2-oxoacid-binding periplasmic protein precursor
112,4736,ETNP14_120maa_PROKKA_113456,82.86,17,5,0,,39216,Bacterial extracellular solute-binding protein
112,4735,ETNP14_68maa_PROKKA_82752,82.86,17,5,0,,39216,Bacterial extracellular solute-binding protein
54,118964,ETNP_120m_PROKKA_279895,82.54,26,6,2,,34920,Putative thiamine biosynthesis protein
54,118965,NP_300m_PROKKA_05219,82.54,25,6,2,,35492,Putative thiamine biosynthesis protein
54,118966,ETNP_140m_PROKKA_111734,82.54,25,6,2,,35434,Putative thiamine biosynthesis protein
87,1700,ETNP14_68maa_PROKKA_155360,82.36,17,6,1,,34510,Putative aliphatic sulfonates-binding protein precursor
156,100362,ETNP_300m_PROKKA_120044,82.15,13,3,3,,39133,hypothetical protein
156,119057,NP_100m_PROKKA_07401,82.15,8,3,3,,60120,flagellar basal body rod modification protein
156,119058,ETNP14_120maa_PROKKA_12653,82.15,8,3,3,,60454,flagellar basal body rod modification protein
70,107346,NP_300m_PROKKA_45804,81.67,63,5,0,,6378,hypothetical protein
67,119017,ETNP_120m_PROKKA_51846,81.19,85,6,2,,6355,hypothetical protein
67,119018,ETNP_120m_particle_PROKKA_191004,81.19,45,6,2,,11651,Alpha-keto acid-binding periplasmic protein TakP precursor
123,119153,NP_100m_PROKKA_07831,80.62,16,4,3,,34368,glycine betaine transporter periplasmic subunit
124,107315,NP_300m_PROKKA_18952,80.23,10,5,5,,29108,hypothetical protein
109,119019,NP_300m_PROKKA_27260,79.96,22,4,0,,27125,hypothetical protein
109,119027,ETNP14_120mab_PROKKA_41933,79.96,21,4,0,,27714,hypothetical protein
103,1730,ETNP_110m_PROKKA_42220,79.69,17,5,3,,33245,hypothetical protein
64,119047,ETNP_120m_particle_PROKKA_143468,79.16,49,6,6,,11301,Bacterial DNA-binding protein
64,119048,NP_100m_PROKKA_25305,79.16,49,6,6,,11301,Bacterial DNA-binding protein
64,119049,ETNP_150m_particle_PROKKA_18811,79.16,49,6,6,,11301,Bacterial DNA-binding protein
64,119050,NP_300m_PROKKA_20346,79.16,49,6,6,,11301,Bacterial DNA-binding protein
139,2679,NP_85m_PROKKA_14707,78.96,11,4,3,,58813,Bacterial extracellular solute-binding protein
139,2687,NP_100m_PROKKA_03011,78.96,10,4,3,,63992,Bacterial extracellular solute-binding protein
72,107208,ETNP_300m_PROKKA_181318,78.83,7,7,7,,134406,PA14 domain protein
93,107212,NP_85m_PROKKA_09530,78.22,17,6,0,,36415,General L-amino acid-binding periplasmic protein AapJ precursor
86,661,XP_003061104,77.61,12,6,3,,41766,actin flagellar inner arm intermediate chain  Micromonas pusilla CCMP1545
151,119358,ETNP_160m_PROKKA_93758,77.21,7,3,3,,40164,Bacterial extracellular solute-binding protein
151,119359,ETNP_120m_PROKKA_21017,77.21,6,3,3,,43346,Bacterial extracellular solute-binding protein
114,119062,ETNP_120m_PROKKA_95426,76.86,7,4,2,,82558,Formate dehydrogenase H
114,119063,ETNP_180m_PROKKA_21990,76.86,6,4,2,,99155,Formate dehydrogenase H
114,119064,ETNP_160m_PROKKA_99583,76.86,5,4,2,,106182,Formate dehydrogenase-O major subunit precursor
114,119065,ETNP_140m_PROKKA_105309,76.86,5,4,2,,106906,Formate dehydrogenase H
107,1965,ETNP_180m_PROKKA_132387,76.78,8,4,0,,57224,60 kDa chaperonin
107,119223,ETNP_160m_PROKKA_57515,76.78,8,4,0,,57224,60 kDa chaperonin
89,107232,ETNP_120m_PROKKA_24459,76.43,17,6,3,,39368,Monocarboxylate 2-oxoacid-binding periplasmic protein precursor
89,107233,ETNP_160m_PROKKA_188359,76.43,17,6,3,,39393,Monocarboxylate 2-oxoacid-binding periplasmic protein precursor
162,88006,NP_300m_PROKKA_05383,76.25,14,3,3,,36427,General L-amino acid-binding periplasmic protein AapJ precursor
162,119121,ETNP14_120maa_PROKKA_113527,76.25,14,3,3,,36427,General L-amino acid-binding periplasmic protein AapJ precursor
162,119122,ETNP_120m_PROKKA_05595,76.25,14,3,3,,36427,General L-amino acid-binding periplasmic protein AapJ precursor
162,119123,ETNP_160m_PROKKA_33848,76.25,14,3,3,,36427,General L-amino acid-binding periplasmic protein AapJ precursor
162,119124,ETNP_140m_PROKKA_123038,76.25,14,3,3,,36427,General L-amino acid-binding periplasmic protein AapJ precursor
141,119067,ETNP_180m_PROKKA_117438,75.55,8,3,3,,57660,Quinohemoprotein alcohol dehydrogenase ADH IIB precursor
141,119068,ETNP_120m_free_PROKKA_79382,75.55,8,3,3,,61453,Quinohemoprotein alcohol dehydrogenase ADH IIB precursor
141,119069,ETNP_120m_PROKKA_274492,75.55,8,3,3,,61453,Quinohemoprotein alcohol dehydrogenase ADH IIB precursor
141,119070,ETNP_160m_PROKKA_167750,75.55,8,3,3,,61439,Quinohemoprotein alcohol dehydrogenase ADH IIB precursor
141,119071,ETNP_300m_PROKKA_163281,75.55,8,3,3,,61440,Quinohemoprotein alcohol dehydrogenase ADH IIB precursor
83,118974,NP_300m_PROKKA_08375,75.02,5,5,0,,144201,Respiratory nitrate reductase 1 alpha chain
83,118975,NP_85m_PROKKA_03144,75.02,5,5,0,,144201,Respiratory nitrate reductase 1 alpha chain
83,118976,ETNP14_120maa_PROKKA_05361,75.02,5,5,0,,144201,Respiratory nitrate reductase 1 alpha chain
83,118977,NP_125m_PROKKA_01168,75.02,5,5,0,,144201,Respiratory nitrate reductase 1 alpha chain
206,119232,ETNP_120m_PROKKA_30297,74.98,10,2,2,,33137,hypothetical protein
58,107274,KHE92665,74.96,8,7,3,,90901,hydrazine synthase A subunit Candidatus Scalindua brodae
51,261,XP_003056479,74.74,14,7,0,,49615,beta tubulin  Micromonas pusilla CCMP1545
154,119006,ETNP_120m_particle_PROKKA_116865,74.61,4,3,3,,105882,Vitamin B12 transporter BtuB
154,119007,ETNP_140m_PROKKA_46989,74.61,4,3,3,,103495,Vitamin B12 transporter BtuB
154,119008,NP_300m_PROKKA_01639,74.61,4,3,3,,103915,Vitamin B12 transporter BtuB
74,119072,ETNP_120m_particle_PROKKA_175681,74.50,31,5,0,,12009,Alpha-keto acid-binding periplasmic protein TakP precursor
111,107726,ETNP14_68maa_PROKKA_126798,73.40,16,5,2,,35573,General L-amino acid-binding periplasmic protein AapJ precursor
76,119041,ETNP14_120maa_PROKKA_100467,73.35,12,7,0,,63136,Oligopeptide-binding protein AppA precursor
117,1449,NP_85m_PROKKA_11751,73.11,8,5,2,,55690,ATP synthase subunit alpha
117,1598,NP_100m_PROKKA_09000,73.11,8,5,2,,56093,ATP synthase subunit alpha
108,107721,NP_300m_PROKKA_29559,72.66,16,5,1,,35723,General L-amino acid-binding periplasmic protein AapJ precursor
108,107722,NP_300m_PROKKA_31612,72.66,16,5,1,,35624,General L-amino acid-binding periplasmic protein AapJ precursor
108,107723,ETNP14_120maa_PROKKA_145599,72.66,16,5,1,,35657,General L-amino acid-binding periplasmic protein AapJ precursor
108,107725,ETNP14_120maa_PROKKA_76715,72.66,16,5,1,,35723,General L-amino acid-binding periplasmic protein AapJ precursor
147,107373,ETNP_120m_PROKKA_200726,72.59,6,4,4,,69264,Oligopeptide-binding protein AppA precursor
84,118993,ETNP14_120maa_PROKKA_32935,72.58,5,5,1,,143282,Respiratory nitrate reductase 1 alpha chain
148,101,ETNP14_68maa_PROKKA_166963,72.45,28,4,4,,15623,Photosystem I reaction center subunit II
148,147,NP_85m_PROKKA_25020,72.45,28,4,4,,15669,Photosystem I reaction center subunit II
148,102,ETNP_90m_PROKKA_24349,72.45,28,4,4,,15726,Photosystem I reaction center subunit II
77,119059,ETNP14_120maa_PROKKA_25334,71.44,11,7,0,,63384,Oligopeptide-binding protein AppA precursor
77,119060,ETNP_120m_PROKKA_234341,71.44,11,7,0,,63384,Oligopeptide-binding protein AppA precursor
85,107316,ETNP14_120maa_PROKKA_27079,71.36,5,5,1,,142899,Respiratory nitrate reductase 1 alpha chain
129,107311,ETNP_120m_free_PROKKA_61385,71.32,12,4,1,,39404,Monocarboxylate 2-oxoacid-binding periplasmic protein precursor
129,107312,ETNP_120m_PROKKA_306054,71.32,12,4,1,,39404,Monocarboxylate 2-oxoacid-binding periplasmic protein precursor
138,1677,ETNP_90m_PROKKA_166636,70.55,12,4,1,,33070,Bacterial actin-related protein
96,119051,WP_029389110,70.46,11,6,0,,63458,peptide ABC transporter SAR324 cluster bacterium SCGC AAA001-C10
96,119052,ETNP_300m_PROKKA_191878,70.46,17,6,0,,40955,Glutathione-binding protein GsiB precursor
96,119053,ETNP_120m_PROKKA_294386,70.46,14,6,0,,47643,Glutathione-binding protein GsiB precursor
96,119054,ETNP_160m_PROKKA_45100,70.46,14,6,0,,48124,Glutathione-binding protein GsiB precursor
96,119055,ETNP14_120maa_PROKKA_132978,70.46,13,6,0,,51138,Glutathione-binding protein GsiB precursor
96,119056,ETNP_180m_PROKKA_35567,70.46,11,6,0,,62877,Oligopeptide-binding protein AppA precursor
168,119033,ETNP_160m_PROKKA_143180,70.46,10,3,3,,40326,hypothetical protein
142,107324,ETNP_300m_PROKKA_03840,69.91,33,4,1,,18591,hypothetical protein
135,119083,ETNP_180m_PROKKA_170303,69.73,9,4,4,,66724,putative ABC transporter-binding protein precursor
106,4678,NP_100m_PROKKA_02946,69.35,13,5,1,,44655,Leucine-  isoleucine-  valine-  threonine-  and alanine-binding protein precursor
106,4679,NP_125m_PROKKA_07443,69.35,13,5,1,,44625,Leucine-  isoleucine-  valine-  threonine-  and alanine-binding protein precursor
90,107246,NP_85m_PROKKA_19634,69.03,14,5,5,,42437,Spermidine/putrescine-binding periplasmic protein precursor
90,107247,ETNP14_68maa_PROKKA_25172,69.03,14,5,5,,42444,Spermidine/putrescine-binding periplasmic protein precursor
90,107248,NP_100m_PROKKA_09832,69.03,14,5,5,,42437,Spermidine/putrescine-binding periplasmic protein precursor
90,107249,NP_300m_PROKKA_32140,69.03,14,5,5,,42437,Spermidine/putrescine-binding periplasmic protein precursor
90,107250,NP_125m_PROKKA_03771,69.03,14,5,5,,42437,Spermidine/putrescine-binding periplasmic protein precursor
90,107251,ETNP14_120maa_PROKKA_15145,69.03,14,5,5,,42437,Spermidine/putrescine-binding periplasmic protein precursor
90,107252,ETNP_110m_PROKKA_30638,69.03,14,5,5,,42437,Spermidine/putrescine-binding periplasmic protein precursor
146,2803,NP_85m_PROKKA_10205,68.86,5,4,1,,55402,ATP synthase subunit alpha
126,154,ETNP_120m_PROKKA_239025,68.83,24,3,2,,18407,C-phycoerythrin class 2 subunit beta
126,155,ETNP_120m_free_PROKKA_182310,68.83,24,3,2,,18407,C-phycoerythrin class 2 subunit beta
126,153,ETNP_90m_PROKKA_15076,68.83,24,3,2,,18407,C-phycoerythrin class 2 subunit beta
167,107616,ETNP14_68maa_PROKKA_110974,68.54,9,3,0,,34911,Taurine-binding periplasmic protein precursor
153,119061,NP_85m_PROKKA_07022,68.50,10,3,2,,38817,Alpha-keto acid-binding periplasmic protein TakP precursor
198,2983,ETNP_120m_free_PROKKA_182392,68.28,9,2,2,,34119,glycine betaine transporter periplasmic subunit
198,2984,ETNP_180m_PROKKA_61735,68.28,9,2,2,,36437,glycine betaine transporter periplasmic subunit
198,2985,ETNP_120m_PROKKA_150239,68.28,9,2,2,,36437,glycine betaine transporter periplasmic subunit
198,2986,NP_300m_PROKKA_22777,68.28,9,2,2,,36437,glycine betaine transporter periplasmic subunit
198,2987,ETNP_300m_PROKKA_25221,68.28,9,2,2,,36437,glycine betaine transporter periplasmic subunit
198,2988,ETNP_160m_PROKKA_158752,68.28,9,2,2,,36437,glycine betaine transporter periplasmic subunit
132,107240,NP_300m_PROKKA_12370,68.25,8,4,2,,58010,60 kDa chaperonin
105,119081,ETNP_120m_PROKKA_83500,67.89,24,5,1,,20791,hypothetical protein
136,119120,ETNP_120m_particle_PROKKA_124412,67.78,6,3,1,,80098,Formate dehydrogenase H
97,119145,ETNP14_120mab_PROKKA_70952,67.61,27,5,0,,16596,Alpha-keto acid-binding periplasmic protein TakP precursor
157,119143,ETNP14_120maa_PROKKA_65555,67.37,9,3,3,,42263,maltose ABC transporter periplasmic protein
157,119144,NP_100m_PROKKA_09882,67.37,9,3,3,,42263,maltose ABC transporter periplasmic protein
157,119149,ETNP_140m_PROKKA_42523,67.37,17,3,3,,23808,Bacterial extracellular solute-binding protein
127,119013,ETNP_150m_particle_PROKKA_20236,65.30,4,4,1,,143052,Respiratory nitrate reductase 1 alpha chain
120,2792,ETNP14_68maa_PROKKA_103183,65.01,10,4,0,,44663,Leucine-  isoleucine-  valine-  threonine-  and alanine-binding protein precursor
120,2793,NP_100m_PROKKA_13137,65.01,10,4,0,,45031,Leucine-  isoleucine-  valine-  threonine-  and alanine-binding protein precursor
133,577,WP_011128866,63.77,24,4,1,,18085,C-phycoerythrin class 2 subunit beta Synechococcus
170,3258,ETNP_120m_PROKKA_131601,63.57,16,3,3,,29164,ABC transporter arginine-binding protein 1 precursor
170,3257,ETNP_160m_PROKKA_52992,63.57,16,3,3,,29164,ABC transporter arginine-binding protein 1 precursor
170,3259,NP_300m_PROKKA_04554,63.57,16,3,3,,29164,ABC transporter arginine-binding protein 1 precursor
170,3260,ETNP_180m_PROKKA_214212,63.57,16,3,3,,29164,ABC transporter arginine-binding protein 1 precursor
170,3261,ETNP_120m_PROKKA_330415,63.57,15,3,3,,29351,ABC transporter arginine-binding protein 1 precursor
192,107682,NP_300m_PROKKA_33857,62.72,8,2,2,,31669,putative ABC transporter-binding protein precursor
192,107683,NP_125m_PROKKA_09628,62.72,6,2,2,,40955,maltose ABC transporter periplasmic protein
192,107684,ETNP_110m_PROKKA_16294,62.72,5,2,2,,43571,maltose ABC transporter periplasmic protein
192,107685,NP_100m_PROKKA_08344,62.72,5,2,2,,43571,maltose ABC transporter periplasmic protein
192,107686,ETNP14_120maa_PROKKA_01943,62.72,5,2,2,,43571,maltose ABC transporter periplasmic protein
192,107687,NP_85m_PROKKA_05769,62.72,5,2,2,,43571,maltose ABC transporter periplasmic protein
118,119215,NP_125m_PROKKA_05276,62.59,13,4,2,,33505,glycine betaine transporter periplasmic subunit
118,119216,ETNP14_120maa_PROKKA_46439,62.59,13,4,2,,33505,glycine betaine transporter periplasmic subunit
225,144,ETNP_120m_free_PROKKA_60142,61.73,10,2,2,,28624,hypothetical protein
125,3497,ETNP14_120maa_PROKKA_167511,61.66,8,3,1,,28495,hypothetical protein
143,119131,ETNP_120m_PROKKA_164604,61.21,7,4,4,,57649,Periplasmic dipeptide transport protein precursor
143,119132,NP_300m_PROKKA_03566,61.21,7,4,4,,57649,Periplasmic dipeptide transport protein precursor
143,119133,ETNP_140m_PROKKA_128292,61.21,7,4,4,,57649,Periplasmic dipeptide transport protein precursor
143,119134,ETNP_180m_PROKKA_192696,61.21,7,4,4,,57649,Periplasmic dipeptide transport protein precursor
143,119135,ETNP_160m_PROKKA_63379,61.21,7,4,4,,57649,Periplasmic dipeptide transport protein precursor
143,119136,NP_100m_PROKKA_09173,61.21,7,4,4,,57649,Periplasmic dipeptide transport protein precursor
115,2074,XP_002180656,61.13,8,5,1,,49747,predicted protein  Phaeodactylum tricornutum CCAP 1055
159,119165,ETNP_120m_PROKKA_195906,60.99,6,3,3,,43975,Formamidase
149,119189,NP_300m_PROKKA_05831,60.94,12,4,1,,39400,Leu/Ile/Val/Thr-binding protein precursor
226,1504,ETNP_160m_PROKKA_78370,60.92,14,2,0,,18547,Photosystem I reaction center subunit III precursor
226,1503,ETNP_90m_PROKKA_03594,60.92,14,2,0,,18547,Photosystem I reaction center subunit III precursor
150,119199,NP_100m_PROKKA_03094,60.71,9,4,1,,39587,Leu/Ile/Val/Thr-binding protein precursor
164,2258,ETNP_140m_PROKKA_15602,60.50,6,3,3,,66767,PA14 domain protein
199,119179,NP_300m_PROKKA_10646,60.47,7,2,2,,35892,Cystine-binding periplasmic protein precursor
144,107276,ETNP14_120mab_PROKKA_117245,60.05,23,4,0,,17595,hypothetical protein
169,474,ETNP_100m_particle_PROKKA_82300,59.86,28,3,1,,14624,Tubulin/FtsZ family  GTPase domain
122,119140,ETNP_120m_free_PROKKA_255584,59.56,10,4,0,,44793,Leucine-  isoleucine-  valine-  threonine-  and alanine-binding protein precursor
122,3290,ETNP14_120maa_PROKKA_94324,59.56,10,4,0,,44961,Leucine-  isoleucine-  valine-  threonine-  and alanine-binding protein precursor
122,119141,ETNP_180m_PROKKA_190379,59.56,9,4,0,,48837,Leucine-  isoleucine-  valine-  threonine-  and alanine-binding protein precursor
122,119142,ETNP_140m_PROKKA_22839,59.56,9,4,0,,48850,Leucine-  isoleucine-  valine-  threonine-  and alanine-binding protein precursor
122,3012,NP_100m_PROKKA_04850,59.56,9,4,0,,48850,Leucine-  isoleucine-  valine-  threonine-  and alanine-binding protein precursor
122,3013,NP_300m_PROKKA_03330,59.56,9,4,0,,48837,Leucine-  isoleucine-  valine-  threonine-  and alanine-binding protein precursor
227,119295,ETNP_110m_PROKKA_50908,59.43,15,2,2,,22142,Tripartite tricarboxylate transporter family receptor
227,119296,ETNP_140m_PROKKA_47677,59.43,11,2,2,,31184,Tripartite tricarboxylate transporter family receptor
227,119297,NP_300m_PROKKA_05613,59.43,9,2,2,,35203,Tripartite tricarboxylate transporter family receptor
227,119298,NP_300m_PROKKA_17136,59.43,9,2,2,,35275,Tripartite tricarboxylate transporter family receptor
227,119299,ETNP_160m_PROKKA_210245,59.43,9,2,2,,35275,Tripartite tricarboxylate transporter family receptor
227,119300,ETNP_180m_PROKKA_79647,59.43,9,2,2,,35275,Tripartite tricarboxylate transporter family receptor
227,119301,ETNP_120m_PROKKA_146530,59.43,9,2,2,,35275,Tripartite tricarboxylate transporter family receptor
227,119302,ETNP_120m_particle_PROKKA_189146,59.43,9,2,2,,36981,Tripartite tricarboxylate transporter family receptor
202,107351,ETNP_120m_PROKKA_326509,59.16,5,2,2,,45149,hypothetical protein
185,119422,ETNP_120m_free_PROKKA_261782,59.08,11,3,1,,31433,Receptor family ligand binding region
185,60849,ETNP_180m_PROKKA_68985,59.08,9,3,1,,40224,Receptor family ligand binding region
185,60850,ETNP_160m_PROKKA_137218,59.08,9,3,1,,40224,Receptor family ligand binding region
185,119423,ETNP_120m_PROKKA_288212,59.08,9,3,1,,40224,Receptor family ligand binding region
185,60851,NP_300m_PROKKA_09796,59.08,9,3,1,,40224,Receptor family ligand binding region
185,119424,ETNP_140m_PROKKA_157524,59.08,9,3,1,,40224,Receptor family ligand binding region
184,119290,ETNP_160m_PROKKA_10312,58.95,11,2,2,,23585,Substrate binding domain of ABC-type glycine betaine transport system
184,119291,ETNP_120m_particle_PROKKA_107560,58.95,9,2,2,,29408,glycine betaine transporter periplasmic subunit
184,119292,ETNP_120m_PROKKA_72050,58.95,8,2,2,,32648,glycine betaine transporter periplasmic subunit
184,119293,ETNP_180m_PROKKA_17359,58.95,8,2,2,,34636,glycine betaine transporter periplasmic subunit
179,119092,ETNP_100m_PROKKA_42747,58.49,10,3,2,,33289,Elongation factor Tu
179,119094,NP_85m_PROKKA_08167,58.49,7,3,2,,43465,Elongation factor Tu
179,119095,ETNP_110m_PROKKA_50251,58.49,7,3,2,,43433,Elongation factor Tu
179,119096,NP_125m_PROKKA_03188,58.49,7,3,2,,43465,Elongation factor Tu
179,4772,NP_300m_PROKKA_13421,58.49,7,3,2,,43409,Elongation factor Tu
155,107465,ETNP_180m_PROKKA_117948,58.30,3,3,1,,113871,Respiratory nitrate reductase 1 alpha chain
174,551,ETNP_90m_PROKKA_122859,57.72,11,2,2,,20071,Photosystem I reaction center subunit XI
174,555,ETNP_120m_PROKKA_321604,57.72,11,2,2,,20071,Photosystem I reaction center subunit XI
174,546,ETNP_120m_PROKKA_115988,57.72,11,2,2,,20020,Photosystem I reaction center subunit XI
174,548,ETNP_100m_PROKKA_21334,57.72,11,2,2,,20020,Photosystem I reaction center subunit XI
174,549,ETNP_90m_PROKKA_59218,57.72,11,2,2,,20020,Photosystem I reaction center subunit XI
174,552,ETNP_100m_particle_PROKKA_140193,57.72,11,2,2,,20071,Photosystem I reaction center subunit XI
174,556,ETNP_140m_PROKKA_60611,57.72,11,2,2,,20071,Photosystem I reaction center subunit XI
174,553,ETNP_110m_PROKKA_44967,57.72,11,2,2,,20071,Photosystem I reaction center subunit XI
174,547,ETNP_110m_PROKKA_02539,57.72,11,2,2,,20020,Photosystem I reaction center subunit XI
174,554,ETNP_100m_PROKKA_21330,57.72,11,2,2,,20071,Photosystem I reaction center subunit XI
174,550,NP_85m_PROKKA_11773,57.72,11,2,2,,20038,Photosystem I reaction center subunit XI
174,1734,WP_036912719,57.72,11,2,2,,20105,photosystem I reaction center protein subunit XI Prochlorococcus
174,1736,WP_011131135,57.72,11,2,2,,20078,phosphorylase Prochlorococcus marinus
174,1735,ETNP_90m_PROKKA_185730,57.72,11,2,2,,20078,Photosystem I reaction center subunit XI
208,119245,NP_85m_PROKKA_09407,57.45,8,2,2,,37574,Bacterial extracellular solute-binding protein
208,119246,NP_300m_PROKKA_16158,57.45,8,2,2,,37574,Bacterial extracellular solute-binding protein
208,119247,NP_100m_PROKKA_04398,57.45,8,2,2,,37574,Bacterial extracellular solute-binding protein
208,119248,ETNP14_120maa_PROKKA_05966,57.45,8,2,2,,37574,Bacterial extracellular solute-binding protein
208,119249,ETNP_100m_PROKKA_01239,57.45,8,2,2,,37574,Bacterial extracellular solute-binding protein
208,119250,ETNP_110m_PROKKA_04894,57.45,8,2,2,,37574,Bacterial extracellular solute-binding protein
130,119161,ETNP14_120maa_PROKKA_122266,56.86,11,4,3,,37562,hypothetical protein
213,1570,ETNP_100m_PROKKA_92665,56.61,11,2,0,,23940,Photosystem I reaction center subunit III precursor
121,1717,WP_015895894,56.31,7,4,1,,58788,molecular chaperone GroEL Acidobacterium capsulatum
128,107342,ETNP14_120maa_PROKKA_108374,56.28,8,4,0,,40014,Alpha-keto acid-binding periplasmic protein TakP precursor
128,107343,NP_300m_PROKKA_20973,56.28,8,4,0,,40155,Alpha-keto acid-binding periplasmic protein TakP precursor
128,107344,ETNP_120m_PROKKA_74307,56.28,8,4,0,,40322,Alpha-keto acid-binding periplasmic protein TakP precursor
145,520,XP_003063038,56.19,29,3,3,,11395,predicted protein  Micromonas pusilla CCMP1545
145,521,ETNP_90m_PROKKA_109358,56.19,29,3,3,,11367,Core histone H2A/H2B/H3/H4
145,522,ETNP_70m_PROKKA_144910,56.19,29,3,3,,11395,Core histone H2A/H2B/H3/H4
145,516,ETNP_70m_PROKKA_132488,56.19,29,3,3,,11367,Core histone H2A/H2B/H3/H4
145,811,XP_002179286,56.19,29,3,3,,11383,histone H4 isoform 1b  Phaeodactylum tricornutum CCAP 1055
145,813,EJK69577,56.19,29,3,3,,11383,hypothetical protein THAOC_09145  Thalassiosira oceanica
145,523,XP_003061514,56.19,29,3,3,,11395,histone H4  Micromonas pusilla CCMP1545
145,517,ETNP_120m_particle_PROKKA_44959,56.19,29,3,3,,11365,Core histone H2A/H2B/H3/H4
145,518,ETNP14_68mB_PROKKA_59955,56.19,29,3,3,,11367,Core histone H2A/H2B/H3/H4
145,812,XP_002179505,56.19,29,3,3,,11383,histone H4 isoform 1a  Phaeodactylum tricornutum CCAP 1055
145,519,XP_003061756,56.19,29,3,3,,11395,predicted protein  Micromonas pusilla CCMP1545
145,524,XP_003059520,56.19,29,3,3,,11395,predicted protein  Micromonas pusilla CCMP1545
145,557,ETNP_100m_particle_PROKKA_140022,56.19,29,3,3,,11381,Core histone H2A/H2B/H3/H4
145,814,EJK72475,56.19,26,3,3,,13036,hypothetical protein THAOC_05990  Thalassiosira oceanica
145,541,XP_003074685,56.19,11,3,3,,31136,Histone H4 ISS  Ostreococcus tauri
145,820,EJK63755,56.19,8,3,3,,39773,hypothetical protein THAOC_15573 partial  Thalassiosira oceanica
171,107202,NP_300m_PROKKA_08503,55.56,8,3,3,,39772,Alpha-keto acid-binding periplasmic protein TakP precursor
171,107203,ETNP_120m_PROKKA_310245,55.56,8,3,3,,39772,Alpha-keto acid-binding periplasmic protein TakP precursor
171,107204,ETNP_120m_particle_PROKKA_108393,55.56,8,3,3,,39772,Alpha-keto acid-binding periplasmic protein TakP precursor
171,107205,ETNP_110m_PROKKA_29371,55.56,8,3,3,,39772,Alpha-keto acid-binding periplasmic protein TakP precursor
209,119251,ETNP_180m_PROKKA_116337,55.30,4,2,2,,46537,D-ribose-binding periplasmic protein precursor
209,119252,ETNP_300m_PROKKA_181212,55.30,3,2,2,,70396,putative ABC transporter-binding protein precursor
235,119419,ETNP_120m_PROKKA_36391,54.47,5,2,2,,46497,Quinoprotein glucose dehydrogenase B precursor
235,119420,ETNP_180m_PROKKA_167995,54.47,5,2,2,,48199,Quinoprotein glucose dehydrogenase B precursor
207,119235,ETNP_180m_PROKKA_200274,54.42,8,2,2,,33339,hypothetical protein
207,119236,ETNP_160m_PROKKA_203114,54.42,6,2,2,,44426,hypothetical protein
229,119332,ETNP_160m_PROKKA_141473,54.18,13,2,2,,24766,Heme-binding protein A precursor
229,119333,ETNP_100m_particle_PROKKA_143189,54.18,10,2,2,,30510,Heme-binding protein A precursor
229,119334,ETNP_120m_free_PROKKA_154349,54.18,10,2,2,,31483,Bacterial extracellular solute-binding proteins  family 5 Middle
229,119335,ETNP_180m_PROKKA_22004,54.18,8,2,2,,40579,Heme-binding protein A precursor
181,119167,ETNP14_120maa_PROKKA_15015,54.07,16,3,3,,31995,hypothetical protein
181,119168,ETNP14_68maa_PROKKA_195713,54.07,14,3,3,,37633,hypothetical protein
181,119169,ETNP_160m_PROKKA_93113,54.07,10,3,3,,50469,hypothetical protein
181,119170,ETNP_120m_free_PROKKA_264452,54.07,8,3,3,,61711,hypothetical protein
181,119171,ETNP_120m_PROKKA_183604,54.07,8,3,3,,61711,hypothetical protein
181,119172,ETNP_180m_PROKKA_37464,54.07,8,3,3,,61711,hypothetical protein
131,110248,ETNP_180m_PROKKA_127487,53.63,6,3,1,,45442,Monocarboxylate 2-oxoacid-binding periplasmic protein precursor
131,110249,ETNP_160m_PROKKA_164204,53.63,6,3,1,,45442,Monocarboxylate 2-oxoacid-binding periplasmic protein precursor
131,110250,ETNP_120m_PROKKA_92301,53.63,6,3,1,,45442,Monocarboxylate 2-oxoacid-binding periplasmic protein precursor
131,119224,ETNP_140m_PROKKA_33697,53.63,6,3,1,,45411,Monocarboxylate 2-oxoacid-binding periplasmic protein precursor
131,119225,ETNP_90m_PROKKA_36342,53.63,6,3,1,,39449,Monocarboxylate 2-oxoacid-binding periplasmic protein precursor
131,119226,ETNP_100m_PROKKA_40642,53.63,6,3,1,,39449,Monocarboxylate 2-oxoacid-binding periplasmic protein precursor
131,119227,ETNP_120m_PROKKA_189568,53.63,6,3,1,,39449,Monocarboxylate 2-oxoacid-binding periplasmic protein precursor
131,119237,ETNP14_120maa_PROKKA_85647,53.63,6,3,1,,39664,Monocarboxylate 2-oxoacid-binding periplasmic protein precursor
163,119137,ETNP_120m_PROKKA_57656,53.22,4,3,3,,75504,Bacterial extracellular solute-binding proteins  family 5 Middle
214,1500,ETNP_110m_PROKKA_12720,53.15,14,2,0,,18507,Photosystem I reaction center subunit III precursor
214,1501,ETNP_140m_PROKKA_159965,53.15,14,2,0,,18507,Photosystem I reaction center subunit III precursor
214,1502,NP_85m_PROKKA_18135,53.15,14,2,0,,18507,Photosystem I reaction center subunit III precursor
180,57451,ETNP_120m_particle_PROKKA_218405,53.06,9,3,2,,42977,Elongation factor Tu
180,57452,NP_300m_PROKKA_33099,53.06,9,3,2,,43009,Elongation factor Tu
234,119411,ETNP_120m_PROKKA_156516,53.03,10,2,2,,42912,putative D D-dipeptide-binding periplasmic protein DdpA precursor
234,119412,ETNP_180m_PROKKA_187000,53.03,8,2,2,,52408,Periplasmic dipeptide transport protein precursor
234,119413,ETNP_300m_PROKKA_120422,53.03,8,2,2,,52408,Periplasmic dipeptide transport protein precursor
234,119414,ETNP_160m_PROKKA_74749,53.03,7,2,2,,57989,Periplasmic dipeptide transport protein precursor
234,119415,ETNP_140m_PROKKA_84091,53.03,7,2,2,,57989,Periplasmic dipeptide transport protein precursor
234,119416,NP_300m_PROKKA_04812,53.03,7,2,2,,57989,Periplasmic dipeptide transport protein precursor
200,119254,ETNP_160m_PROKKA_106229,51.70,3,2,1,,84068,Pesticin receptor precursor
230,119367,WP_018047897,51.59,7,2,2,,36029,hypothetical protein Nitrospina sp AB-629-B18
201,145,ETNP_100m_PROKKA_13915,51.48,12,2,2,,27289,Divinyl chlorophyll a/b light-harvesting protein PcbB
201,146,ETNP_140m_PROKKA_160181,51.48,12,2,2,,28052,Divinyl chlorophyll a/b light-harvesting protein PcbB
201,191,ETNP_140m_PROKKA_58522,51.48,12,2,2,,28052,Divinyl chlorophyll a/b light-harvesting protein PcbB
201,93,NP_85m_PROKKA_25466,51.48,9,2,2,,34628,Divinyl chlorophyll a/b light-harvesting protein PcbB
201,94,ETNP_90m_PROKKA_151411,51.48,8,2,2,,38538,Divinyl chlorophyll a/b light-harvesting protein PcbB
201,152,NP_85m_PROKKA_17755,51.48,8,2,2,,38586,Divinyl chlorophyll a/b light-harvesting protein PcbB
116,4844,ETNP14_120maa_PROKKA_36339,50.91,12,4,4,,45206,Glycine betaine-binding periplasmic protein precursor
177,119324,ETNP14_68mB_PROKKA_15410,50.79,8,2,0,,34273,glycine betaine transporter periplasmic subunit
173,119220,ETNP_160m_PROKKA_136576,50.75,8,3,1,,56659,Major capsid protein Gp23
173,119221,ETNP_120m_PROKKA_195150,50.75,7,3,1,,59821,Major capsid protein Gp23
173,119222,ETNP_180m_PROKKA_220540,50.75,7,3,1,,59821,Major capsid protein Gp23
211,119267,ETNP14_120maa_PROKKA_33148,50.66,2,2,1,,88615,Pesticin receptor precursor
191,107411,ETNP_300m_PROKKA_12052,50.62,2,2,2,,96371,Colicin I receptor precursor
191,107402,ETNP14_120maa_PROKKA_82871,50.62,2,2,2,,91557,Pesticin receptor precursor
191,107405,ETNP_120m_particle_PROKKA_127161,50.62,2,2,2,,96292,Colicin I receptor precursor
191,107407,NP_100m_PROKKA_02021,50.62,2,2,2,,96351,Colicin I receptor precursor
191,107408,ETNP_100m_PROKKA_49665,50.62,2,2,2,,96335,Colicin I receptor precursor
191,107409,NP_85m_PROKKA_06917,50.62,2,2,2,,96321,Colicin I receptor precursor
191,107410,ETNP_110m_PROKKA_38943,50.62,2,2,2,,96321,Colicin I receptor precursor
191,107404,ETNP_140m_PROKKA_14461,50.62,2,2,2,,96349,Colicin I receptor precursor
191,107406,NP_300m_PROKKA_17257,50.62,2,2,2,,96349,Colicin I receptor precursor
236,119425,NP_85m_PROKKA_29809,50.48,30,2,2,,8869,DNA-binding protein HU-beta
236,119426,ETNP14_120mab_PROKKA_162942,50.48,30,2,2,,8869,DNA-binding protein HU-beta
182,107201,ETNP_120m_PROKKA_141011,50.32,23,3,1,,14547,hypothetical protein
172,119201,NP_125m_PROKKA_08353,50.28,9,3,3,,35961,Purine-binding protein precursor
172,119202,ETNP_160m_PROKKA_104461,50.28,9,3,3,,35961,Purine-binding protein precursor
172,119203,ETNP_140m_PROKKA_23648,50.28,9,3,3,,35961,Purine-binding protein precursor
172,119204,ETNP_180m_PROKKA_207148,50.28,9,3,3,,35961,Purine-binding protein precursor
172,119205,ETNP_300m_PROKKA_61560,50.28,9,3,3,,35961,Purine-binding protein precursor
172,119206,ETNP_120m_PROKKA_223333,50.28,9,3,3,,35961,Purine-binding protein precursor
172,119207,NP_300m_PROKKA_14314,50.28,9,3,3,,35961,Purine-binding protein precursor
172,119208,NP_85m_PROKKA_19421,50.28,8,3,3,,37072,Purine-binding protein precursor
160,119184,NP_300m_PROKKA_13096,50.06,6,3,3,,58423,Periplasmic dipeptide transport protein precursor
160,119185,ETNP_300m_PROKKA_174723,50.06,6,3,3,,58409,Periplasmic dipeptide transport protein precursor
160,119186,NP_125m_PROKKA_04290,50.06,6,3,3,,58495,Periplasmic dipeptide transport protein precursor
160,119187,NP_85m_PROKKA_10863,50.06,6,3,3,,58423,Periplasmic dipeptide transport protein precursor
160,119197,NP_100m_PROKKA_12105,50.06,7,3,3,,51526,Periplasmic dipeptide transport protein precursor
160,119209,ETNP_110m_PROKKA_45307,50.06,16,3,3,,21709,Periplasmic dipeptide transport protein precursor
160,119210,ETNP14_120maa_PROKKA_72422,50.06,15,3,3,,23307,Periplasmic dipeptide transport protein precursor
160,119211,ETNP_140m_PROKKA_36873,50.06,12,3,3,,27823,Periplasmic dipeptide transport protein precursor
160,119212,ETNP_100m_PROKKA_88304,50.06,11,3,3,,29882,Periplasmic dipeptide transport protein precursor
422,119502,NP_85m_PROKKA_27153,49.87,13,1,1,,9447,DNA-binding protein HU-beta
422,119503,ETNP14_120maa_PROKKA_146480,49.87,13,1,1,,9462,DNA-binding protein HU-beta
422,119504,NP_100m_PROKKA_00947,49.87,13,1,1,,9403,DNA-binding protein HU-beta
422,119505,NP_300m_PROKKA_48025,49.87,13,1,1,,9416,DNA-binding protein HU-beta
422,119506,Fosmid_PROKKA_06315,49.87,13,1,1,,9374,DNA-binding protein HU-beta
422,119507,ETNP_110m_PROKKA_49725,49.87,13,1,1,,9375,DNA-binding protein HU-beta
238,119639,ETNP_300m_PROKKA_126912,49.54,28,2,2,,7030,Cold shock protein ScoF
217,119421,ETNP_300m_PROKKA_144321,48.30,8,2,2,,39461,hypothetical protein
423,119508,ETNP_180m_PROKKA_63430,48.28,9,1,1,,16310,hypothetical protein
423,119509,ETNP_140m_PROKKA_99319,48.28,6,1,1,,23164,hypothetical protein
423,119510,ETNP_160m_PROKKA_06820,48.28,6,1,1,,23164,hypothetical protein
161,4357,NP_125m_PROKKA_01652,47.95,10,3,2,,30115,hypothetical protein
176,107737,NP_300m_PROKKA_20906,47.48,9,3,2,,29377,hypothetical protein
228,119325,ETNP_150m_particle_PROKKA_11243,47.42,15,2,2,,22446,Respiratory nitrate reductase 1 alpha chain
158,1935,NP_300m_PROKKA_04065,47.37,2,3,3,,155384,DNA-directed RNA polymerase subunit beta'
158,119151,ETNP_120m_free_PROKKA_164481,47.37,2,3,3,,134160,DNA-directed RNA polymerase subunit beta'
158,1987,ETNP14_68maa_PROKKA_25709,47.37,2,3,3,,154287,DNA-directed RNA polymerase subunit beta'
158,1879,NP_85m_PROKKA_01369,47.37,2,3,3,,158978,DNA-directed RNA polymerase subunit beta'
175,2480,NP_85m_PROKKA_19659,47.16,12,3,2,,26330,hypothetical protein
175,2483,ETNP14_68maa_PROKKA_98457,47.16,8,3,2,,39547,hypothetical protein
312,119443,ETNP_300m_PROKKA_140675,47.00,6,1,1,,18670,General L-amino acid-binding periplasmic protein AapJ precursor
312,119444,ETNP_160m_PROKKA_111277,47.00,5,1,1,,22012,General L-amino acid-binding periplasmic protein AapJ precursor
312,119445,ETNP_100m_PROKKA_95849,47.00,5,1,1,,22825,General L-amino acid-binding periplasmic protein AapJ precursor
312,119446,ETNP_100m_particle_PROKKA_52848,47.00,5,1,1,,24588,General L-amino acid-binding periplasmic protein AapJ precursor
312,119447,ETNP_180m_PROKKA_225907,47.00,4,1,1,,29128,General L-amino acid-binding periplasmic protein AapJ precursor
312,119448,ETNP_70m_PROKKA_94564,47.00,3,1,1,,36363,General L-amino acid-binding periplasmic protein AapJ precursor
312,119449,NP_300m_PROKKA_02134,47.00,3,1,1,,36297,General L-amino acid-binding periplasmic protein AapJ precursor
312,119514,ETNP_140m_PROKKA_06210,47.00,16,1,1,,7741,General L-amino acid-binding periplasmic protein AapJ precursor
231,119388,ETNP14_68mB_PROKKA_85120,46.56,7,2,1,,27461,60 kDa chaperonin 3
165,3157,ETNP_90m_PROKKA_172685,45.74,5,2,0,,57923,60 kDa chaperonin 5
165,3868,ETNP_60m_PROKKA_21646,45.74,23,2,0,,11997,60 kDa chaperonin
232,119389,ETNP14_68mB_PROKKA_45016,45.44,11,2,1,,23102,Major capsid protein Gp23
233,3644,ETNP14_68mB_PROKKA_02367,45.23,20,2,2,,10670,10 kDa chaperonin 1
424,119520,NP_125m_PROKKA_04230,44.47,4,1,1,,40206,hypothetical protein
190,715,ETNP14_120mab_PROKKA_10297,44.34,5,2,1,,33256,Taurine-binding periplasmic protein precursor
190,722,ETNP14_120mab_PROKKA_07981,44.34,6,2,1,,27188,Taurine-binding periplasmic protein precursor
190,991,ETNP14_68mB_PROKKA_14434,44.34,5,2,1,,32816,Taurine-binding periplasmic protein precursor
190,1083,ETNP14_68mB_PROKKA_62164,44.34,12,2,1,,13894,hypothetical protein
190,1084,ETNP_70m_PROKKA_22590,44.34,11,2,1,,15363,hypothetical protein
190,810,ETNP14_68mB_PROKKA_161383,44.34,11,2,1,,16053,hypothetical protein
190,816,ETNP14_68mB_PROKKA_146465,44.34,10,2,1,,17097,hypothetical protein
190,1085,ETNP_70m_PROKKA_91380,44.34,9,2,1,,18155,hypothetical protein
183,119265,ETNP_120m_PROKKA_60217,44.21,11,3,3,,33873,4-hydroxybenzoyl-CoA reductase subunit beta
186,27419,XP_002179427,43.63,14,2,2,,13178,histone H2A isoform 3b  Phaeodactylum tricornutum CCAP 1055
186,27421,XP_002179202,43.63,14,2,2,,13178,histone H2A isoform 3a  Phaeodactylum tricornutum CCAP 1055
215,119386,ETNP_120m_PROKKA_245819,43.31,5,2,1,,39236,hypothetical protein
215,119387,ETNP_120m_particle_PROKKA_48790,43.31,5,2,1,,39835,hypothetical protein
210,4092,WP_025047193,43.04,4,2,1,,63756,ABC transporter substrate-binding protein Sulfitobacter mediterraneus
210,2156,WP_013960320,43.04,4,2,1,,64378,ABC transporter substrate-binding protein Roseobacter litoralis
210,3509,WP_013045762,43.04,4,2,1,,63951,ABC transporter substrate-binding protein Candidatus Puniceispirillum marinum
425,119542,ETNP_300m_PROKKA_30674,42.61,4,1,1,,30858,Diaminopimelate decarboxylase
425,119543,ETNP_180m_PROKKA_141353,42.61,2,1,1,,50989,Diaminopimelate decarboxylase
425,119544,ETNP_120m_PROKKA_195285,42.61,2,1,1,,51024,Diaminopimelate decarboxylase
425,119545,NP_300m_PROKKA_05999,42.61,2,1,1,,50989,Diaminopimelate decarboxylase
425,119546,ETNP_160m_PROKKA_05796,42.61,2,1,1,,50994,Diaminopimelate decarboxylase
278,119437,ETNP14_120mab_PROKKA_69542,42.13,5,1,1,,26415,hypothetical protein
278,119438,ETNP_150m_particle_PROKKA_50992,42.13,5,1,1,,26329,hypothetical protein
278,119439,ETNP14_68maa_PROKKA_133404,42.13,3,1,1,,35359,hypothetical protein
278,119547,ETNP_90m_PROKKA_151551,42.13,16,1,1,,7368,hypothetical protein
278,119548,ETNP14_120mac_PROKKA_75787,42.13,16,1,1,,7396,hypothetical protein
278,119549,ETNP_100m_particle_PROKKA_131487,42.13,16,1,1,,7368,hypothetical protein
278,119550,NP_85m_PROKKA_17630,42.13,16,1,1,,7368,hypothetical protein
278,119551,NP_100m_PROKKA_07580,42.13,15,1,1,,8004,hypothetical protein
278,119552,ETNP_110m_PROKKA_04903,42.13,15,1,1,,7972,hypothetical protein
278,119553,ETNP_120m_particle_PROKKA_09471,42.13,7,1,1,,16817,hypothetical protein
313,1261,ETNP_60m_PROKKA_33282,40.85,8,1,1,,18755,Major carboxysome shell protein 1A
313,760,WP_041432790,40.85,14,1,1,,9781,carbon dioxide-concentrating protein CcmK Thiobacillus denitrificans
313,761,WP_011313158,40.85,14,1,1,,9996,carbon dioxide-concentrating protein CcmK Thiobacillus denitrificans
313,296,ETNP_90m_PROKKA_30580,40.85,14,1,1,,10552,Major carboxysome shell protein 1A
313,305,WP_011825471,40.85,14,1,1,,10570,carbon dioxide-concentrating mechanism protein CcmK Prochlorococcus
313,826,WP_015797599,40.85,14,1,1,,10314,carbon dioxide-concentrating protein CcmK Acidimicrobium ferrooxidans
313,306,ETNP_90m_PROKKA_129379,40.85,14,1,1,,10571,Major carboxysome shell protein 1A
313,300,ETNP14_68maa_PROKKA_134414,40.85,14,1,1,,10552,Major carboxysome shell protein 1A
313,308,ETNP14_68maa_PROKKA_192080,40.85,14,1,1,,10571,Major carboxysome shell protein 1A
313,301,ETNP_100m_particle_PROKKA_26451,40.85,14,1,1,,10550,Major carboxysome shell protein 1A
313,499,WP_002807869,40.85,14,1,1,,10586,carbon dioxide-concentrating mechanism protein CcmK Prochlorococcus
313,417,ETNP_70m_PROKKA_32300,40.85,14,1,1,,10572,Major carboxysome shell protein 1A
313,500,NP_30m_PROKKA_04690,40.85,14,1,1,,10586,Major carboxysome shell protein 1A
313,299,ETNP_160m_PROKKA_02087,40.85,14,1,1,,10552,Major carboxysome shell protein 1A
313,304,WP_006169870,40.85,14,1,1,,10584,carbon dioxide-concentrating mechanism protein CcmK Cyanobacteria
313,302,ETNP_90m_PROKKA_04314,40.85,14,1,1,,10550,Major carboxysome shell protein 1A
313,303,ETNP_110m_PROKKA_33158,40.85,14,1,1,,10552,Major carboxysome shell protein 1A
313,827,WP_015797598,40.85,14,1,1,,10328,carbon dioxide-concentrating protein CcmK Acidimicrobium ferrooxidans
313,307,WP_011130577,40.85,14,1,1,,10557,carbon dioxide-concentrating mechanism protein CcmK Prochlorococcus
313,418,ETNP_60m_PROKKA_33131,40.85,14,1,1,,10572,Major carboxysome shell protein 1A
313,497,WP_015107695,40.85,14,1,1,,10546,carbon dioxide concentrating mechanismcarboxysome shell protein Chroococcales
313,310,ETNP14_68maa_PROKKA_66725,40.85,14,1,1,,10527,Major carboxysome shell protein 1A
313,315,ETNP_90m_PROKKA_99720,40.85,13,1,1,,10641,Major carboxysome shell protein 1A
313,313,ETNP_140m_PROKKA_36751,40.85,13,1,1,,10641,Major carboxysome shell protein 1A
313,316,ETNP_100m_particle_PROKKA_155223,40.85,13,1,1,,10641,Major carboxysome shell protein 1A
313,314,ETNP_120m_free_PROKKA_177405,40.85,13,1,1,,10641,Major carboxysome shell protein 1A
313,828,WP_015797600,40.85,13,1,1,,10727,carbon dioxide-concentrating protein CcmK Acidimicrobium ferrooxidans
313,762,WP_049750301,40.85,11,1,1,,12199,carbon dioxide-concentrating protein CcmK Thiobacillus denitrificans
313,1260,WP_038651783,40.85,8,1,1,,18857,carboxysome shell protein Prochlorococcus sp MIT 0801
313,683,WP_006171059,40.85,7,1,1,,20412,carbon dioxide concentrating mechanism protein CcmK Synechococcus sp WH 5701
273,119347,ETNP_120m_PROKKA_155979,40.83,5,1,1,,27255,Substrate binding domain of ABC-type glycine betaine transport system
273,119348,NP_300m_PROKKA_18084,40.83,4,1,1,,35664,Glycine betaine/carnitine transport binding protein GbuC precursor
273,119349,ETNP_140m_PROKKA_09781,40.83,4,1,1,,35664,Glycine betaine/carnitine transport binding protein GbuC precursor
273,119436,ETNP_300m_PROKKA_69341,40.83,5,1,1,,30237,Glycine betaine/carnitine transport binding protein GbuC precursor
273,119471,ETNP_160m_PROKKA_120538,40.83,4,1,1,,35682,Glycine betaine/carnitine transport binding protein GbuC precursor
193,119258,ETNP_140m_PROKKA_151728,40.68,2,2,2,,96509,hypothetical protein
193,119259,ETNP_160m_PROKKA_72586,40.68,1,2,2,,117677,hypothetical protein
193,119260,ETNP_120m_PROKKA_163434,40.68,1,2,2,,119776,hypothetical protein
193,119261,ETNP_180m_PROKKA_219985,40.68,1,2,2,,119746,hypothetical protein
315,119472,NP_300m_PROKKA_35821,39.95,5,1,1,,28745,SusD family protein
315,119558,ETNP_100m_PROKKA_26028,39.95,15,1,1,,8766,hypothetical protein
315,119559,ETNP_120m_free_PROKKA_319067,39.95,8,1,1,,16445,SusD family protein
315,119560,ETNP_180m_PROKKA_63794,39.95,8,1,1,,16445,SusD family protein
315,119561,NP_85m_PROKKA_22965,39.95,5,1,1,,28702,SusD family protein
315,119562,ETNP_140m_PROKKA_50590,39.95,4,1,1,,35368,SusD family protein
315,119563,ETNP_110m_PROKKA_02482,39.95,3,1,1,,47407,SusD family protein
315,119564,NP_125m_PROKKA_00889,39.95,3,1,1,,47398,SusD family protein
315,119565,ETNP14_120maa_PROKKA_45980,39.95,3,1,1,,47407,SusD family protein
426,119566,ETNP_110m_PROKKA_20998,39.66,7,1,1,,28973,hypothetical protein
426,119567,ETNP_100m_PROKKA_88915,39.66,3,1,1,,73424,hypothetical protein
426,119568,NP_300m_PROKKA_06620,39.66,3,1,1,,73406,hypothetical protein
426,119569,ETNP14_120maa_PROKKA_12467,39.66,3,1,1,,73406,hypothetical protein
426,119570,NP_100m_PROKKA_02201,39.66,2,1,1,,74449,hypothetical protein
274,119369,ETNP_300m_PROKKA_97659,39.19,2,1,1,,49405,Chlorate reductase subunit beta
274,119370,ETNP_180m_PROKKA_186889,39.19,2,1,1,,49405,Chlorate reductase subunit beta
274,119371,ETNP_120m_free_PROKKA_199227,39.19,2,1,1,,49405,Chlorate reductase subunit beta
274,119372,NP_300m_PROKKA_07518,39.19,2,1,1,,49405,Chlorate reductase subunit beta
274,119373,ETNP_160m_PROKKA_138242,39.19,2,1,1,,49405,Chlorate reductase subunit beta
274,119374,ETNP_120m_PROKKA_187069,39.19,2,1,1,,49406,Chlorate reductase subunit beta
274,119576,ETNP_120m_free_PROKKA_41365,39.19,12,1,1,,10051,hypothetical protein
274,119577,ETNP_180m_PROKKA_228496,39.19,8,1,1,,13932,Chlorate reductase subunit beta
274,119578,ETNP_120m_PROKKA_21179,39.19,7,1,1,,16046,Chlorate reductase subunit beta
274,119579,ETNP_100m_PROKKA_51698,39.19,6,1,1,,20941,Perchlorate reductase subunit beta
274,210,NP_85m_PROKKA_04529,39.19,2,1,1,,49419,Selenate reductase subunit beta
274,208,ETNP14_68maa_PROKKA_75202,39.19,2,1,1,,49437,Selenate reductase subunit beta
274,209,WP_018047899,39.19,2,1,1,,49419,hypothetical protein Nitrospina sp AB-629-B18
427,48,ETNP_100m_PROKKA_57551,38.81,6,1,1,,29257,Photosystem II manganese-stabilizing polypeptide precursor
427,64,ETNP_90m_PROKKA_17321,38.81,6,1,1,,29344,Photosystem II manganese-stabilizing polypeptide precursor
427,34,ETNP_90m_PROKKA_178606,38.81,6,1,1,,29123,Photosystem II manganese-stabilizing polypeptide precursor
428,119599,ETNP_120m_free_PROKKA_32617,38.70,4,1,1,,23421,PEP-CTERM motif protein
237,119479,ETNP_160m_PROKKA_194845,38.68,8,2,2,,29302,Colicin I receptor precursor
237,119480,ETNP_180m_PROKKA_179281,38.68,3,2,2,,68715,Colicin I receptor precursor
203,119303,ETNP_120m_particle_PROKKA_239708,38.39,8,2,1,,33186,hypothetical protein
317,1189,AGH57838.1,38.34,4,1,1,,39411,photosystem II D2 protein [Synechococcus phage KBS-M-1A]
317,1823,ETNP14_68mB_PROKKA_139370,38.34,12,1,1,,12288,Photosystem II D2 protein
317,1211,ETNP14_68mB_PROKKA_01574,38.34,12,1,1,,12294,Photosystem II D2 protein
317,1453,NP_300m_PROKKA_46512,38.34,8,1,1,,17444,Photosystem II D2 protein
317,1454,NP_30m_PROKKA_11063,38.34,8,1,1,,17444,Photosystem II D2 protein
317,1161,ETNP14_68mB_PROKKA_42367,38.34,6,1,1,,25693,Photosystem II D2 protein
317,1162,NP_85m_PROKKA_14780,38.34,6,1,1,,25693,Photosystem II D2 protein
317,1825,NP_30m_PROKKA_13747,38.34,6,1,1,,26457,Photosystem II D2 protein
317,1237,AOO11929.1,38.34,4,1,1,,39267,photosystem II protein D2 [Cyanophage S-RIM44]
317,1238,YP_004324588.1,38.34,4,1,1,,39267,photosystem II D2 protein [Prochlorococcus phage Syn1]
317,1239,AOO11697.1,38.34,4,1,1,,39267,photosystem II protein D2 [Cyanophage S-RIM44]
317,1229,AOO12630.1,38.34,4,1,1,,39267,photosystem II protein D2 [Cyanophage S-RIM44]
317,1230,AOO12398.1,38.34,4,1,1,,39267,photosystem II protein D2 [Cyanophage S-RIM44]
317,1231,YP_004323821.1,38.34,4,1,1,,39295,photosystem II D2 protein [Prochlorococcus phage Syn33]
317,1232,ADO99318.1,38.34,4,1,1,,39267,photosystem II D2 protein [Prochlorococcus phage Syn1]
317,1233,AOO12163.1,38.34,4,1,1,,39201,photosystem II protein D2 [Cyanophage S-RIM44]
317,1240,AOO13096.1,38.34,4,1,1,,39267,photosystem II protein D2 [Cyanophage S-RIM44]
317,1234,ADO99569.1,38.34,4,1,1,,39295,photosystem II D2 protein [Prochlorococcus phage Syn33]
317,1235,AOO12863.1,38.34,4,1,1,,39267,photosystem II protein D2 [Cyanophage S-RIM44]
317,1236,AMO43457.1,38.34,4,1,1,,39267,photosystem II protein D2 [Cyanophage S-RIM44]
317,1169,ETNP14_68maa_PROKKA_149938,38.34,4,1,1,,39359,Photosystem II D2 protein
317,1241,YP_003097254.1,38.34,4,1,1,,39639,D2 [Synechococcus phage S-RSM4]
317,1242,CAR63217.1,38.34,4,1,1,,39639,D2 [Synechococcus phage S-RSM4]
317,1828,YP_007673882.1,38.34,4,1,1,,40191,photosystem II reaction center D2 [Prochlorococcus phage MED4-213]
317,1829,AGH26237.1,38.34,4,1,1,,40191,photosystem II reaction center D2 [Prochlorococcus phage MED4-213]
317,1826,YP_004323582.1,38.34,4,1,1,,40173,photosystem II D2 protein [Prochlorococcus phage P-HM2]
317,1827,ADO99991.1,38.34,4,1,1,,40173,photosystem II D2 protein [Prochlorococcus phage P-HM2]
317,1830,NP_30m_PROKKA_03021,38.34,4,1,1,,39975,Photosystem II D2 protein
317,1831,YP_009213745.1,38.34,4,1,1,,40145,photosystem II D2 protein [Prochlorococcus phage P-TIM68]
317,1832,AIR93570.1,38.34,4,1,1,,40145,photosystem II D2 protein [Prochlorococcus phage P-TIM68]
429,119600,ETNP_140m_PROKKA_79867,38.26,4,1,1,,24065,hypothetical protein
429,119601,ETNP_180m_PROKKA_46962,38.26,3,1,1,,31722,hypothetical protein
430,1226,ETNP_120m_PROKKA_213547,37.90,15,1,1,,12564,hypothetical protein
316,119476,NP_300m_PROKKA_05593,37.81,6,1,1,,21874,hypothetical protein
316,119603,NP_125m_PROKKA_11189,37.81,9,1,1,,16246,hypothetical protein
316,119604,ETNP_120m_free_PROKKA_155886,37.81,9,1,1,,16176,hypothetical protein
316,119605,ETNP_120m_PROKKA_227575,37.81,5,1,1,,25780,hypothetical protein
166,2002,ETNP_300m_PROKKA_146538,37.45,5,2,0,,58282,60 kDa chaperonin 1
212,10,ETNP14_68maa_PROKKA_102614,37.20,4,2,2,,57434,60 kDa chaperonin 1
258,119344,NP_100m_PROKKA_04544,36.74,1,1,1,,110537,hypothetical protein
258,119467,ETNP_100m_particle_PROKKA_80585,36.74,6,1,1,,16258,hypothetical protein
258,119468,ETNP_150m_particle_PROKKA_09550,36.74,3,1,1,,37711,hypothetical protein
258,119469,ETNP14_120maa_PROKKA_18447,36.74,1,1,1,,69094,hypothetical protein
258,119470,ETNP_110m_PROKKA_38086,36.74,1,1,1,,73395,hypothetical protein
258,119637,ETNP14_120maa_PROKKA_98350,36.74,2,1,1,,57366,hypothetical protein
311,119440,NP_100m_PROKKA_13086,36.49,13,1,1,,10197,DNA-binding protein HU 1
311,119608,ETNP14_68mB_PROKKA_143916,36.49,24,1,1,,5589,DNA-binding protein HU 1
311,119609,ETNP14_68mB_PROKKA_85231,36.49,20,1,1,,6547,DNA-binding protein HU 1
311,119610,ETNP14_68mB_PROKKA_78805,36.49,16,1,1,,8354,DNA-binding protein HU 1
311,119611,ETNP14_68mB_PROKKA_21164,36.49,13,1,1,,10019,DNA-binding protein HU 1
311,119612,ETNP14_68mB_PROKKA_176302,36.49,13,1,1,,10002,DNA-binding protein HU 1
311,119613,ETNP14_68mB_PROKKA_162002,36.49,13,1,1,,10093,DNA-binding protein HU 1
311,119614,ETNP14_68mB_PROKKA_115549,36.49,13,1,1,,10123,DNA-binding protein HU 1
311,119615,ETNP14_68mB_PROKKA_89787,36.49,13,1,1,,10019,DNA-binding protein HU 1
311,119616,ETNP14_68maa_PROKKA_106012,36.49,13,1,1,,10144,DNA-binding protein HU 1
311,119617,ETNP14_68maa_PROKKA_186724,36.49,13,1,1,,10101,DNA-binding protein HU-beta
311,119618,ETNP14_68maa_PROKKA_99948,36.49,13,1,1,,9948,DNA-binding protein HU 1
311,119619,ETNP14_68mB_PROKKA_144621,36.49,13,1,1,,10019,DNA-binding protein HU 1
311,119620,ETNP14_68mB_PROKKA_13524,36.49,13,1,1,,9991,DNA-binding protein HU 1
311,119621,ETNP14_68maa_PROKKA_112402,36.49,13,1,1,,10003,DNA-binding protein HU 1
311,119622,ETNP14_68mB_PROKKA_15291,36.49,13,1,1,,9992,DNA-binding protein HU 1
311,119623,ETNP14_68mB_PROKKA_08591,36.49,13,1,1,,10019,DNA-binding protein HU 1
311,119624,ETNP14_68mB_PROKKA_91640,36.49,13,1,1,,10148,DNA-binding protein HU 1
311,119625,NP_85m_PROKKA_25324,36.49,13,1,1,,10082,DNA-binding protein HU-beta
311,119626,ETNP14_68mB_PROKKA_156856,36.49,13,1,1,,9962,DNA-binding protein HU 1
311,119627,ETNP14_68mB_PROKKA_85481,36.49,13,1,1,,9963,DNA-binding protein HU 1
311,119628,ETNP14_68mB_PROKKA_56904,36.49,13,1,1,,10019,DNA-binding protein HU 1
311,119629,NP_300m_PROKKA_28831,36.49,13,1,1,,10082,DNA-binding protein HU-beta
311,119630,ETNP14_68mB_PROKKA_164447,36.49,13,1,1,,9976,DNA-binding protein HU 1
311,119631,ETNP14_68mB_PROKKA_164227,36.49,13,1,1,,9999,DNA-binding protein HU 1
311,119632,ETNP14_68maa_PROKKA_141286,36.49,13,1,1,,9961,DNA-binding protein HU 1
311,119633,ETNP14_68mB_PROKKA_135780,36.49,11,1,1,,12409,DNA-binding protein HU 1
311,119634,ETNP14_68mB_PROKKA_53734,36.49,11,1,1,,12444,DNA-binding protein HU-beta
311,119635,ETNP14_68mB_PROKKA_46160,36.49,9,1,1,,14312,DNA-binding protein HU-beta
257,119337,ETNP_100m_PROKKA_27833,36.43,3,1,1,,40854,Major capsid protein Gp23
257,119338,ETNP_120m_PROKKA_169314,36.43,3,1,1,,40854,Major capsid protein Gp23
257,119339,ETNP_100m_particle_PROKKA_34170,36.43,3,1,1,,40854,Major capsid protein Gp23
257,119340,ETNP14_120maa_PROKKA_149392,36.43,3,1,1,,40798,Major capsid protein Gp23
257,119353,ETNP_70m_PROKKA_117959,36.43,3,1,1,,41001,Major capsid protein Gp23
257,119354,ETNP_120m_PROKKA_196346,36.43,3,1,1,,41224,Major capsid protein Gp23
257,119456,ETNP_90m_PROKKA_190503,36.43,11,1,1,,13067,Major capsid protein Gp23
257,119457,ETNP_150m_particle_PROKKA_48402,36.43,10,1,1,,13782,Major capsid protein Gp23
257,119458,NP_300m_PROKKA_45677,36.43,9,1,1,,15455,Major capsid protein Gp23
257,119459,ETNP_90m_PROKKA_104346,36.43,9,1,1,,15906,Major capsid protein Gp23
257,119460,ETNP14_68mB_PROKKA_89130,36.43,8,1,1,,17371,Major capsid protein Gp23
257,119461,ETNP_90m_PROKKA_03309,36.43,8,1,1,,18294,Major capsid protein Gp23
257,119462,ETNP_120m_free_PROKKA_26813,36.43,6,1,1,,21284,Major capsid protein Gp23
257,119463,ETNP_90m_PROKKA_05083,36.43,6,1,1,,21473,Major capsid protein Gp23
257,119464,ETNP_180m_PROKKA_131080,36.43,4,1,1,,31920,Major capsid protein Gp23
257,119465,ETNP_120m_PROKKA_54255,36.43,3,1,1,,41375,Major capsid protein Gp23
257,119466,ETNP_120m_PROKKA_168676,36.43,3,1,1,,41267,Major capsid protein Gp23
216,119405,ETNP_180m_PROKKA_219528,36.36,7,2,0,,32070,Major capsid protein Gp23
216,119406,ETNP14_120maa_PROKKA_197218,36.36,7,2,0,,32070,Major capsid protein Gp23
216,119407,ETNP_140m_PROKKA_44347,36.36,6,2,0,,38651,Major capsid protein Gp23
431,1905,ETNP_180m_PROKKA_68688,35.88,3,1,1,,34451,Major capsid protein Gp23
194,119362,ETNP14_120mab_PROKKA_61572,35.20,8,2,1,,26385,NMT1/THI5 like protein
432,119660,ETNP_140m_PROKKA_40778,34.67,19,1,1,,9404,hypothetical protein
433,119661,ETNP_140m_PROKKA_141985,34.43,7,1,1,,16579,Substrate binding domain of ABC-type glycine betaine transport system
433,119662,ETNP_180m_PROKKA_29609,34.43,3,1,1,,35657,glycine betaine transporter periplasmic subunit
433,119663,ETNP_160m_PROKKA_33893,34.43,3,1,1,,35657,glycine betaine transporter periplasmic subunit
433,119664,ETNP_300m_PROKKA_103221,34.43,3,1,1,,35657,glycine betaine transporter periplasmic subunit
433,119665,ETNP_120m_PROKKA_21721,34.43,3,1,1,,35687,glycine betaine transporter periplasmic subunit
433,119666,ETNP_120m_free_PROKKA_129846,34.43,3,1,1,,35687,glycine betaine transporter periplasmic subunit
440,119713,WP_013263018,34.00,1,1,1,,86843,RND transporter gamma proteobacterium HdN1
434,119673,ETNP_300m_PROKKA_161743,33.50,4,1,1,,28858,60 kDa chaperonin 1
435,119674,ETNP_120m_free_PROKKA_162932,33.34,16,1,1,,6095,3-oxoacyl-[acyl-carrier-protein] reductase FabG
435,119675,ETNP_160m_PROKKA_150976,33.34,16,1,1,,6095,3-oxoacyl-[acyl-carrier-protein] reductase FabG
435,119676,ETNP_120m_free_PROKKA_284911,33.34,16,1,1,,6095,3-oxoacyl-[acyl-carrier-protein] reductase FabG
435,119677,ETNP_160m_PROKKA_75505,33.34,16,1,1,,6095,3-oxoacyl-[acyl-carrier-protein] reductase FabG
435,119678,ETNP_180m_PROKKA_81575,33.34,16,1,1,,6095,3-oxoacyl-[acyl-carrier-protein] reductase FabG
435,119679,ETNP14_120mab_PROKKA_45758,33.34,9,1,1,,9997,3-oxoacyl-[acyl-carrier-protein] reductase FabG
435,119680,NP_100m_PROKKA_11972,33.34,6,1,1,,15723,Acetoacetyl-CoA reductase
435,119681,ETNP_140m_PROKKA_28044,33.34,5,1,1,,19772,Acetoacetyl-CoA reductase
435,119682,ETNP_120m_PROKKA_216125,33.34,5,1,1,,19772,Acetoacetyl-CoA reductase
435,119683,ETNP_120m_PROKKA_60126,33.34,4,1,1,,23314,Acetoacetyl-CoA reductase
435,119684,ETNP_180m_PROKKA_189112,33.34,4,1,1,,25142,Acetoacetyl-CoA reductase
435,119685,ETNP_180m_PROKKA_233667,33.34,4,1,1,,25464,Acetoacetyl-CoA reductase
435,119686,ETNP_120m_particle_PROKKA_129946,33.34,4,1,1,,25464,Acetoacetyl-CoA reductase
435,119687,ETNP_90m_PROKKA_132202,33.34,4,1,1,,25339,Acetoacetyl-CoA reductase
435,119688,ETNP_160m_PROKKA_47656,33.34,4,1,1,,25253,Acetoacetyl-CoA reductase
435,119689,NP_300m_PROKKA_06116,33.34,4,1,1,,25463,Acetoacetyl-CoA reductase
435,119690,ETNP_300m_PROKKA_38399,33.34,4,1,1,,25474,Acetoacetyl-CoA reductase
435,119691,NP_300m_PROKKA_21594,33.34,4,1,1,,25253,Acetoacetyl-CoA reductase
435,119692,ETNP_100m_particle_PROKKA_155525,33.34,4,1,1,,25239,Acetoacetyl-CoA reductase
435,119693,ETNP_140m_PROKKA_84288,33.34,4,1,1,,25253,Acetoacetyl-CoA reductase
435,119694,ETNP_120m_PROKKA_46132,33.34,3,1,1,,28652,Acetoacetyl-CoA reductase
314,119453,ETNP_120m_PROKKA_285919,33.12,8,1,1,,12032,Nitrogen regulatory protein P-II
314,119695,ETNP14_120mac_PROKKA_44386,33.12,11,1,1,,9264,Nitrogen regulatory protein P-II
314,119696,NP_125m_PROKKA_03139,33.12,8,1,1,,12100,Nitrogen regulatory protein P-II
314,119697,ETNP_120m_PROKKA_199536,33.12,8,1,1,,12072,Nitrogen regulatory protein P-II
314,119698,NP_300m_PROKKA_21942,33.12,8,1,1,,11945,Nitrogen regulatory protein P-II
439,119709,ETNP_120m_PROKKA_266501,32.84,3,1,1,,31366,Tryptophanase
436,119699,NP_300m_PROKKA_24568,32.79,5,1,1,,26626,hypothetical protein
437,119700,ETNP_70m_PROKKA_85423,32.59,5,1,1,,26736,hypothetical protein
438,119701,ETNP_140m_PROKKA_58908,32.55,6,1,1,,24165,Biopolymer transport protein ExbB
438,119702,ETNP_180m_PROKKA_150445,32.55,6,1,1,,24165,Biopolymer transport protein ExbB
438,119703,ETNP_160m_PROKKA_197701,32.55,6,1,1,,24165,Biopolymer transport protein ExbB
438,119704,ETNP_300m_PROKKA_125531,32.55,6,1,1,,24179,Biopolymer transport protein ExbB
438,119705,ETNP_120m_free_PROKKA_252979,32.55,6,1,1,,24165,Biopolymer transport protein ExbB
36,107539,ETNP14_120maa_PROKKA_34391,31.91,3,1,1,,30458,EamA-like transporter family protein
441,119721,WP_011398095,31.78,3,1,1,,40293,DNA polymerase IV Hahella chejuensis
442,119722,ETNP_100m_particle_PROKKA_14715,31.78,6,1,1,,15382,hypothetical protein
221,108101,ETNP14_120maa_PROKKA_184116,31.56,5,2,2,,37084,General L-amino acid-binding periplasmic protein AapJ precursor
221,108102,ETNP_160m_PROKKA_72896,31.56,5,2,2,,37084,General L-amino acid-binding periplasmic protein AapJ precursor
221,108103,ETNP_180m_PROKKA_176133,31.56,5,2,2,,37084,General L-amino acid-binding periplasmic protein AapJ precursor
221,119823,ETNP_120m_free_PROKKA_11240,31.56,5,2,2,,36860,General L-amino acid-binding periplasmic protein AapJ precursor
221,119824,ETNP_120m_PROKKA_36131,31.56,5,2,2,,37220,General L-amino acid-binding periplasmic protein AapJ precursor
443,107437,ETNP_120m_free_PROKKA_54489,31.34,13,1,1,,6586,hypothetical protein
443,107438,ETNP_300m_PROKKA_106418,31.34,13,1,1,,6586,hypothetical protein
443,107439,ETNP_140m_PROKKA_22535,31.34,13,1,1,,6586,hypothetical protein
445,119734,NP_870774,31.31,2,1,1,,40391,hypothetical protein RB12915 Rhodopirellula baltica SH 1
276,67,ETNP_90m_PROKKA_125046,31.30,3,1,1,,43911,Photosystem II protein
276,57,ETNP_100m_particle_PROKKA_87954,31.30,2,1,1,,44761,Photosystem II protein
276,31,ETNP_90m_PROKKA_94806,31.30,2,1,1,,50481,Photosystem II 44 kDa reaction center protein
276,32,ETNP_120m_PROKKA_123375,31.30,2,1,1,,52469,Photosystem II 44 kDa reaction center protein
276,633,ETNP_100m_particle_PROKKA_83460,31.30,7,1,1,,16046,Photosystem II protein
276,632,ETNP_110m_PROKKA_16330,31.30,7,1,1,,16046,Photosystem II protein
276,501,ETNP_140m_PROKKA_140406,31.30,7,1,1,,16636,Photosystem II protein
444,119733,ETNP14_68maa_PROKKA_112948,31.29,5,1,1,,22524,hypothetical protein
318,119596,ETNP14_68mB_PROKKA_83375,31.07,5,1,1,,28932,Alpha-keto acid-binding periplasmic protein TakP precursor
318,119597,ETNP14_68maa_PROKKA_140327,31.07,3,1,1,,39630,Alpha-keto acid-binding periplasmic protein TakP precursor
318,119598,NP_300m_PROKKA_17814,31.07,3,1,1,,39626,Alpha-keto acid-binding periplasmic protein TakP precursor
318,119735,NP_100m_PROKKA_03371,31.07,5,1,1,,24854,Alpha-keto acid-binding periplasmic protein TakP precursor
318,119736,NP_85m_PROKKA_14817,31.07,3,1,1,,39603,Alpha-keto acid-binding periplasmic protein TakP precursor
446,119738,WP_018970869,31.05,3,1,1,,25298,hypothetical protein Rubritalea marina
281,119655,ETNP_120m_PROKKA_338221,30.85,2,1,1,,52942,Glycine betaine transporter OpuD
327,119739,ETNP_140m_PROKKA_80178,30.77,3,1,1,,33483,hypothetical protein
327,119740,ETNP_300m_PROKKA_134031,30.77,2,1,1,,48486,Type I secretion system membrane fusion protein PrsE
327,119741,EJK72185,30.77,2,1,1,,48820,hypothetical protein THAOC_06307  Thalassiosira oceanica
205,8640,WP_012625268,30.68,2,2,2,,45150,MFS transporter Desulfovibrio desulfuricans
319,107547,ETNP_180m_PROKKA_185309,30.40,5,1,1,,18172,V4R domain protein
319,107549,ETNP_120m_PROKKA_65792,30.40,4,1,1,,21273,V4R domain protein
323,119656,ETNP14_68maa_PROKKA_47008,30.35,1,1,1,,128956,Multidrug resistance protein MdtC
447,119745,ETNP14_120maa_PROKKA_03028,29.78,3,1,1,,27533,Iron(3+)-hydroxamate import ATP-binding protein FhuC
239,119744,ETNP_300m_PROKKA_18607,29.77,4,1,1,,36700,General L-amino acid-binding periplasmic protein AapJ precursor
241,6426,XP_003064207,29.62,1,2,2,,118314,predicted protein  Micromonas pusilla CCMP1545
321,119654,Fosmid_PROKKA_05623,29.45,3,1,1,,28156,Ribosomal RNA small subunit methyltransferase E
448,993,ETNP_110m_PROKKA_06307,29.12,11,1,1,,8846,Photosystem I iron-sulfur center
448,996,ETNP_100m_PROKKA_74687,29.12,11,1,1,,8846,Photosystem I iron-sulfur center
448,997,ETNP_90m_PROKKA_156294,29.12,11,1,1,,8846,Photosystem I iron-sulfur center
448,998,ETNP_90m_PROKKA_181879,29.12,11,1,1,,8846,Photosystem I iron-sulfur center
448,994,ETNP14_68maa_PROKKA_164197,29.12,11,1,1,,8846,Photosystem I iron-sulfur center
448,995,ETNP_100m_particle_PROKKA_90902,29.12,11,1,1,,8846,Photosystem I iron-sulfur center
204,119643,ETNP_160m_PROKKA_154471,28.97,4,2,2,,54948,Glutathione-binding protein GsiB precursor
204,119644,ETNP_120m_PROKKA_84557,28.97,4,2,2,,57260,Glutathione-binding protein GsiB precursor
328,119759,EDK72327,28.95,6,1,1,,15074,hypothetical protein TM7_0550 candidate division TM7 genomosp GTL1
328,119760,WP_008579067,28.95,6,1,1,,15074,hypothetical protein candidate division TM7 genomosp GTL1
322,107673,NP_300m_PROKKA_31314,28.76,3,1,1,,36216,hypothetical protein
322,107675,ETNP_120m_PROKKA_111485,28.76,1,1,1,,82909,hypothetical protein
275,119404,ETNP_160m_PROKKA_113088,28.69,1,1,1,,101568,Nitrate reductase
250,1408,ETNP_120m_PROKKA_289642,28.60,1,1,1,,84205,Photosystem I P700 chlorophyll a apoprotein A1
250,107266,ETNP_100m_particle_PROKKA_06252,28.60,6,1,1,,15148,Photosystem I P700 chlorophyll a apoprotein A1
250,107267,ETNP_120m_free_PROKKA_13269,28.60,6,1,1,,15163,Photosystem I P700 chlorophyll a apoprotein A1
250,107602,AIR93561.1,28.60,1,1,1,,82262,photosystem I P700 chlorophyll a apoprotein A1 [Prochlorococcus phage P-TIM68]
250,107603,YP_009213736.1,28.60,1,1,1,,82262,photosystem I P700 chlorophyll a apoprotein A1 [Prochlorococcus phage P-TIM68]
250,107336,ETNP14_68mB_PROKKA_24391,28.60,2,1,1,,37296,Photosystem I P700 chlorophyll a apoprotein A1
250,1210,WP_038654276,28.60,1,1,1,,84404,photosystem I P700 chlorophyll a apoprotein A1 Prochlorococcus sp MIT 0801
250,477,WP_011131137,28.60,1,1,1,,84981,photosystem I P700 chlorophyll a apoprotein A1 Prochlorococcus marinus
250,476,WP_036912725,28.60,1,1,1,,85008,photosystem I P700 chlorophyll a apoprotein A1 Prochlorococcus
250,107335,ETNP_110m_PROKKA_15818,28.60,6,1,1,,15291,Photosystem I P700 chlorophyll a apoprotein A1
250,1100,ETNP_140m_PROKKA_43319,28.60,4,1,1,,22882,Photosystem I P700 chlorophyll a apoprotein A1
250,718,ETNP_100m_particle_PROKKA_147384,28.60,1,1,1,,60442,Photosystem I P700 chlorophyll a apoprotein A1
277,119434,NP_85m_PROKKA_20667,28.57,3,1,1,,38794,Periplasmic murein peptide-binding protein precursor
325,119732,ETNP_160m_PROKKA_186903,28.42,1,1,1,,63404,flagellar basal body rod modification protein
329,119771,ETNP14_120maa_PROKKA_63439,28.34,2,1,1,,50282,3-isopropylmalate dehydratase large subunit
450,119770,ETNP_180m_PROKKA_130768,28.13,3,1,1,,30070,Enolase
449,119764,ETNP_120m_particle_PROKKA_104136,27.87,11,1,1,,11372,cystine transporter subunit
449,119765,ETNP_180m_PROKKA_19977,27.87,5,1,1,,23526,Cystine-binding periplasmic protein precursor
449,119766,ETNP_120m_PROKKA_94179,27.87,4,1,1,,29946,Cystine-binding periplasmic protein precursor
449,119767,ETNP_120m_free_PROKKA_286157,27.87,4,1,1,,29890,Cystine-binding periplasmic protein precursor
449,119768,ETNP_300m_PROKKA_185810,27.87,4,1,1,,29890,Cystine-binding periplasmic protein precursor
449,119769,ETNP_160m_PROKKA_145456,27.87,4,1,1,,30878,Cystine-binding periplasmic protein precursor
451,107483,ETNP_180m_PROKKA_156298,27.85,7,1,1,,12236,D-amino acid dehydrogenase small subunit
451,107486,ETNP_120m_PROKKA_111022,27.85,3,1,1,,26348,Glycine oxidase
324,5280,XP_003055541,27.64,1,1,1,,93175,predicted protein  Micromonas pusilla CCMP1545
240,57571,WP_011313266,27.61,5,1,1,,27471,3-oxoacyl-ACP synthase Thiobacillus denitrificans
452,119789,ETNP14_68maa_PROKKA_86870,27.61,2,1,1,,72222,Outer membrane protein assembly factor BamA precursor
320,119653,XP_002185074,27.49,4,1,1,,26200,predicted protein  Phaeodactylum tricornutum CCAP 1055
453,119797,WP_041298036,27.19,6,1,1,,20665,hypothetical protein Ilumatobacter coccineus
332,119788,CBE68800,26.82,3,1,1,,36575,putative Flagellar motor switch protein fliM Candidatus Methylomirabilis oxyfera
279,107469,ETNP_120m_free_PROKKA_325210,26.55,3,1,1,,31317,cell division ABC transporter subunit FtsX
279,107470,ETNP_180m_PROKKA_95828,26.55,3,1,1,,31317,cell division ABC transporter subunit FtsX
279,107471,ETNP_300m_PROKKA_00961,26.55,3,1,1,,31317,cell division ABC transporter subunit FtsX
279,107474,XP_003057071,26.55,1,1,1,,98684,predicted protein  Micromonas pusilla CCMP1545
279,107467,ETNP_160m_PROKKA_189253,26.55,5,1,1,,19955,cell division ABC transporter subunit FtsX
279,107468,ETNP_140m_PROKKA_32345,26.55,4,1,1,,22074,cell division ABC transporter subunit FtsX
279,107466,ETNP_120m_particle_PROKKA_117317,26.55,5,1,1,,18544,hypothetical protein
279,107398,WP_014438316,26.55,2,1,1,,52645,efflux system outer membrane protein Phycisphaera mikurensis
279,107473,XP_003059697,26.55,2,1,1,,60401,predicted protein  Micromonas pusilla CCMP1545
454,119811,ETNP_100m_PROKKA_93035,26.45,7,1,1,,12023,Alanine dehydrogenase
455,119812,ETNP_110m_PROKKA_50091,26.42,12,1,1,,7808,hypothetical protein
455,119813,YP_009213603.1,26.42,7,1,1,,13177,hypothetical protein [Prochlorococcus phage P-TIM68]
455,119814,ETNP_70m_PROKKA_99285,26.42,7,1,1,,13637,hypothetical protein
455,119815,ETNP_120m_PROKKA_191517,26.42,6,1,1,,14166,hypothetical protein
333,119790,ETNP14_120maa_PROKKA_173374,26.16,4,1,1,,26499,putative peptidase
330,119774,ETNP_180m_PROKKA_216130,25.85,2,1,1,,38855,Monocarboxylate 2-oxoacid-binding periplasmic protein precursor
330,119775,ETNP_300m_PROKKA_137834,25.85,2,1,1,,38855,Monocarboxylate 2-oxoacid-binding periplasmic protein precursor
330,119817,NP_125m_PROKKA_14570,25.85,4,1,1,,19806,Monocarboxylate 2-oxoacid-binding periplasmic protein precursor
197,119874,ETNP14_68mB_PROKKA_21842,25.71,6,2,0,,33846,glycine betaine transporter periplasmic subunit
197,120000,ETNP14_68mB_PROKKA_131629,25.71,10,2,0,,21302,glycine betaine transporter periplasmic subunit
197,120001,ETNP14_68mB_PROKKA_101927,25.71,9,2,0,,22042,glycine betaine transporter periplasmic subunit
197,120002,ETNP14_68maa_PROKKA_114417,25.71,6,2,0,,34733,glycine betaine transporter periplasmic subunit
456,57456,ETNP_90m_PROKKA_88943,25.59,7,1,1,,11942,50S ribosomal protein L10
335,119802,ETNP_120m_PROKKA_42455,25.56,1,1,1,,99777,Protein TolB
335,119803,NP_300m_PROKKA_14735,25.56,1,1,1,,113203,translocation protein TolB
223,119881,ETNP_180m_PROKKA_99633,25.47,4,2,2,,51366,hypothetical protein
251,58527,WP_011397024,25.20,0,1,1,,218999,hypothetical protein Hahella chejuensis
457,119832,ETNP_160m_PROKKA_12115,25.06,15,1,1,,9571,DNA-binding protein HRm
457,119833,ETNP_120m_free_PROKKA_96996,25.06,15,1,1,,9571,DNA-binding protein HRm
457,119834,ETNP_140m_PROKKA_93320,25.06,15,1,1,,9571,DNA-binding protein HRm
457,119835,ETNP_120m_PROKKA_243124,25.06,15,1,1,,9571,DNA-binding protein HRm
457,119836,NP_300m_PROKKA_26377,25.06,15,1,1,,9571,DNA-binding protein HRm
457,119837,ETNP_300m_PROKKA_106173,25.06,15,1,1,,9571,DNA-binding protein HRm
457,119838,ETNP_180m_PROKKA_33242,25.06,15,1,1,,9571,DNA-binding protein HRm
458,107632,ETNP_120m_PROKKA_66945,24.87,3,1,1,,27822,Hydrogen cyanide synthase subunit HcnC precursor
459,4986,ETNP_70m_PROKKA_126644,24.75,8,1,1,,15302,hypothetical protein
459,107559,ETNP_90m_PROKKA_78096,24.75,5,1,1,,26212,hypothetical protein
460,119841,ETNP_120m_PROKKA_173389,24.72,2,1,1,,47511,3-deoxy-D-manno-octulosonic acid transferase
283,119723,WP_013962856,24.70,2,1,1,,45429,sugar ABC transporter substrate-binding protein Roseobacter litoralis
461,119842,ETNP14_68mB_PROKKA_49249,24.58,11,1,1,,8303,hypothetical protein
463,109532,WP_014436170,24.36,1,1,1,,75863,hypothetical protein Phycisphaera mikurensis
334,543,WP_011293945,24.18,7,1,1,,12354,transcriptional regulator Prochlorococcus
334,238,ETNP14_68maa_PROKKA_115320,24.18,7,1,1,,12752,hypothetical protein
334,237,NP_85m_PROKKA_07695,24.18,7,1,1,,12752,hypothetical protein
334,741,ETNP14_68maa_PROKKA_67735,24.18,7,1,1,,12780,hypothetical protein
334,634,WP_011129843,24.18,7,1,1,,12922,hypothetical protein Prochlorococcus
334,951,WP_011128382,24.18,7,1,1,,13024,hypothetical protein Synechococcus
334,1642,WP_038544649,24.18,7,1,1,,12813,AbrB family transcriptional regulator Synechococcus sp KORDI-100
334,506,ETNP14_68mB_PROKKA_50287,24.18,6,1,1,,13363,hypothetical protein
334,369,ETNP_90m_PROKKA_81200,24.18,6,1,1,,13968,hypothetical protein
334,371,ETNP_120m_free_PROKKA_153271,24.18,6,1,1,,13968,hypothetical protein
334,2980,WP_006172981,24.18,7,1,1,,12913,transcriptional regulator AbrB Synechococcus sp WH 5701
334,1930,WP_038543623,24.18,7,1,1,,12811,AbrB family transcriptional regulator Synechococcus sp KORDI-100
334,2211,WP_037979861,24.18,6,1,1,,13031,AbrB family transcriptional regulator Synechococcus sp WH 5701
334,3954,WP_051847637,24.18,6,1,1,,14544,AbrB family transcriptional regulator Synechococcus sp KORDI-100
334,2215,ETNP_90m_PROKKA_71778,24.18,5,1,1,,15617,hypothetical protein
464,119846,ETNP_300m_PROKKA_117263,24.13,17,1,1,,9147,hypothetical protein
466,119851,ETNP14_120maa_PROKKA_106890,24.01,2,1,1,,37064,Ycf48-like protein
468,119855,ETNP_300m_PROKKA_17378,23.72,3,1,1,,38707,Capsule polysaccharide biosynthesis protein
469,119883,ETNP_300m_PROKKA_03971,23.45,4,1,1,,31693,hypothetical protein
470,119884,ETNP_300m_PROKKA_22021,23.32,7,1,1,,12393,Nitrogen regulatory protein P-II 1
472,119886,WP_002996010,23.29,2,1,1,,36562,conjugal transfer protein Bacteroidetes
471,119885,ETNP14_68maa_PROKKA_153329,23.28,4,1,1,,22657,Methionine synthase
473,119888,ETNP14_68mB_PROKKA_77267,23.22,6,1,1,,14821,hypothetical protein
474,119891,ETNP14_68maa_PROKKA_78939,23.01,2,1,1,,52879,RNA-splicing ligase RtcB
475,119892,ETNP_120m_free_PROKKA_74299,22.98,1,1,1,,88110,hypothetical protein
478,107806,ETNP_90m_PROKKA_200603,22.08,9,1,1,,10020,hypothetical protein
338,119844,XP_003083663,21.99,2,1,1,,44420,tetratricopeptide repeat ISS partial  Ostreococcus tauri
480,119901,ETNP_120m_PROKKA_337279,21.80,4,1,1,,21360,hypothetical protein
339,119848,ETNP_180m_PROKKA_140953,21.70,9,1,1,,12134,Bacterial extracellular solute-binding protein  family 7
339,119849,ETNP_120m_PROKKA_294268,21.70,3,1,1,,36849,2 3-diketo-L-gulonate-binding periplasmic protein YiaO precursor
345,119906,ETNP14_120maa_PROKKA_65586,21.70,2,1,1,,43832,Threonine synthase
346,119908,ETNP_120m_PROKKA_304415,21.51,6,1,1,,15582,hypothetical protein
284,119776,ETNP_120m_PROKKA_152344,21.47,2,1,1,,55048,SusD family protein
284,119777,ETNP14_120maa_PROKKA_29998,21.47,2,1,1,,55048,SusD family protein
284,119778,NP_300m_PROKKA_02462,21.47,2,1,1,,55048,SusD family protein
284,119779,ETNP_140m_PROKKA_25014,21.47,2,1,1,,55048,SusD family protein
284,119780,ETNP_180m_PROKKA_72557,21.47,2,1,1,,55048,SusD family protein
284,119781,NP_125m_PROKKA_03006,21.47,2,1,1,,55048,SusD family protein
284,119782,NP_85m_PROKKA_12802,21.47,2,1,1,,55048,SusD family protein
284,119783,ETNP_300m_PROKKA_125688,21.47,2,1,1,,55048,SusD family protein
343,119871,ETNP_180m_PROKKA_126757,21.41,4,1,1,,25213,hypothetical protein
343,119872,ETNP_120m_PROKKA_246148,21.41,3,1,1,,26427,hypothetical protein
482,119910,ETNP_300m_PROKKA_154504,21.40,6,1,1,,18379,Azurin
484,119919,WP_048105844,21.28,3,1,1,,29015,D-tyrosyl-tRNATyr deacylase Candidatus Nitrosopelagicus brevis
342,119870,WP_038655346,21.27,1,1,1,,96688,DNA gyrase subunit A Prochlorococcus sp MIT 0801
488,119927,ETNP_180m_PROKKA_226201,21.24,1,1,1,,82158,Formyl-coenzyme A transferase
487,86415,ETNP_120m_PROKKA_41828,21.22,3,1,1,,30235,hypothetical protein
260,119795,EJK68622,21.18,3,1,1,,44267,hypothetical protein THAOC_10180  Thalassiosira oceanica
486,119921,WP_011127992,21.17,3,1,1,,41134,GTPase Synechococcus sp WH 8102
489,119949,ETNP_300m_PROKKA_36467,21.12,2,1,1,,83254,DNA-directed RNA polymerase subunit beta'
344,119873,ETNP_120m_PROKKA_333234,20.93,5,1,1,,16964,Guanylate kinase
490,119962,ETNP_120m_PROKKA_284625,20.79,1,1,1,,74981,Putative multidrug export ATP-binding/permease protein
491,119971,ETNP_180m_PROKKA_67561,20.57,2,1,1,,46917,Proton glutamate symport protein
347,119924,ETNP_160m_PROKKA_24857,20.39,5,1,1,,18030,Formate dehydrogenase iron-sulfur subunit
347,119925,ETNP_110m_PROKKA_12821,20.39,5,1,1,,21599,Formate dehydrogenase iron-sulfur subunit
347,119985,ETNP_120m_PROKKA_124186,20.39,20,1,1,,4995,Formate dehydrogenase iron-sulfur subunit
347,119986,ETNP_120m_free_PROKKA_10216,20.39,6,1,1,,15479,Formate dehydrogenase iron-sulfur subunit
347,119987,ETNP_180m_PROKKA_222600,20.39,6,1,1,,15479,Formate dehydrogenase iron-sulfur subunit
493,119991,ETNP14_120mab_PROKKA_88805,20.34,6,1,1,,18572,Ribosome-recycling factor
493,119992,ETNP14_68maa_PROKKA_44759,20.34,5,1,1,,21240,Ribosome-recycling factor
493,119993,ETNP_100m_PROKKA_30279,20.34,5,1,1,,21141,Ribosome-recycling factor
288,119853,NP_300m_PROKKA_23330,20.33,2,1,1,,40433,hypothetical protein
385,120090,ETNP_120m_PROKKA_74631,20.10,2,1,1,,51705,Trigger factor
187,120096,ETNP14_120mab_PROKKA_133260,20.02,4,1,1,,19089,Carbamate kinase 1
