Protein Group,Protein ID,Accession,-10lgP,Coverage (%),#Peptides,#Unique,PTM,Avg. Mass,Description
6,107163,ETNP_110m_PROKKA_17489,129.32,27,9,2,,32534,Monocarboxylate 2-oxoacid-binding periplasmic protein precursor
6,1891,NP_125m_PROKKA_02672,129.32,22,9,2,,39275,Monocarboxylate 2-oxoacid-binding periplasmic protein precursor
6,118935,ETNP_100m_PROKKA_52129,129.32,22,9,2,,39291,Monocarboxylate 2-oxoacid-binding periplasmic protein precursor
6,1890,NP_85m_PROKKA_10653,129.32,22,9,2,,39305,Monocarboxylate 2-oxoacid-binding periplasmic protein precursor
13,38,ETNP_120m_PROKKA_239026,127.99,44,8,8,,17736,C-phycoerythrin class 2 subunit alpha
13,39,ETNP_90m_PROKKA_15075,127.99,44,8,8,,17736,C-phycoerythrin class 2 subunit alpha
13,37,ETNP_100m_particle_PROKKA_144421,127.99,44,8,8,,17736,C-phycoerythrin class 2 subunit alpha
13,58,ETNP_120m_free_PROKKA_182311,127.99,44,8,8,,17722,C-phycoerythrin class 2 subunit alpha
22,4738,NP_300m_PROKKA_06204,126.05,16,6,4,,39385,Bacterial extracellular solute-binding protein
22,4739,ETNP_120m_particle_PROKKA_168206,126.05,16,6,4,,39375,Bacterial extracellular solute-binding protein
22,4737,ETNP_120m_PROKKA_307121,126.05,16,6,4,,39385,Bacterial extracellular solute-binding protein
22,4740,ETNP_140m_PROKKA_80561,126.05,16,6,4,,39385,Bacterial extracellular solute-binding protein
5,107164,ETNP_120m_PROKKA_147642,125.48,25,9,0,,31075,Monocarboxylate 2-oxoacid-binding periplasmic protein precursor
5,889,ETNP_140m_PROKKA_69877,125.48,22,9,0,,35015,Monocarboxylate 2-oxoacid-binding periplasmic protein precursor
2,107167,ETNP_110m_PROKKA_49243,124.09,33,13,13,,47623,Aliphatic amidase expression-regulating protein
2,107168,NP_100m_PROKKA_08459,124.09,31,13,13,,50268,Aliphatic amidase expression-regulating protein
2,107169,NP_125m_PROKKA_07093,124.09,31,13,13,,50268,Aliphatic amidase expression-regulating protein
9,900,NP_300m_PROKKA_20959,122.35,19,8,1,,39379,Monocarboxylate 2-oxoacid-binding periplasmic protein precursor
4,107165,ETNP_100m_particle_PROKKA_120937,122.12,22,9,1,,39293,Monocarboxylate 2-oxoacid-binding periplasmic protein precursor
4,107166,ETNP_120m_PROKKA_178829,122.12,22,9,1,,39319,Monocarboxylate 2-oxoacid-binding periplasmic protein precursor
14,1173,NP_85m_PROKKA_14278,119.95,16,8,0,,39694,Monocarboxylate 2-oxoacid-binding periplasmic protein precursor
14,1174,NP_300m_PROKKA_22657,119.95,16,8,0,,39694,Monocarboxylate 2-oxoacid-binding periplasmic protein precursor
8,1177,ETNP14_120maa_PROKKA_92245,118.16,19,9,0,,39544,Monocarboxylate 2-oxoacid-binding periplasmic protein precursor
19,107174,ETNP_300m_PROKKA_184521,112.99,11,7,7,,67558,Methanol dehydrogenase [cytochrome c] subunit 1
19,107175,NP_300m_PROKKA_11083,112.99,10,7,7,,71720,Methanol dehydrogenase [cytochrome c] subunit 1 precursor
21,34,ETNP_90m_PROKKA_178606,106.54,18,4,4,,29123,Photosystem II manganese-stabilizing polypeptide precursor
23,389,ETNP14_120maa_PROKKA_111366,104.07,17,6,0,,37337,General L-amino acid-binding periplasmic protein AapJ precursor
23,107176,ETNP14_120maa_PROKKA_66447,104.07,17,6,0,,37413,General L-amino acid-binding periplasmic protein AapJ precursor
11,1140,NP_85m_PROKKA_05533,104.03,14,8,0,,39724,Monocarboxylate 2-oxoacid-binding periplasmic protein precursor
11,1914,NP_300m_PROKKA_02121,104.03,14,8,0,,39744,Monocarboxylate 2-oxoacid-binding periplasmic protein precursor
10,1197,ETNP_120m_free_PROKKA_239923,103.55,15,8,0,,39559,Monocarboxylate 2-oxoacid-binding periplasmic protein precursor
30,145,ETNP_100m_PROKKA_13915,103.34,19,4,4,,27289,Divinyl chlorophyll a/b light-harvesting protein PcbB
30,146,ETNP_140m_PROKKA_160181,103.34,18,4,4,,28052,Divinyl chlorophyll a/b light-harvesting protein PcbB
30,191,ETNP_140m_PROKKA_58522,103.34,18,4,4,,28052,Divinyl chlorophyll a/b light-harvesting protein PcbB
30,93,NP_85m_PROKKA_25466,103.34,14,4,4,,34628,Divinyl chlorophyll a/b light-harvesting protein PcbB
30,94,ETNP_90m_PROKKA_151411,103.34,13,4,4,,38538,Divinyl chlorophyll a/b light-harvesting protein PcbB
30,152,NP_85m_PROKKA_17755,103.34,13,4,4,,38586,Divinyl chlorophyll a/b light-harvesting protein PcbB
27,1077,NP_85m_PROKKA_06199,103.32,23,6,4,,37599,Sialic acid-binding periplasmic protein SiaP precursor
27,1078,ETNP_300m_PROKKA_160614,103.32,23,6,4,,37618,Sialic acid-binding periplasmic protein SiaP precursor
27,1079,ETNP_160m_PROKKA_56951,103.32,23,6,4,,37618,Sialic acid-binding periplasmic protein SiaP precursor
27,1080,ETNP_180m_PROKKA_87014,103.32,23,6,4,,37618,Sialic acid-binding periplasmic protein SiaP precursor
27,1081,ETNP_120m_PROKKA_148649,103.32,23,6,4,,37618,Sialic acid-binding periplasmic protein SiaP precursor
3,244,XP_003062500,102.73,21,13,7,,49730,alpha tubulin  Micromonas pusilla CCMP1545
3,245,XP_003058621,102.73,21,13,7,,49730,alpha tubulin  Micromonas pusilla CCMP1545
44,140,ETNP_120m_PROKKA_239033,101.64,30,5,4,,19139,C-phycoerythrin class 1 subunit beta
44,138,ETNP_120m_free_PROKKA_147966,101.64,30,5,4,,19139,C-phycoerythrin class 1 subunit beta
44,139,ETNP_100m_particle_PROKKA_112481,101.64,30,5,4,,19139,C-phycoerythrin class 1 subunit beta
1,154,ETNP_120m_PROKKA_239025,98.78,43,11,8,,18407,C-phycoerythrin class 2 subunit beta
1,155,ETNP_120m_free_PROKKA_182310,98.78,43,11,8,,18407,C-phycoerythrin class 2 subunit beta
1,153,ETNP_90m_PROKKA_15076,98.78,43,11,8,,18407,C-phycoerythrin class 2 subunit beta
24,107189,NP_100m_PROKKA_12960,98.15,18,6,0,,35769,General L-amino acid-binding periplasmic protein AapJ precursor
17,1900,NP_100m_PROKKA_09018,97.78,16,7,0,,31289,Monocarboxylate 2-oxoacid-binding periplasmic protein precursor
15,1172,NP_85m_PROKKA_09702,97.47,15,7,1,,39742,Monocarboxylate 2-oxoacid-binding periplasmic protein precursor
15,1176,NP_125m_PROKKA_07506,97.47,15,7,1,,39830,Monocarboxylate 2-oxoacid-binding periplasmic protein precursor
15,1175,ETNP14_68maa_PROKKA_144097,97.47,15,7,1,,39674,Monocarboxylate 2-oxoacid-binding periplasmic protein precursor
56,144,ETNP_120m_free_PROKKA_60142,95.03,15,3,3,,28624,hypothetical protein
45,4,ETNP_90m_PROKKA_165095,94.42,11,5,4,,57358,60 kDa chaperonin 1
45,1,ETNP_90m_PROKKA_150918,94.42,11,5,4,,57387,60 kDa chaperonin 1
45,8,WP_036912335,94.42,11,5,4,,57393,molecular chaperone GroEL Prochlorococcus
45,9,WP_011130817,94.42,11,5,4,,57397,molecular chaperone GroEL Prochlorococcus marinus
45,10,ETNP14_68maa_PROKKA_102614,94.42,11,5,4,,57434,60 kDa chaperonin 1
34,221,ETNP14_68maa_PROKKA_162902,94.16,17,6,0,,37294,General L-amino acid-binding periplasmic protein AapJ precursor
34,361,ETNP14_68maa_PROKKA_99193,94.16,17,6,0,,37467,General L-amino acid-binding periplasmic protein AapJ precursor
34,107190,ETNP14_68maa_PROKKA_64086,94.16,17,6,0,,37979,General L-amino acid-binding periplasmic protein AapJ precursor
20,57413,NP_300m_PROKKA_14803,90.10,10,6,2,,57679,60 kDa chaperonin
20,57411,ETNP_180m_PROKKA_186511,90.10,10,6,2,,57711,60 kDa chaperonin
20,57412,ETNP_160m_PROKKA_52423,90.10,10,6,2,,57723,60 kDa chaperonin
53,107202,NP_300m_PROKKA_08503,89.50,11,4,3,,39772,Alpha-keto acid-binding periplasmic protein TakP precursor
53,107203,ETNP_120m_PROKKA_310245,89.50,11,4,3,,39772,Alpha-keto acid-binding periplasmic protein TakP precursor
53,107204,ETNP_120m_particle_PROKKA_108393,89.50,11,4,3,,39772,Alpha-keto acid-binding periplasmic protein TakP precursor
53,107205,ETNP_110m_PROKKA_29371,89.50,11,4,3,,39772,Alpha-keto acid-binding periplasmic protein TakP precursor
12,182,ETNP_100m_particle_PROKKA_10535,89.15,20,9,3,,30242,hypothetical protein
12,129,ETNP_120m_PROKKA_318382,89.15,18,9,3,,34262,hypothetical protein
38,119114,KHE93198,87.98,7,5,3,,75635,hydrazine synthase BC subunit Candidatus Scalindua brodae
18,107207,NP_125m_PROKKA_07826,87.55,22,8,6,,35665,General L-amino acid-binding periplasmic protein AapJ precursor
82,2258,ETNP_140m_PROKKA_15602,86.56,6,3,3,,66767,PA14 domain protein
31,1198,ETNP_160m_PROKKA_60185,85.89,11,6,6,,62885,Glutathione-binding protein GsiB precursor
31,1199,NP_300m_PROKKA_07046,85.89,12,6,6,,58350,Glutathione-binding protein GsiB precursor
105,1820,ETNP_140m_PROKKA_134029,84.65,3,3,2,,129699,hypothetical protein
105,1119,ETNP_160m_PROKKA_81170,84.65,3,3,2,,129586,hypothetical protein
105,1120,ETNP_120m_PROKKA_83125,84.65,3,3,2,,130073,hypothetical protein
105,1121,ETNP_180m_PROKKA_81128,84.65,3,3,2,,130100,hypothetical protein
32,107215,ETNP_120m_PROKKA_240078,83.91,11,4,4,,27509,NMT1/THI5 like protein
32,107216,ETNP_120m_free_PROKKA_93994,83.91,11,4,4,,28088,hypothetical protein
32,107217,ETNP_120m_particle_PROKKA_23247,83.91,9,4,4,,34822,hypothetical protein
32,107218,ETNP_120m_particle_PROKKA_72442,83.91,9,4,4,,34812,NMT1/THI5 like protein
32,107219,ETNP14_120maa_PROKKA_87693,83.91,9,4,4,,34827,NMT1/THI5 like protein
32,107222,NP_300m_PROKKA_37639,83.91,10,4,4,,32130,NMT1/THI5 like protein
32,107223,ETNP_160m_PROKKA_21943,83.91,9,4,4,,34764,NMT1/THI5 like protein
32,107224,ETNP_140m_PROKKA_164499,83.91,9,4,4,,34989,NMT1/THI5 like protein
32,174201,ETNP_120m_PROKKA_133462,83.91,9,4,4,,34989,NMT1/THI5 like protein
32,107225,ETNP_180m_PROKKA_205281,83.91,9,4,4,,34764,NMT1/THI5 like protein
32,107226,ETNP_120m_PROKKA_193148,83.91,9,4,4,,34764,NMT1/THI5 like protein
32,107227,ETNP_180m_PROKKA_38050,83.91,9,4,4,,34989,NMT1/THI5 like protein
32,107228,ETNP14_120maa_PROKKA_145817,83.91,9,4,4,,34720,NMT1/THI5 like protein
32,107231,ETNP14_120maa_PROKKA_47507,83.91,9,4,4,,35049,NMT1/THI5 like protein
39,2218,ETNP_120m_particle_PROKKA_16438,83.52,11,4,0,,37668,taurine transporter substrate binding subunit
46,107186,ETNP_100m_particle_PROKKA_113205,83.13,22,4,0,,18566,hypothetical protein
103,107201,ETNP_120m_PROKKA_141011,82.91,23,3,1,,14547,hypothetical protein
16,261,XP_003056479,81.24,13,8,0,,49615,beta tubulin  Micromonas pusilla CCMP1545
50,107235,ETNP_160m_PROKKA_63763,80.15,7,3,3,,58291,Heme-binding protein A precursor
50,107236,ETNP_140m_PROKKA_115142,80.15,7,3,3,,58291,Heme-binding protein A precursor
50,107237,NP_300m_PROKKA_10869,80.15,7,3,3,,58291,Heme-binding protein A precursor
50,107238,ETNP_120m_PROKKA_67998,80.15,7,3,3,,58291,Heme-binding protein A precursor
97,1570,ETNP_100m_PROKKA_92665,79.55,11,2,2,,23940,Photosystem I reaction center subunit III precursor
74,107246,NP_85m_PROKKA_19634,79.05,8,4,4,,42437,Spermidine/putrescine-binding periplasmic protein precursor
74,107247,ETNP14_68maa_PROKKA_25172,79.05,8,4,4,,42444,Spermidine/putrescine-binding periplasmic protein precursor
74,107248,NP_100m_PROKKA_09832,79.05,8,4,4,,42437,Spermidine/putrescine-binding periplasmic protein precursor
74,107249,NP_300m_PROKKA_32140,79.05,8,4,4,,42437,Spermidine/putrescine-binding periplasmic protein precursor
74,107250,NP_125m_PROKKA_03771,79.05,8,4,4,,42437,Spermidine/putrescine-binding periplasmic protein precursor
74,107251,ETNP14_120maa_PROKKA_15145,79.05,8,4,4,,42437,Spermidine/putrescine-binding periplasmic protein precursor
74,107252,ETNP_110m_PROKKA_30638,79.05,8,4,4,,42437,Spermidine/putrescine-binding periplasmic protein precursor
40,1489,NP_100m_PROKKA_17967,78.89,15,4,0,,26896,Taurine-binding periplasmic protein precursor
89,563,ETNP_100m_particle_PROKKA_54273,78.57,22,3,3,,17329,R-phycocyanin-2 subunit alpha
89,561,ETNP_90m_PROKKA_102743,78.57,22,3,3,,17329,R-phycocyanin-2 subunit alpha
89,564,ETNP_120m_free_PROKKA_94752,78.57,22,3,3,,17329,R-phycocyanin-2 subunit alpha
89,565,ETNP_120m_PROKKA_09407,78.57,22,3,3,,17329,R-phycocyanin-2 subunit alpha
89,562,ETNP_120m_particle_PROKKA_157310,78.57,22,3,3,,17329,R-phycocyanin-2 subunit alpha
70,551,ETNP_90m_PROKKA_122859,78.42,15,3,3,,20071,Photosystem I reaction center subunit XI
70,555,ETNP_120m_PROKKA_321604,78.42,15,3,3,,20071,Photosystem I reaction center subunit XI
70,546,ETNP_120m_PROKKA_115988,78.42,15,3,3,,20020,Photosystem I reaction center subunit XI
70,548,ETNP_100m_PROKKA_21334,78.42,15,3,3,,20020,Photosystem I reaction center subunit XI
70,549,ETNP_90m_PROKKA_59218,78.42,15,3,3,,20020,Photosystem I reaction center subunit XI
70,552,ETNP_100m_particle_PROKKA_140193,78.42,15,3,3,,20071,Photosystem I reaction center subunit XI
70,556,ETNP_140m_PROKKA_60611,78.42,15,3,3,,20071,Photosystem I reaction center subunit XI
70,553,ETNP_110m_PROKKA_44967,78.42,15,3,3,,20071,Photosystem I reaction center subunit XI
70,547,ETNP_110m_PROKKA_02539,78.42,15,3,3,,20020,Photosystem I reaction center subunit XI
70,554,ETNP_100m_PROKKA_21330,78.42,15,3,3,,20071,Photosystem I reaction center subunit XI
70,550,NP_85m_PROKKA_11773,78.42,15,3,3,,20038,Photosystem I reaction center subunit XI
64,101,ETNP14_68maa_PROKKA_166963,76.67,19,3,3,,15623,Photosystem I reaction center subunit II
81,2098,NP_300m_PROKKA_09744,76.61,5,3,3,,64538,putative oxidoreductase YdhV
81,3646,ETNP_140m_PROKKA_05225,76.61,41,3,3,,7341,Aldehyde ferredoxin oxidoreductase  domains 2 & 3
81,3648,ETNP_150m_particle_PROKKA_45605,76.61,30,3,3,,10049,Aldehyde ferredoxin oxidoreductase  domains 2 & 3
81,3649,ETNP_120m_free_PROKKA_181058,76.61,20,3,3,,15027,Aldehyde ferredoxin oxidoreductase  domains 2 & 3
81,2193,ETNP_180m_PROKKA_117921,76.61,11,3,3,,26481,Aldehyde ferredoxin oxidoreductase  domains 2 & 3
81,2194,ETNP_120m_particle_PROKKA_135996,76.61,11,3,3,,26481,Aldehyde ferredoxin oxidoreductase  domains 2 & 3
81,2195,ETNP_160m_PROKKA_192757,76.61,11,3,3,,26481,Aldehyde ferredoxin oxidoreductase  domains 2 & 3
48,943,ETNP_100m_particle_PROKKA_145656,75.77,25,5,0,,17714,hypothetical protein
47,107274,KHE92665,75.51,5,5,3,,90901,hydrazine synthase A subunit Candidatus Scalindua brodae
71,119257,ETNP_300m_PROKKA_73002,75.41,12,4,4,,35279,Periplasmic dipeptide transport protein precursor
71,119131,ETNP_120m_PROKKA_164604,75.41,7,4,4,,57649,Periplasmic dipeptide transport protein precursor
71,119132,NP_300m_PROKKA_03566,75.41,7,4,4,,57649,Periplasmic dipeptide transport protein precursor
71,119133,ETNP_140m_PROKKA_128292,75.41,7,4,4,,57649,Periplasmic dipeptide transport protein precursor
71,119134,ETNP_180m_PROKKA_192696,75.41,7,4,4,,57649,Periplasmic dipeptide transport protein precursor
71,119135,ETNP_160m_PROKKA_63379,75.41,7,4,4,,57649,Periplasmic dipeptide transport protein precursor
71,119136,NP_100m_PROKKA_09173,75.41,7,4,4,,57649,Periplasmic dipeptide transport protein precursor
41,2074,XP_002180656,75.00,9,5,1,,49747,predicted protein  Phaeodactylum tricornutum CCAP 1055
58,57440,ETNP14_120maa_PROKKA_34104,74.34,8,4,0,,57430,60 kDa chaperonin
35,577,WP_011128866,73.60,28,5,2,,18085,C-phycoerythrin class 2 subunit beta Synechococcus
77,107242,ETNP_160m_PROKKA_219613,73.20,3,3,2,,119472,hypothetical protein
77,107243,ETNP_180m_PROKKA_116028,73.20,3,3,2,,130143,Cna protein B-type domain protein
77,107244,ETNP_120m_PROKKA_336736,73.20,3,3,2,,138609,hypothetical protein
29,118936,ETNP_120m_PROKKA_129156,72.94,9,5,5,,65456,Quinohemoprotein alcohol dehydrogenase ADH-IIG precursor
29,118937,ETNP_120m_free_PROKKA_72321,72.94,9,5,5,,65456,Quinohemoprotein alcohol dehydrogenase ADH-IIG precursor
29,118938,ETNP_160m_PROKKA_190159,72.94,8,5,5,,68750,Quinohemoprotein alcohol dehydrogenase ADH-IIG precursor
156,2983,ETNP_120m_free_PROKKA_182392,72.84,9,2,2,,34119,glycine betaine transporter periplasmic subunit
156,2984,ETNP_180m_PROKKA_61735,72.84,9,2,2,,36437,glycine betaine transporter periplasmic subunit
156,2985,ETNP_120m_PROKKA_150239,72.84,9,2,2,,36437,glycine betaine transporter periplasmic subunit
156,2986,NP_300m_PROKKA_22777,72.84,9,2,2,,36437,glycine betaine transporter periplasmic subunit
156,2987,ETNP_300m_PROKKA_25221,72.84,9,2,2,,36437,glycine betaine transporter periplasmic subunit
156,2988,ETNP_160m_PROKKA_158752,72.84,9,2,2,,36437,glycine betaine transporter periplasmic subunit
25,2389,WP_011310604,72.55,8,4,0,,57562,molecular chaperone GroEL Thiobacillus denitrificans
66,67,ETNP_90m_PROKKA_125046,72.37,6,3,3,,43911,Photosystem II protein
66,57,ETNP_100m_particle_PROKKA_87954,72.37,6,3,3,,44761,Photosystem II protein
66,31,ETNP_90m_PROKKA_94806,72.37,5,3,3,,50481,Photosystem II 44 kDa reaction center protein
66,32,ETNP_120m_PROKKA_123375,72.37,5,3,3,,52469,Photosystem II 44 kDa reaction center protein
57,474,ETNP_100m_particle_PROKKA_82300,72.24,25,3,1,,14624,Tubulin/FtsZ family  GTPase domain
28,119003,ETNP14_120maa_PROKKA_28008,72.11,8,4,1,,57900,60 kDa chaperonin
159,107324,ETNP_300m_PROKKA_03840,71.99,14,2,1,,18591,hypothetical protein
159,107325,ETNP_180m_PROKKA_172072,71.99,8,2,1,,34432,hypothetical protein
94,107286,ETNP_160m_PROKKA_206441,71.07,12,3,3,,28332,hypothetical protein
94,107287,ETNP_140m_PROKKA_21823,71.07,11,3,3,,29965,hypothetical protein
94,107288,NP_300m_PROKKA_21749,71.07,10,3,3,,35973,Leucine-specific-binding protein precursor
54,107208,ETNP_300m_PROKKA_181318,70.31,5,5,5,,134406,PA14 domain protein
80,697,NP_85m_PROKKA_22112,69.24,8,3,0,,34368,Taurine-binding periplasmic protein precursor
65,661,XP_003061104,69.18,9,4,1,,41766,actin flagellar inner arm intermediate chain  Micromonas pusilla CCMP1545
157,1731,ETNP14_120mab_PROKKA_19811,69.08,11,2,1,,20125,Major capsid protein Gp23
157,1732,ETNP_180m_PROKKA_180981,69.08,8,2,1,,26609,Major capsid protein Gp23
157,1062,ETNP_90m_PROKKA_148188,69.08,7,2,1,,32448,Major capsid protein Gp23
157,1066,ETNP14_68maa_PROKKA_81779,69.08,5,2,1,,47354,Major capsid protein Gp23
157,174235,ETNP_120m_particle_PROKKA_54764,69.08,5,2,1,,47699,Major capsid protein Gp23
157,1003,ETNP14_120maa_PROKKA_123937,69.08,5,2,1,,47699,Major capsid protein Gp23
73,107276,ETNP14_120mab_PROKKA_117245,68.96,17,3,0,,17595,hypothetical protein
158,107257,ETNP_120m_PROKKA_226192,68.90,5,2,1,,44233,Leucine-  isoleucine-  valine-  threonine-  and alanine-binding protein precursor
158,107258,ETNP_120m_particle_PROKKA_57225,68.90,5,2,1,,44233,Leucine-  isoleucine-  valine-  threonine-  and alanine-binding protein precursor
158,107259,ETNP_140m_PROKKA_112756,68.90,5,2,1,,44233,Leucine-  isoleucine-  valine-  threonine-  and alanine-binding protein precursor
158,107260,NP_300m_PROKKA_03088,68.90,5,2,1,,44233,Leucine-  isoleucine-  valine-  threonine-  and alanine-binding protein precursor
33,603,WP_038543230,68.76,18,4,0,,18716,bleomycin hydrolase Synechococcus sp KORDI-100
61,119026,NP_125m_PROKKA_05636,68.71,20,4,1,,21095,hypothetical protein
61,119104,ETNP_110m_PROKKA_34662,68.71,14,4,1,,29712,hypothetical protein
104,107341,ETNP_120m_free_PROKKA_108705,68.71,11,3,1,,27037,Bacterial extracellular solute-binding protein
104,2738,ETNP_120m_PROKKA_117417,68.71,9,3,1,,34430,Bacterial extracellular solute-binding protein
84,1671,ETNP_120m_particle_PROKKA_175627,67.97,15,2,1,,16510,Bacterial actin-related protein
37,107316,ETNP14_120maa_PROKKA_27079,67.47,2,3,3,,142899,Respiratory nitrate reductase 1 alpha chain
37,107317,NP_300m_PROKKA_02942,67.47,3,3,3,,136528,Respiratory nitrate reductase 1 alpha chain
62,118954,NP_100m_PROKKA_10275,67.30,11,4,1,,41340,hypothetical protein
93,1677,ETNP_90m_PROKKA_166636,67.03,9,3,1,,33070,Bacterial actin-related protein
107,607,ETNP_100m_PROKKA_37128,66.97,24,3,3,,13205,50S ribosomal protein L7/L12
107,609,ETNP_100m_particle_PROKKA_79611,66.97,24,3,3,,13205,50S ribosomal protein L7/L12
107,277,ETNP_90m_PROKKA_154007,66.97,24,3,3,,13144,50S ribosomal protein L7/L12
107,292,ETNP14_68maa_PROKKA_146019,66.97,24,3,3,,13251,50S ribosomal protein L7/L12
107,274,ETNP_120m_PROKKA_306576,66.97,24,3,3,,13144,50S ribosomal protein L7/L12
107,608,ETNP_120m_PROKKA_223751,66.97,24,3,3,,13205,50S ribosomal protein L7/L12
107,355,WP_036911021,66.97,24,3,3,,13248,50S ribosomal protein L7L12 Prochlorococcus
107,275,ETNP_100m_PROKKA_36244,66.97,24,3,3,,13144,50S ribosomal protein L7/L12
107,278,ETNP_110m_PROKKA_13764,66.97,24,3,3,,13144,50S ribosomal protein L7/L12
107,276,ETNP_100m_particle_PROKKA_109179,66.97,24,3,3,,13144,50S ribosomal protein L7/L12
107,293,ETNP_100m_PROKKA_36243,66.97,24,3,3,,13241,50S ribosomal protein L7/L12
107,610,ETNP_90m_PROKKA_48193,66.97,24,3,3,,13205,50S ribosomal protein L7/L12
107,357,ETNP_120m_free_PROKKA_123799,66.97,24,3,3,,13275,50S ribosomal protein L7/L12
107,356,WP_011131455,66.97,24,3,3,,13173,50S ribosomal protein L7L12 Prochlorococcus marinus
63,107232,ETNP_120m_PROKKA_24459,66.70,9,4,3,,39368,Monocarboxylate 2-oxoacid-binding periplasmic protein precursor
63,107233,ETNP_160m_PROKKA_188359,66.70,9,4,3,,39393,Monocarboxylate 2-oxoacid-binding periplasmic protein precursor
88,119081,ETNP_120m_PROKKA_83500,65.79,13,3,1,,20791,hypothetical protein
110,107271,ETNP_160m_PROKKA_177948,65.63,73,2,2,,4204,hypothetical protein
110,107272,ETNP_120m_PROKKA_326634,65.63,68,2,2,,4592,hypothetical protein
110,107273,ETNP_140m_PROKKA_77551,65.63,26,2,2,,11643,hypothetical protein
90,107253,NP_85m_PROKKA_10662,65.24,9,3,1,,40095,Bacterial extracellular solute-binding protein
90,107254,NP_100m_PROKKA_06649,65.24,9,3,1,,40141,Bacterial extracellular solute-binding protein
111,993,ETNP_110m_PROKKA_06307,65.00,22,2,2,,8846,Photosystem I iron-sulfur center
111,996,ETNP_100m_PROKKA_74687,65.00,22,2,2,,8846,Photosystem I iron-sulfur center
111,997,ETNP_90m_PROKKA_156294,65.00,22,2,2,,8846,Photosystem I iron-sulfur center
111,998,ETNP_90m_PROKKA_181879,65.00,22,2,2,,8846,Photosystem I iron-sulfur center
111,994,ETNP14_68maa_PROKKA_164197,65.00,22,2,2,,8846,Photosystem I iron-sulfur center
111,995,ETNP_100m_particle_PROKKA_90902,65.00,22,2,2,,8846,Photosystem I iron-sulfur center
49,107524,ETNP_160m_PROKKA_146664,64.99,32,4,1,,12138,Core histone H2A/H2B/H3/H4
49,107525,ETNP_140m_PROKKA_143912,64.99,32,4,1,,12112,Core histone H2A/H2B/H3/H4
49,107526,ETNP_120m_particle_PROKKA_35033,64.99,25,4,1,,15175,Core histone H2A/H2B/H3/H4
49,107527,ETNP_180m_PROKKA_17685,64.99,22,4,1,,17568,Core histone H2A/H2B/H3/H4
91,107289,NP_85m_PROKKA_09331,63.84,8,3,1,,40252,Bacterial extracellular solute-binding protein
91,107290,ETNP14_68maa_PROKKA_113506,63.84,8,3,1,,40252,Bacterial extracellular solute-binding protein
91,107291,NP_300m_PROKKA_27730,63.84,8,3,1,,40252,Bacterial extracellular solute-binding protein
161,1093,ETNP_70m_PROKKA_96078,63.70,6,2,1,,33264,Major capsid protein Gp23
119,107220,ETNP_300m_PROKKA_103810,62.34,4,2,2,,39600,hypothetical protein
51,57455,NP_300m_PROKKA_20189,62.22,7,3,0,,50654,60 kDa chaperonin
72,107833,ETNP_120m_particle_PROKKA_41045,61.97,32,4,1,,12049,Core histone H2A/H2B/H3/H4
79,2576,ETNP_160m_PROKKA_215560,61.49,9,3,2,,37120,Bacterial extracellular solute-binding protein
79,2581,ETNP_140m_PROKKA_29383,61.49,9,3,2,,39438,Bacterial extracellular solute-binding protein
79,2580,NP_100m_PROKKA_04112,61.49,9,3,2,,39439,Bacterial extracellular solute-binding protein
79,2582,ETNP_180m_PROKKA_06078,61.49,9,3,2,,39438,Bacterial extracellular solute-binding protein
79,2583,NP_300m_PROKKA_22066,61.49,9,3,2,,39438,Bacterial extracellular solute-binding protein
59,119020,ETNP_180m_PROKKA_61581,60.91,8,4,2,,40202,Receptor family ligand binding region
59,119021,ETNP_160m_PROKKA_51479,60.91,8,4,2,,40255,Receptor family ligand binding region
59,119022,ETNP_120m_PROKKA_133802,60.91,8,4,2,,40255,Receptor family ligand binding region
278,3668,ETNP_100m_PROKKA_13914,59.52,14,1,1,,10162,hypothetical protein
278,3669,ETNP_120m_PROKKA_140329,59.52,14,1,1,,10192,hypothetical protein
278,3670,ETNP_100m_particle_PROKKA_47732,59.52,14,1,1,,10162,hypothetical protein
278,3671,ETNP_90m_PROKKA_151410,59.52,13,1,1,,10770,hypothetical protein
106,1189,AGH57838.1,59.46,9,3,3,,39411,photosystem II D2 protein [Synechococcus phage KBS-M-1A]
134,135351,ETNP14_68maa_PROKKA_170945,59.26,4,2,0,,51415,60 kDa chaperonin 5
134,174206,ETNP14_120maa_PROKKA_94170,59.26,3,2,0,,58560,60 kDa chaperonin 5
134,135350,ETNP14_68maa_PROKKA_140717,59.26,4,2,0,,51368,60 kDa chaperonin 5
134,174208,ETNP14_120maa_PROKKA_144512,59.26,4,2,0,,51529,60 kDa chaperonin 5
134,135352,ETNP14_68maa_PROKKA_160524,59.26,4,2,0,,57177,60 kDa chaperonin 5
134,174209,ETNP14_120maa_PROKKA_83506,59.26,3,2,0,,58631,60 kDa chaperonin 5
134,135321,ETNP14_68maa_PROKKA_186418,59.26,5,2,0,,41016,60 kDa chaperonin 5
134,174239,ETNP14_68maa_PROKKA_69227,59.26,5,2,0,,41616,60 kDa chaperonin 5
134,135315,NP_85m_PROKKA_19329,59.26,4,2,0,,46472,60 kDa chaperonin 5
134,174240,ETNP14_120maa_PROKKA_154053,59.26,4,2,0,,46605,60 kDa chaperonin 1
134,107281,ETNP14_120maa_PROKKA_154513,59.26,4,2,0,,46883,60 kDa chaperonin 1
134,135322,ETNP14_68maa_PROKKA_195839,59.26,4,2,0,,46834,60 kDa chaperonin 5
134,4583,ETNP14_68maa_PROKKA_169291,59.26,4,2,0,,51134,60 kDa chaperonin 5
134,135316,ETNP14_68maa_PROKKA_132262,59.26,3,2,0,,58448,60 kDa chaperonin 5
134,135312,NP_300m_PROKKA_21952,59.26,3,2,0,,58375,60 kDa chaperonin 5
134,174241,ETNP14_68maa_PROKKA_111883,59.26,3,2,0,,58420,60 kDa chaperonin 5
139,174242,ETNP_140m_PROKKA_133826,58.82,16,2,1,,15526,hypothetical protein
139,119199,NP_100m_PROKKA_03094,58.82,6,2,1,,39587,Leu/Ile/Val/Thr-binding protein precursor
139,119189,NP_300m_PROKKA_05831,58.82,6,2,1,,39400,Leu/Ile/Val/Thr-binding protein precursor
123,107396,ETNP_120m_PROKKA_200056,58.38,10,2,2,,27136,hypothetical protein
135,2056,WP_015797913,57.94,3,2,0,,57343,molecular chaperone GroEL Acidimicrobium ferrooxidans
168,466,ETNP14_68mB_PROKKA_59190,57.86,18,2,2,,9841,DNA-binding protein HU
168,421,ETNP_90m_PROKKA_53889,57.86,18,2,2,,9826,DNA-binding protein HU
168,422,ETNP_140m_PROKKA_151089,57.86,18,2,2,,9826,DNA-binding protein HU
168,423,WP_011295240,57.86,18,2,2,,9752,DNA-binding protein Prochlorococcus
168,419,ETNP_90m_PROKKA_61191,57.86,18,2,2,,9826,DNA-binding protein HU
168,411,ETNP_100m_particle_PROKKA_68767,57.86,18,2,2,,9840,DNA-binding protein HU
168,453,ETNP_120m_PROKKA_328578,57.86,18,2,2,,9884,DNA-binding protein HU 1
168,412,ETNP_140m_PROKKA_20457,57.86,18,2,2,,9840,DNA-binding protein HU
168,413,ETNP_90m_PROKKA_93078,57.86,18,2,2,,9840,DNA-binding protein HU
168,454,ETNP_100m_particle_PROKKA_148077,57.86,18,2,2,,9884,DNA-binding protein HU 1
168,455,ETNP_90m_PROKKA_82892,57.86,18,2,2,,9884,DNA-binding protein HU 1
168,420,ETNP_160m_PROKKA_172610,57.86,18,2,2,,9826,DNA-binding protein HU
168,410,WP_028952679,57.86,18,2,2,,9798,DNA-binding protein Synechococcus
168,424,WP_011130763,57.86,18,2,2,,9826,DNA-binding protein Prochlorococcus
168,452,WP_011127454,57.86,18,2,2,,9816,DNA-binding protein Synechococcus
168,425,ETNP_100m_PROKKA_47820,57.86,18,2,2,,9826,DNA-binding protein HU
168,426,ETNP_110m_PROKKA_13715,57.86,18,2,2,,9826,DNA-binding protein HU
168,1068,ETNP14_68maa_PROKKA_88497,57.86,17,2,2,,9996,DNA-binding protein HU
225,107351,ETNP_120m_PROKKA_326509,57.84,3,1,1,,45149,hypothetical protein
67,174211,ETNP14_68maa_PROKKA_65020,57.58,8,2,0,,23678,60 kDa chaperonin
67,4897,ETNP14_120maa_PROKKA_50005,57.58,3,2,0,,57067,60 kDa chaperonin 2
162,119062,ETNP_120m_PROKKA_95426,57.49,3,2,2,,82558,Formate dehydrogenase H
162,119063,ETNP_180m_PROKKA_21990,57.49,3,2,2,,99155,Formate dehydrogenase H
162,119064,ETNP_160m_PROKKA_99583,57.49,2,2,2,,106182,Formate dehydrogenase-O major subunit precursor
162,119065,ETNP_140m_PROKKA_105309,57.49,2,2,2,,106906,Formate dehydrogenase H
163,1963,ETNP_140m_PROKKA_101160,57.39,20,2,2,,10557,Ferredoxin-1
163,1960,NP_85m_PROKKA_17356,57.39,20,2,2,,10557,Ferredoxin-1
163,1961,ETNP_120m_PROKKA_307386,57.39,20,2,2,,10557,Ferredoxin-1
163,1964,ETNP_100m_PROKKA_20702,57.39,20,2,2,,10557,Ferredoxin-1
163,1962,ETNP_110m_PROKKA_09360,57.39,20,2,2,,10557,Ferredoxin-1
85,613,ETNP_160m_PROKKA_13518,57.22,6,3,2,,45072,ATP synthase subunit beta
85,614,ETNP14_120maa_PROKKA_147384,57.22,6,3,2,,50851,ATP synthase subunit beta
83,174202,ETNP14_120maa_PROKKA_21710,57.20,5,3,3,,54376,ATP synthase subunit alpha
83,174203,WP_005011070,57.20,5,3,3,,54836,ATP synthase subunit alpha Nitrospina gracilis
92,4819,NP_300m_PROKKA_19608,57.02,8,3,0,,39249,Bacterial extracellular solute-binding protein
75,60548,ETNP14_68maa_PROKKA_181537,56.75,4,2,0,,50427,60 kDa chaperonin
78,702,NP_300m_PROKKA_08816,56.47,10,3,3,,44250,Leucine-  isoleucine-  valine-  threonine-  and alanine-binding protein precursor
78,704,ETNP_120m_particle_PROKKA_45848,56.47,10,3,3,,44250,Leucine-  isoleucine-  valine-  threonine-  and alanine-binding protein precursor
160,174245,ETNP_120m_free_PROKKA_01090,56.43,11,2,2,,19559,hypothetical protein
164,2080,XP_002183424,56.14,5,2,1,,41791,actin actin like protein  Phaeodactylum tricornutum CCAP 1055
164,2081,XP_002183295,56.14,5,2,1,,41791,predicted protein  Phaeodactylum tricornutum CCAP 1055
164,2082,XP_002182221,56.14,5,2,1,,41839,actin actin like protein  Phaeodactylum tricornutum CCAP 1055
69,1281,NP_100m_PROKKA_25090,55.84,38,3,3,,7685,Photosystem I reaction center subunit IV
69,1282,ETNP_140m_PROKKA_82407,55.84,38,3,3,,7685,Photosystem I reaction center subunit IV
69,1279,ETNP_110m_PROKKA_04004,55.84,38,3,3,,7685,Photosystem I reaction center subunit IV
69,1283,ETNP_100m_PROKKA_85480,55.84,38,3,3,,7671,Photosystem I reaction center subunit IV
69,1284,ETNP_120m_particle_PROKKA_46067,55.84,38,3,3,,7685,Photosystem I reaction center subunit IV
69,1280,ETNP_100m_particle_PROKKA_97369,55.84,38,3,3,,7671,Photosystem I reaction center subunit IV
69,3570,ETNP_90m_PROKKA_147777,55.84,34,3,3,,8569,Photosystem I reaction center subunit IV
69,3571,ETNP_120m_free_PROKKA_249771,55.84,34,3,3,,8496,Photosystem I reaction center subunit IV
166,119344,NP_100m_PROKKA_04544,55.48,2,2,2,,110537,hypothetical protein
108,2419,ETNP14_120maa_PROKKA_137967,55.35,8,3,2,,39703,Bacterial extracellular solute-binding protein
108,1272,ETNP_110m_PROKKA_21843,55.35,8,3,2,,39676,Bacterial extracellular solute-binding protein
108,1273,NP_125m_PROKKA_06923,55.35,8,3,2,,39676,Bacterial extracellular solute-binding protein
108,1276,NP_300m_PROKKA_14486,55.35,8,3,2,,39676,Bacterial extracellular solute-binding protein
108,1277,NP_85m_PROKKA_10440,55.35,8,3,2,,39676,Bacterial extracellular solute-binding protein
108,1274,NP_100m_PROKKA_07350,55.35,8,3,2,,39672,Bacterial extracellular solute-binding protein
108,1275,ETNP_100m_PROKKA_85620,55.35,8,3,2,,39676,Bacterial extracellular solute-binding protein
108,1278,ETNP14_120maa_PROKKA_29432,55.35,8,3,2,,39676,Bacterial extracellular solute-binding protein
95,135830,ETNP14_120maa_PROKKA_133328,55.24,8,3,1,,37427,Monocarboxylate 2-oxoacid-binding periplasmic protein precursor
95,135832,NP_85m_PROKKA_14878,55.24,8,3,1,,41061,Monocarboxylate 2-oxoacid-binding periplasmic protein precursor
95,135834,NP_300m_PROKKA_12590,55.24,8,3,1,,41061,Monocarboxylate 2-oxoacid-binding periplasmic protein precursor
95,135836,ETNP14_68maa_PROKKA_102569,55.24,8,3,1,,41047,Monocarboxylate 2-oxoacid-binding periplasmic protein precursor
95,135837,NP_300m_PROKKA_32565,55.24,8,3,1,,41040,Monocarboxylate 2-oxoacid-binding periplasmic protein precursor
52,359,ETNP_90m_PROKKA_138320,54.56,17,4,2,,18490,C-phycoerythrin class 2 subunit beta
96,1210,WP_038654276,53.37,2,2,2,,84404,photosystem I P700 chlorophyll a apoprotein A1 Prochlorococcus sp MIT 0801
96,477,WP_011131137,53.37,2,2,2,,84981,photosystem I P700 chlorophyll a apoprotein A1 Prochlorococcus marinus
96,476,WP_036912725,53.37,2,2,2,,85008,photosystem I P700 chlorophyll a apoprotein A1 Prochlorococcus
96,107333,ETNP_60m_PROKKA_31449,53.37,20,2,2,,9140,Photosystem I P700 chlorophyll a apoprotein A1
96,107266,ETNP_100m_particle_PROKKA_06252,53.37,12,2,2,,15148,Photosystem I P700 chlorophyll a apoprotein A1
96,107267,ETNP_120m_free_PROKKA_13269,53.37,12,2,2,,15163,Photosystem I P700 chlorophyll a apoprotein A1
96,107334,ETNP_160m_PROKKA_28316,53.37,12,2,2,,15277,Photosystem I P700 chlorophyll a apoprotein A1
96,107335,ETNP_110m_PROKKA_15818,53.37,12,2,2,,15291,Photosystem I P700 chlorophyll a apoprotein A1
96,107268,ETNP_120m_particle_PROKKA_199786,53.37,11,2,2,,16221,Photosystem I P700 chlorophyll a apoprotein A1
96,1100,ETNP_140m_PROKKA_43319,53.37,8,2,2,,22882,Photosystem I P700 chlorophyll a apoprotein A1
96,2629,ETNP14_68maa_PROKKA_191372,53.37,5,2,2,,33505,Photosystem I P700 chlorophyll a apoprotein A1
96,107336,ETNP14_68mB_PROKKA_24391,53.37,5,2,2,,37296,Photosystem I P700 chlorophyll a apoprotein A1
96,107269,ETNP_90m_PROKKA_113783,53.37,5,2,2,,37091,Photosystem I P700 chlorophyll a apoprotein A1
96,718,ETNP_100m_particle_PROKKA_147384,53.37,3,2,2,,60442,Photosystem I P700 chlorophyll a apoprotein A1
96,1408,ETNP_120m_PROKKA_289642,53.37,2,2,2,,84205,Photosystem I P700 chlorophyll a apoprotein A1
229,107361,ETNP_140m_PROKKA_115347,52.47,12,1,1,,12285,hypothetical protein
229,107362,ETNP_120m_free_PROKKA_95555,52.47,12,1,1,,12285,hypothetical protein
229,107363,ETNP_100m_particle_PROKKA_33876,52.47,10,1,1,,14412,hypothetical protein
229,107364,ETNP_120m_PROKKA_70633,52.47,10,1,1,,15111,hypothetical protein
229,107365,ETNP_120m_PROKKA_43927,52.47,10,1,1,,15125,hypothetical protein
229,107366,ETNP_120m_particle_PROKKA_37252,52.47,10,1,1,,15111,hypothetical protein
229,107367,ETNP_180m_PROKKA_239315,52.47,10,1,1,,15153,hypothetical protein
229,107368,ETNP_120m_free_PROKKA_305532,52.47,9,1,1,,16992,hypothetical protein
229,107369,ETNP_140m_PROKKA_100159,52.47,7,1,1,,20814,hypothetical protein
229,107370,ETNP_160m_PROKKA_41027,52.47,5,1,1,,32857,hypothetical protein
229,107337,ETNP_160m_PROKKA_32301,52.47,3,1,1,,44746,Leu/Ile/Val-binding protein precursor
229,107338,ETNP_120m_PROKKA_84945,52.47,3,1,1,,45552,Leu/Ile/Val-binding protein precursor
229,107339,NP_300m_PROKKA_13722,52.47,3,1,1,,45791,Leu/Ile/Val-binding protein precursor
229,107340,ETNP_120m_particle_PROKKA_34140,52.47,3,1,1,,45619,Leu/Ile/Val-binding protein precursor
229,107360,ETNP_300m_PROKKA_15716,52.47,16,1,1,,9084,hypothetical protein
226,174300,ETNP_160m_PROKKA_146663,52.45,9,1,1,,12210,Core histone H2A/H2B/H3/H4
226,174301,ETNP_150m_particle_PROKKA_23514,52.45,9,1,1,,12226,Core histone H2A/H2B/H3/H4
226,174302,ETNP_100m_particle_PROKKA_66404,52.45,9,1,1,,12324,Core histone H2A/H2B/H3/H4
226,174303,ETNP_100m_particle_PROKKA_84241,52.45,5,1,1,,22655,hypothetical protein
117,107342,ETNP14_120maa_PROKKA_108374,51.36,5,2,1,,40014,Alpha-keto acid-binding periplasmic protein TakP precursor
117,107343,NP_300m_PROKKA_20973,51.36,5,2,1,,40155,Alpha-keto acid-binding periplasmic protein TakP precursor
117,107344,ETNP_120m_PROKKA_74307,51.36,5,2,1,,40322,Alpha-keto acid-binding periplasmic protein TakP precursor
138,174226,ETNP_180m_PROKKA_186130,51.25,26,2,2,,9916,DNA-binding protein HU 1
138,174227,ETNP_120m_particle_PROKKA_84698,51.25,26,2,2,,9916,DNA-binding protein HU 1
138,174228,ETNP_120m_PROKKA_107422,51.25,26,2,2,,9916,DNA-binding protein HU 1
138,174229,ETNP_300m_PROKKA_15120,51.25,26,2,2,,9916,DNA-binding protein HU 1
138,174230,ETNP_140m_PROKKA_148186,51.25,26,2,2,,9916,DNA-binding protein HU 1
138,174231,ETNP_160m_PROKKA_164678,51.25,26,2,2,,9916,DNA-binding protein HU 1
138,174232,ETNP_110m_PROKKA_07182,51.25,26,2,2,,9916,DNA-binding protein HU 1
138,174233,ETNP_100m_particle_PROKKA_00928,51.25,26,2,2,,9916,DNA-binding protein HU 1
167,2723,ETNP_120m_particle_PROKKA_209581,51.11,13,2,1,,14995,hypothetical protein
167,2724,ETNP_120m_particle_PROKKA_30032,51.11,13,2,1,,15516,hypothetical protein
60,2015,NP_85m_PROKKA_11502,50.78,11,3,3,,44294,Monocarboxylate 2-oxoacid-binding periplasmic protein precursor
137,107495,NP_85m_PROKKA_07646,50.64,4,2,2,,43897,Elongation factor Tu-A
137,107349,NP_85m_PROKKA_21816,50.64,4,2,2,,41229,Elongation factor Tu
137,107350,NP_300m_PROKKA_21726,50.64,4,2,2,,43329,Elongation factor Tu
146,174323,ETNP14_68maa_PROKKA_80395,50.63,4,2,2,,30453,NMT1/THI5 like protein
136,174210,ETNP_120m_PROKKA_262541,50.62,5,2,1,,39611,Monocarboxylate 2-oxoacid-binding periplasmic protein precursor
147,3635,NP_30m_PROKKA_03981,50.61,13,1,1,,10154,10 kDa chaperonin 1
147,3634,NP_300m_PROKKA_33636,50.61,14,1,1,,9237,10 kDa chaperonin 5
147,3636,ETNP14_68mB_PROKKA_17950,50.61,12,1,1,,10512,10 kDa chaperonin 5
147,3638,NP_125m_PROKKA_21296,50.61,12,1,1,,10499,10 kDa chaperonin 5
147,3637,ETNP14_68mB_PROKKA_109194,50.61,12,1,1,,10613,10 kDa chaperonin 1
147,3641,NP_100m_PROKKA_26486,50.61,12,1,1,,10615,10 kDa chaperonin 5
147,3642,NP_300m_PROKKA_50598,50.61,12,1,1,,10616,10 kDa chaperonin 5
147,3639,ETNP14_68maa_PROKKA_189917,50.61,12,1,1,,10626,10 kDa chaperonin 1
147,3640,ETNP14_68mB_PROKKA_82092,50.61,12,1,1,,10685,10 kDa chaperonin 1
147,3643,ETNP14_68mB_PROKKA_02167,50.61,12,1,1,,10685,10 kDa chaperonin 1
147,3644,ETNP14_68mB_PROKKA_02367,50.61,12,1,1,,10670,10 kDa chaperonin 1
143,1095,XP_002177917,50.03,3,2,1,,53619,predicted protein  Phaeodactylum tricornutum CCAP 1055
143,1057,EJK52995,50.03,3,2,1,,68445,hypothetical protein THAOC_27647  Thalassiosira oceanica
169,174291,ETNP14_68mB_PROKKA_161542,49.84,11,2,1,,16988,60 kDa chaperonin
149,119502,NP_85m_PROKKA_27153,49.72,13,2,2,,9447,DNA-binding protein HU-beta
149,119503,ETNP14_120maa_PROKKA_146480,49.72,13,2,2,,9462,DNA-binding protein HU-beta
149,119504,NP_100m_PROKKA_00947,49.72,13,2,2,,9403,DNA-binding protein HU-beta
149,119506,Fosmid_PROKKA_06315,49.72,13,2,2,,9374,DNA-binding protein HU-beta
149,119507,ETNP_110m_PROKKA_49725,49.72,13,2,2,,9375,DNA-binding protein HU-beta
149,119505,NP_300m_PROKKA_48025,49.72,13,2,2,,9416,DNA-binding protein HU-beta
165,174259,ETNP_120m_PROKKA_30526,49.42,4,2,1,,46624,hypothetical protein
127,174244,ETNP14_68maa_PROKKA_11601,49.40,3,2,0,,56391,60 kDa chaperonin 2
127,174246,ETNP14_68maa_PROKKA_105275,49.40,3,2,0,,57045,60 kDa chaperonin 2
127,135530,NP_100m_PROKKA_07340,49.40,3,2,0,,56177,60 kDa chaperonin 2
127,174247,ETNP14_68maa_PROKKA_81712,49.40,3,2,0,,56718,60 kDa chaperonin 2
127,135531,NP_300m_PROKKA_04453,49.40,3,2,0,,56293,60 kDa chaperonin 2
127,174248,ETNP14_68maa_PROKKA_13926,49.40,3,2,0,,57138,60 kDa chaperonin 2
127,4959,ETNP14_68maa_PROKKA_26862,49.40,3,2,0,,56599,60 kDa chaperonin 2
127,4960,ETNP14_120maa_PROKKA_29166,49.40,3,2,0,,56599,60 kDa chaperonin 2
127,174250,ETNP_90m_PROKKA_81610,49.40,3,2,0,,54243,60 kDa chaperonin 1
127,174253,ETNP_60m_PROKKA_12297,49.40,3,2,0,,54942,60 kDa chaperonin 1
127,174254,ETNP14_68maa_PROKKA_86669,49.40,3,2,0,,57329,60 kDa chaperonin 1
127,174255,ETNP14_68maa_PROKKA_20864,49.40,3,2,0,,57342,60 kDa chaperonin 1
127,174256,ETNP14_120maa_PROKKA_21263,49.40,3,2,0,,57035,60 kDa chaperonin 1
127,174257,ETNP14_120maa_PROKKA_62544,49.40,3,2,0,,57372,60 kDa chaperonin 1
127,174258,ETNP14_68maa_PROKKA_16865,49.40,3,2,0,,57418,60 kDa chaperonin 1
127,135538,NP_300m_PROKKA_00275,49.40,3,2,0,,57647,60 kDa chaperonin 1
141,135523,ETNP_160m_PROKKA_34019,49.08,8,2,1,,28332,Leucine-specific-binding protein precursor
141,135640,ETNP_120m_free_PROKKA_69855,49.08,7,2,1,,29846,Leucine-specific-binding protein precursor
141,135641,ETNP_120m_PROKKA_329487,49.08,7,2,1,,29846,Leucine-specific-binding protein precursor
141,135642,ETNP_120m_PROKKA_03044,49.08,5,2,1,,38396,Leucine-specific-binding protein precursor
141,135494,ETNP_300m_PROKKA_31129,49.08,5,2,1,,39361,Leu/Ile/Val/Thr-binding protein precursor
141,135524,ETNP_140m_PROKKA_60377,49.08,5,2,1,,39331,Leucine-specific-binding protein precursor
141,135643,ETNP_100m_particle_PROKKA_43574,49.08,5,2,1,,39396,Leucine-specific-binding protein precursor
144,119766,ETNP_120m_PROKKA_94179,48.63,7,2,2,,29946,Cystine-binding periplasmic protein precursor
144,119767,ETNP_120m_free_PROKKA_286157,48.63,7,2,2,,29890,Cystine-binding periplasmic protein precursor
144,119768,ETNP_300m_PROKKA_185810,48.63,7,2,2,,29890,Cystine-binding periplasmic protein precursor
144,119769,ETNP_160m_PROKKA_145456,48.63,7,2,2,,30878,Cystine-binding periplasmic protein precursor
140,174249,ETNP14_68maa_PROKKA_55204,48.57,3,2,0,,57994,60 kDa chaperonin 1
279,119411,ETNP_120m_PROKKA_156516,48.47,4,1,1,,42912,putative D D-dipeptide-binding periplasmic protein DdpA precursor
279,119412,ETNP_180m_PROKKA_187000,48.47,4,1,1,,52408,Periplasmic dipeptide transport protein precursor
279,119413,ETNP_300m_PROKKA_120422,48.47,4,1,1,,52408,Periplasmic dipeptide transport protein precursor
279,119414,ETNP_160m_PROKKA_74749,48.47,3,1,1,,57989,Periplasmic dipeptide transport protein precursor
279,119415,ETNP_140m_PROKKA_84091,48.47,3,1,1,,57989,Periplasmic dipeptide transport protein precursor
279,119416,NP_300m_PROKKA_04812,48.47,3,1,1,,57989,Periplasmic dipeptide transport protein precursor
124,4928,ETNP14_68maa_PROKKA_120056,48.21,4,2,1,,44801,Leucine-  isoleucine-  valine-  threonine-  and alanine-binding protein precursor
124,107647,ETNP_90m_PROKKA_110192,48.21,10,2,1,,16502,Leucine-  isoleucine-  valine-  threonine-  and alanine-binding protein precursor
124,3399,WP_022735500,48.21,4,2,1,,45657,amino acid ABC transporter substrate-binding protein Candidatus Pelagibacter ubique
42,119268,NP_100m_PROKKA_04526,48.20,9,3,3,,23888,Purine-binding protein precursor
42,119201,NP_125m_PROKKA_08353,48.20,6,3,3,,35961,Purine-binding protein precursor
42,119202,ETNP_160m_PROKKA_104461,48.20,6,3,3,,35961,Purine-binding protein precursor
42,119203,ETNP_140m_PROKKA_23648,48.20,6,3,3,,35961,Purine-binding protein precursor
42,119204,ETNP_180m_PROKKA_207148,48.20,6,3,3,,35961,Purine-binding protein precursor
42,119205,ETNP_300m_PROKKA_61560,48.20,6,3,3,,35961,Purine-binding protein precursor
42,119206,ETNP_120m_PROKKA_223333,48.20,6,3,3,,35961,Purine-binding protein precursor
42,119207,NP_300m_PROKKA_14314,48.20,6,3,3,,35961,Purine-binding protein precursor
42,119208,NP_85m_PROKKA_19421,48.20,6,3,3,,37072,Purine-binding protein precursor
170,174294,ETNP14_120maa_PROKKA_50476,47.18,10,2,2,,25768,Sigma-70  region 4
170,174295,ETNP_150m_particle_PROKKA_22645,47.18,10,2,2,,25768,Sigma-70  region 4
170,174296,ETNP_120m_PROKKA_339382,47.18,10,2,2,,25768,Sigma-70  region 4
170,174297,ETNP_160m_PROKKA_117698,47.18,10,2,2,,25768,Sigma-70  region 4
170,174298,ETNP_100m_PROKKA_04823,47.18,10,2,2,,25768,Sigma-70  region 4
170,174299,ETNP_180m_PROKKA_190333,47.18,10,2,2,,25768,Sigma-70  region 4
68,118955,NP_85m_PROKKA_11169,47.16,12,4,4,,39471,Alpha-keto acid-binding periplasmic protein TakP precursor
68,118956,NP_100m_PROKKA_06558,47.16,12,4,4,,39471,Alpha-keto acid-binding periplasmic protein TakP precursor
68,118957,NP_300m_PROKKA_11637,47.16,12,4,4,,39471,Alpha-keto acid-binding periplasmic protein TakP precursor
68,118958,ETNP_110m_PROKKA_31734,47.16,12,4,4,,39471,Alpha-keto acid-binding periplasmic protein TakP precursor
68,118967,ETNP14_120maa_PROKKA_156631,47.16,12,4,4,,39652,Monocarboxylate 2-oxoacid-binding periplasmic protein precursor
171,135325,ETNP14_68maa_PROKKA_165745,47.13,7,2,1,,32220,60 kDa chaperonin 5
112,136091,ETNP_100m_particle_PROKKA_56315,45.82,20,3,1,,15007,hypothetical protein
120,95,ETNP_180m_PROKKA_81155,45.18,3,2,2,,81192,Multicopper oxidase
125,174223,ETNP14_68maa_PROKKA_122161,45.08,6,2,0,,36766,Monocarboxylate 2-oxoacid-binding periplasmic protein precursor
125,174224,ETNP_90m_PROKKA_198222,45.08,5,2,0,,40436,Alpha-keto acid-binding periplasmic protein TakP precursor
125,174225,ETNP14_68maa_PROKKA_83503,45.08,5,2,0,,40639,Monocarboxylate 2-oxoacid-binding periplasmic protein precursor
125,174271,ETNP14_68mB_PROKKA_11066,45.08,5,2,0,,39987,Monocarboxylate 2-oxoacid-binding periplasmic protein precursor
125,174272,ETNP14_120maa_PROKKA_81829,45.08,5,2,0,,40752,Monocarboxylate 2-oxoacid-binding periplasmic protein precursor
125,174273,WP_019307727,45.08,5,2,0,,40624,hypothetical protein SAR324 cluster bacterium SCGC AAA240-J09
125,174274,ETNP14_120maa_PROKKA_181412,45.08,5,2,0,,40645,Alpha-keto acid-binding periplasmic protein TakP precursor
125,174275,ETNP_300m_PROKKA_35557,45.08,5,2,0,,40632,Monocarboxylate 2-oxoacid-binding periplasmic protein precursor
125,174276,NP_300m_PROKKA_08904,45.08,5,2,0,,40632,Monocarboxylate 2-oxoacid-binding periplasmic protein precursor
125,174277,ETNP_180m_PROKKA_225488,45.08,5,2,0,,40632,Monocarboxylate 2-oxoacid-binding periplasmic protein precursor
98,107347,NP_300m_PROKKA_09456,45.07,19,3,0,,11688,hypothetical protein
98,107346,NP_300m_PROKKA_45804,45.07,35,3,0,,6378,hypothetical protein
109,174234,WP_013962079,44.46,11,3,1,,37875,C4-dicarboxylate ABC transporter substrate-binding protein Roseobacter litoralis
109,1323,ETNP_180m_PROKKA_224183,44.46,11,3,1,,38327,Sialic acid-binding periplasmic protein SiaP precursor
109,1325,ETNP_180m_PROKKA_236449,44.46,11,3,1,,38286,Sialic acid-binding periplasmic protein SiaP precursor
109,1321,NP_85m_PROKKA_12320,44.46,11,3,1,,38321,Sialic acid-binding periplasmic protein SiaP precursor
142,174252,ETNP_120m_particle_PROKKA_147468,44.05,11,2,2,,23013,hypothetical protein
142,174286,ETNP_160m_PROKKA_84939,44.05,23,2,2,,11453,hypothetical protein
142,174287,ETNP_120m_PROKKA_30177,44.05,18,2,2,,14479,hypothetical protein
142,174288,ETNP_180m_PROKKA_206437,44.05,18,2,2,,14436,hypothetical protein
142,174289,ETNP_300m_PROKKA_86490,44.05,18,2,2,,14357,hypothetical protein
142,174290,ETNP_120m_free_PROKKA_231730,44.05,13,2,2,,20010,hypothetical protein
192,107374,ETNP_120m_particle_PROKKA_165008,43.94,1,1,1,,83768,Colicin I receptor precursor
192,107283,ETNP_180m_PROKKA_09908,43.94,1,1,1,,95442,Ferric-pseudobactin 358 receptor precursor
192,107284,ETNP_160m_PROKKA_59137,43.94,1,1,1,,95442,Ferric-pseudobactin 358 receptor precursor
192,107285,ETNP_300m_PROKKA_104679,43.94,1,1,1,,95472,Ferric-pseudobactin 358 receptor precursor
192,107402,ETNP14_120maa_PROKKA_82871,43.94,1,1,1,,91557,Pesticin receptor precursor
192,107404,ETNP_140m_PROKKA_14461,43.94,1,1,1,,96349,Colicin I receptor precursor
192,107405,ETNP_120m_particle_PROKKA_127161,43.94,1,1,1,,96292,Colicin I receptor precursor
192,107406,NP_300m_PROKKA_17257,43.94,1,1,1,,96349,Colicin I receptor precursor
192,107407,NP_100m_PROKKA_02021,43.94,1,1,1,,96351,Colicin I receptor precursor
192,107408,ETNP_100m_PROKKA_49665,43.94,1,1,1,,96335,Colicin I receptor precursor
192,107409,NP_85m_PROKKA_06917,43.94,1,1,1,,96321,Colicin I receptor precursor
192,107410,ETNP_110m_PROKKA_38943,43.94,1,1,1,,96321,Colicin I receptor precursor
192,107411,ETNP_300m_PROKKA_12052,43.94,1,1,1,,96371,Colicin I receptor precursor
192,107412,ETNP14_68maa_PROKKA_48572,43.94,1,1,1,,98318,Colicin I receptor precursor
192,107401,ETNP_70m_PROKKA_41660,43.94,5,1,1,,21337,Ferrichrome-iron receptor precursor
192,107403,WP_012519122,43.94,1,1,1,,94003,TonB-dependent receptor Alteromonas mediterranea
192,107321,ETNP14_120maa_PROKKA_55938,43.94,1,1,1,,98301,Colicin I receptor precursor
192,107322,ETNP_100m_PROKKA_03235,43.94,1,1,1,,107657,Colicin I receptor precursor
129,27426,XP_002180358,43.74,7,1,1,,14700,histone H2A isoform 2  Phaeodactylum tricornutum CCAP 1055
129,27414,XP_003054974,43.74,7,1,1,,12976,histone H2A  Micromonas pusilla CCMP1545
129,27415,XP_003058884,43.74,7,1,1,,12976,predicted protein  Micromonas pusilla CCMP1545
129,27417,ETNP_60m_PROKKA_16910,43.74,7,1,1,,13283,Core histone H2A/H2B/H3/H4
129,27418,XP_003063220,43.74,7,1,1,,13018,predicted protein partial  Micromonas pusilla CCMP1545
129,27422,ETNP_70m_PROKKA_64991,43.74,7,1,1,,13534,Core histone H2A/H2B/H3/H4
129,27423,ETNP_120m_particle_PROKKA_169132,43.74,7,1,1,,13824,Core histone H2A/H2B/H3/H4
129,27430,XP_003082251,43.74,6,1,1,,17046,histone H2A ISS  Ostreococcus tauri
129,27431,XP_003080758,43.74,6,1,1,,16686,histone H2A ISS  Ostreococcus tauri
129,27411,ETNP_70m_PROKKA_66181,43.74,9,1,1,,11042,hypothetical protein
129,27416,EJK63752,43.74,7,1,1,,12825,hypothetical protein THAOC_15570  Thalassiosira oceanica
129,27413,EJK52562,43.74,7,1,1,,12825,hypothetical protein THAOC_28150  Thalassiosira oceanica
129,27412,EJK66680,43.74,7,1,1,,12825,hypothetical protein THAOC_12377  Thalassiosira oceanica
129,27419,XP_002179427,43.74,7,1,1,,13178,histone H2A isoform 3b  Phaeodactylum tricornutum CCAP 1055
129,27420,ETNP_100m_particle_PROKKA_07520,43.74,7,1,1,,13678,Core histone H2A/H2B/H3/H4
129,27421,XP_002179202,43.74,7,1,1,,13178,histone H2A isoform 3a  Phaeodactylum tricornutum CCAP 1055
129,27424,EJK74336,43.74,7,1,1,,13990,hypothetical protein THAOC_03987 partial  Thalassiosira oceanica
129,27425,ETNP_70m_PROKKA_29157,43.74,7,1,1,,14336,Core histone H2A/H2B/H3/H4
129,27427,XP_002181345,43.74,7,1,1,,14485,histone H2A isoform 1  Phaeodactylum tricornutum CCAP 1055
129,27428,XP_003059832,43.74,6,1,1,,14583,histone H2A  Micromonas pusilla CCMP1545
129,27429,XP_003074738,43.74,6,1,1,,14945,H2a Histone H2A probable IC  Ostreococcus tauri
129,27432,EJK72006,43.74,5,1,1,,19670,hypothetical protein THAOC_06502  Thalassiosira oceanica
129,27433,ETNP_70m_PROKKA_20132,43.74,5,1,1,,19618,Core histone H2A/H2B/H3/H4
129,27434,EJK65157,43.74,3,1,1,,29086,hypothetical protein THAOC_14024  Thalassiosira oceanica
129,27435,EJK60529,43.74,3,1,1,,34853,hypothetical protein THAOC_19092  Thalassiosira oceanica
126,107757,NP_125m_PROKKA_12488,43.12,7,2,2,,28148,Purine-binding protein precursor
126,107736,NP_300m_PROKKA_07216,43.12,5,2,2,,38862,Purine-binding protein precursor
126,107756,ETNP_140m_PROKKA_52146,43.12,7,2,2,,26324,Purine-binding protein precursor
145,107398,WP_014438316,42.94,3,2,2,,52645,efflux system outer membrane protein Phycisphaera mikurensis
280,4776,ETNP14_68maa_PROKKA_139271,42.34,3,1,1,,65684,Membrane lipoprotein TmpC precursor
280,3333,ETNP_100m_PROKKA_04324,42.34,2,1,1,,81918,Membrane lipoprotein TmpC precursor
55,1712,ETNP_100m_particle_PROKKA_07518,41.85,24,2,2,,7412,Core histone H2A/H2B/H3/H4
55,2931,XP_003062035,41.85,14,2,2,,12701,predicted protein  Micromonas pusilla CCMP1545
55,2932,XP_003058519,41.85,14,2,2,,12701,predicted protein  Micromonas pusilla CCMP1545
55,2933,XP_003055512,41.85,14,2,2,,12701,histone H2B  Micromonas pusilla CCMP1545
55,2934,ETNP_70m_PROKKA_120394,41.85,13,2,2,,13742,Core histone H2A/H2B/H3/H4
55,2935,XP_003080759,41.85,13,2,2,,13731,histone H2B ISS  Ostreococcus tauri
55,2937,XP_003082252,41.85,12,2,2,,15314,histone H2B ISS  Ostreococcus tauri
55,2938,ETNP_70m_PROKKA_54543,41.85,10,2,2,,16840,Core histone H2A/H2B/H3/H4
128,135470,ETNP_140m_PROKKA_10452,41.85,6,2,2,,36148,General L-amino acid-binding periplasmic protein AapJ precursor
128,135472,NP_300m_PROKKA_13658,41.85,6,2,2,,36148,General L-amino acid-binding periplasmic protein AapJ precursor
128,135426,NP_300m_PROKKA_18661,41.85,6,2,2,,36188,General L-amino acid-binding periplasmic protein AapJ precursor
148,174330,ETNP14_68maa_PROKKA_84177,41.74,20,2,2,,8425,Ubiquitin family protein
148,174331,ETNP14_68maa_PROKKA_66387,41.74,19,2,2,,9208,Ubiquitin family protein
148,174332,XP_003058683,41.74,15,2,2,,11110,predicted protein  Micromonas pusilla CCMP1545
148,174333,XP_003062279,41.74,10,2,2,,17532,predicted protein  Micromonas pusilla CCMP1545
148,174334,XP_003063272,41.74,7,2,2,,22841,predicted protein  Micromonas pusilla CCMP1545
148,174340,ETNP14_68maa_PROKKA_105764,41.74,5,2,2,,31830,Ubiquitin family protein
148,107677,XP_003082269,41.74,5,2,2,,32141,polyubiquitin ISS  Ostreococcus tauri
148,107680,XP_003061956,41.74,4,2,2,,42666,ubiquitin  Micromonas pusilla CCMP1545
281,107429,ETNP_120m_free_PROKKA_310084,41.73,9,1,1,,12312,hypothetical protein
282,2294,ETNP_90m_PROKKA_170958,41.36,8,1,1,,12531,Photosystem I P700 chlorophyll a apoprotein A1
101,107315,NP_300m_PROKKA_18952,41.08,8,3,3,,29108,hypothetical protein
283,174373,NP_300m_PROKKA_36614,40.69,3,1,1,,33731,Periplasmic dipeptide transport protein precursor
283,174374,ETNP_120m_free_PROKKA_188124,40.69,2,1,1,,60073,Oligopeptide-binding protein AppA precursor
283,174375,ETNP_180m_PROKKA_58247,40.69,2,1,1,,60073,Oligopeptide-binding protein AppA precursor
283,174376,ETNP_140m_PROKKA_79063,40.69,2,1,1,,60073,Oligopeptide-binding protein AppA precursor
283,174377,ETNP_300m_PROKKA_31110,40.69,2,1,1,,60073,Oligopeptide-binding protein AppA precursor
283,174378,ETNP_120m_PROKKA_92789,40.69,2,1,1,,60073,Oligopeptide-binding protein AppA precursor
283,174379,ETNP_160m_PROKKA_214416,40.69,2,1,1,,60073,Oligopeptide-binding protein AppA precursor
172,174356,WP_011126886,40.47,2,2,2,,89860,topoisomerase IV Synechococcus sp WH 8102
86,174269,ETNP_90m_PROKKA_54508,39.93,4,2,2,,44042,Cytosine deaminase
100,119422,ETNP_120m_free_PROKKA_261782,39.62,7,3,1,,31433,Receptor family ligand binding region
100,60849,ETNP_180m_PROKKA_68985,39.62,6,3,1,,40224,Receptor family ligand binding region
100,60850,ETNP_160m_PROKKA_137218,39.62,6,3,1,,40224,Receptor family ligand binding region
100,119423,ETNP_120m_PROKKA_288212,39.62,6,3,1,,40224,Receptor family ligand binding region
100,60851,NP_300m_PROKKA_09796,39.62,6,3,1,,40224,Receptor family ligand binding region
100,119424,ETNP_140m_PROKKA_157524,39.62,6,3,1,,40224,Receptor family ligand binding region
230,119774,ETNP_180m_PROKKA_216130,39.18,2,1,1,,38855,Monocarboxylate 2-oxoacid-binding periplasmic protein precursor
230,119775,ETNP_300m_PROKKA_137834,39.18,2,1,1,,38855,Monocarboxylate 2-oxoacid-binding periplasmic protein precursor
230,174326,ETNP_120m_PROKKA_180144,39.18,2,1,1,,38855,Monocarboxylate 2-oxoacid-binding periplasmic protein precursor
230,174327,ETNP_160m_PROKKA_57926,39.18,2,1,1,,38855,Monocarboxylate 2-oxoacid-binding periplasmic protein precursor
230,174393,NP_300m_PROKKA_47726,39.18,5,1,1,,18440,Monocarboxylate 2-oxoacid-binding periplasmic protein precursor
230,174394,ETNP_110m_PROKKA_00713,39.18,4,1,1,,19806,Monocarboxylate 2-oxoacid-binding periplasmic protein precursor
230,119817,NP_125m_PROKKA_14570,39.18,4,1,1,,19806,Monocarboxylate 2-oxoacid-binding periplasmic protein precursor
233,174346,ETNP14_120maa_PROKKA_06497,39.14,2,1,1,,49078,Bacterial extracellular solute-binding protein
233,174347,ETNP_180m_PROKKA_214332,39.14,2,1,1,,49078,Bacterial extracellular solute-binding protein
233,174348,ETNP_160m_PROKKA_170858,39.14,2,1,1,,49078,Bacterial extracellular solute-binding protein
233,174349,ETNP_300m_PROKKA_132675,39.14,2,1,1,,49078,Bacterial extracellular solute-binding protein
233,174350,ETNP_140m_PROKKA_31616,39.14,2,1,1,,49078,Bacterial extracellular solute-binding protein
233,174351,ETNP_100m_PROKKA_95367,39.14,2,1,1,,49078,Bacterial extracellular solute-binding protein
233,174352,ETNP_110m_PROKKA_32884,39.14,2,1,1,,49078,Bacterial extracellular solute-binding protein
233,174390,ETNP_60m_PROKKA_22594,39.14,3,1,1,,29445,hypothetical protein
233,174391,ETNP14_120maa_PROKKA_141443,39.14,2,1,1,,41611,Bacterial extracellular solute-binding protein
233,174392,ETNP14_68maa_PROKKA_13736,39.14,2,1,1,,49415,Bacterial extracellular solute-binding protein
116,174278,WP_007279810,39.10,1,2,2,,158017,DNA-directed RNA polymerase subunit beta Lentisphaera araneosa
116,1879,NP_85m_PROKKA_01369,39.10,1,2,2,,158978,DNA-directed RNA polymerase subunit beta'
116,3385,NP_300m_PROKKA_11353,39.10,2,2,2,,105221,DNA-directed RNA polymerase subunit beta'
116,2826,NP_100m_PROKKA_03835,39.10,1,2,2,,122573,DNA-directed RNA polymerase subunit beta'
116,2860,NP_300m_PROKKA_06310,39.10,1,2,2,,156325,DNA-directed RNA polymerase subunit beta'
116,119368,NP_125m_PROKKA_02781,39.10,2,2,2,,78731,DNA-directed RNA polymerase subunit beta'
116,3392,NP_125m_PROKKA_00829,39.10,2,2,2,,114326,DNA-directed RNA polymerase subunit beta'
116,1935,NP_300m_PROKKA_04065,39.10,1,2,2,,155384,DNA-directed RNA polymerase subunit beta'
116,119382,NP_85m_PROKKA_04788,39.10,1,2,2,,157613,DNA-directed RNA polymerase subunit beta'
116,119383,NP_125m_PROKKA_00108,39.10,1,2,2,,157613,DNA-directed RNA polymerase subunit beta'
116,119384,NP_300m_PROKKA_04652,39.10,1,2,2,,158005,DNA-directed RNA polymerase subunit beta'
232,174342,ETNP_140m_PROKKA_138968,39.07,2,1,1,,58202,Oligopeptide-binding protein AppA precursor
232,174343,ETNP_300m_PROKKA_71011,39.07,2,1,1,,58202,Oligopeptide-binding protein AppA precursor
232,174344,ETNP_180m_PROKKA_51554,39.07,2,1,1,,58202,Oligopeptide-binding protein AppA precursor
232,174345,ETNP_160m_PROKKA_170304,39.07,2,1,1,,58232,Oligopeptide-binding protein AppA precursor
232,135505,ETNP_120m_PROKKA_129635,39.07,2,1,1,,58232,Oligopeptide-binding protein AppA precursor
232,174382,NP_300m_PROKKA_32083,39.07,4,1,1,,28743,Bacterial extracellular solute-binding proteins  family 5 Middle
284,1244,ETNP_140m_PROKKA_152578,39.05,12,1,1,,11286,Glyceraldehyde-3-phosphate dehydrogenase 2
284,870,ETNP_160m_PROKKA_165248,39.05,11,1,1,,12186,Glyceraldehyde-3-phosphate dehydrogenase 2
284,142,ETNP_90m_PROKKA_01802,39.05,4,1,1,,36689,Glyceraldehyde-3-phosphate dehydrogenase 2
284,143,ETNP14_68maa_PROKKA_157355,39.05,4,1,1,,36689,Glyceraldehyde-3-phosphate dehydrogenase 2
231,107373,ETNP_120m_PROKKA_200726,38.96,2,1,1,,69264,Oligopeptide-binding protein AppA precursor
285,174383,ETNP_160m_PROKKA_211769,38.93,8,1,1,,15134,hypothetical protein
285,174384,ETNP_140m_PROKKA_140873,38.93,7,1,1,,17975,hypothetical protein
285,174385,ETNP_140m_PROKKA_12260,38.93,4,1,1,,35240,spermidine/putrescine ABC transporter periplasmic substrate-binding protein
285,174386,NP_125m_PROKKA_11225,38.93,3,1,1,,39150,Spermidine/putrescine-binding periplasmic protein precursor
285,174387,ETNP_120m_free_PROKKA_76599,38.93,3,1,1,,43168,Spermidine/putrescine-binding periplasmic protein precursor
285,174388,ETNP_180m_PROKKA_15355,38.93,3,1,1,,43168,Spermidine/putrescine-binding periplasmic protein precursor
285,174389,ETNP_120m_PROKKA_261275,38.93,3,1,1,,43168,Spermidine/putrescine-binding periplasmic protein precursor
234,520,XP_003063038,38.53,10,1,1,,11395,predicted protein  Micromonas pusilla CCMP1545
234,521,ETNP_90m_PROKKA_109358,38.53,10,1,1,,11367,Core histone H2A/H2B/H3/H4
234,522,ETNP_70m_PROKKA_144910,38.53,10,1,1,,11395,Core histone H2A/H2B/H3/H4
234,516,ETNP_70m_PROKKA_132488,38.53,10,1,1,,11367,Core histone H2A/H2B/H3/H4
234,523,XP_003061514,38.53,10,1,1,,11395,histone H4  Micromonas pusilla CCMP1545
234,517,ETNP_120m_particle_PROKKA_44959,38.53,10,1,1,,11365,Core histone H2A/H2B/H3/H4
234,518,ETNP14_68mB_PROKKA_59955,38.53,10,1,1,,11367,Core histone H2A/H2B/H3/H4
234,519,XP_003061756,38.53,10,1,1,,11395,predicted protein  Micromonas pusilla CCMP1545
234,524,XP_003059520,38.53,10,1,1,,11395,predicted protein  Micromonas pusilla CCMP1545
234,541,XP_003074685,38.53,4,1,1,,31136,Histone H4 ISS  Ostreococcus tauri
227,119067,ETNP_180m_PROKKA_117438,38.29,3,1,1,,57660,Quinohemoprotein alcohol dehydrogenase ADH IIB precursor
227,119068,ETNP_120m_free_PROKKA_79382,38.29,3,1,1,,61453,Quinohemoprotein alcohol dehydrogenase ADH IIB precursor
227,119069,ETNP_120m_PROKKA_274492,38.29,3,1,1,,61453,Quinohemoprotein alcohol dehydrogenase ADH IIB precursor
227,119070,ETNP_160m_PROKKA_167750,38.29,3,1,1,,61439,Quinohemoprotein alcohol dehydrogenase ADH IIB precursor
227,119071,ETNP_300m_PROKKA_163281,38.29,3,1,1,,61440,Quinohemoprotein alcohol dehydrogenase ADH IIB precursor
286,135722,ETNP_120m_PROKKA_124761,38.14,10,1,1,,13950,Nickel-binding periplasmic protein precursor
286,135637,NP_300m_PROKKA_17695,38.14,3,1,1,,54413,Periplasmic dipeptide transport protein precursor
99,107726,ETNP14_68maa_PROKKA_126798,38.05,7,2,2,,35573,General L-amino acid-binding periplasmic protein AapJ precursor
113,176,ETNP_90m_PROKKA_102744,37.73,14,2,2,,18151,R-phycocyanin-2 beta chain
113,177,ETNP_120m_free_PROKKA_94751,37.73,14,2,2,,18151,R-phycocyanin-2 beta chain
113,179,ETNP_120m_PROKKA_09406,37.73,14,2,2,,18151,R-phycocyanin-2 beta chain
113,178,ETNP_100m_particle_PROKKA_54272,37.73,14,2,2,,18151,R-phycocyanin-2 beta chain
287,135239,ETNP_180m_PROKKA_10472,37.41,3,1,1,,41160,hypothetical protein
287,135275,ETNP_160m_PROKKA_69053,37.41,3,1,1,,41190,hypothetical protein
287,135240,ETNP_140m_PROKKA_98798,37.41,3,1,1,,41133,hypothetical protein
287,135241,ETNP_300m_PROKKA_33322,37.41,3,1,1,,41160,hypothetical protein
287,135276,ETNP_120m_PROKKA_60339,37.41,3,1,1,,41121,hypothetical protein
287,135277,ETNP_120m_free_PROKKA_79324,37.41,3,1,1,,41094,hypothetical protein
288,119695,ETNP14_120mac_PROKKA_44386,37.07,11,1,1,,9264,Nitrogen regulatory protein P-II
288,119696,NP_125m_PROKKA_03139,37.07,8,1,1,,12100,Nitrogen regulatory protein P-II
288,119697,ETNP_120m_PROKKA_199536,37.07,8,1,1,,12072,Nitrogen regulatory protein P-II
288,119698,NP_300m_PROKKA_21942,37.07,8,1,1,,11945,Nitrogen regulatory protein P-II
288,119453,ETNP_120m_PROKKA_285919,37.07,8,1,1,,12032,Nitrogen regulatory protein P-II
289,174403,ETNP_300m_PROKKA_144320,37.02,3,1,1,,28978,hypothetical protein
228,107516,NP_85m_PROKKA_41031,36.85,9,1,1,,12286,hypothetical protein
228,107517,ETNP14_120maa_PROKKA_183418,36.85,8,1,1,,14092,hypothetical protein
228,107518,ETNP14_120maa_PROKKA_162996,36.85,8,1,1,,13933,hypothetical protein
228,107519,NP_300m_PROKKA_22025,36.85,5,1,1,,22589,hypothetical protein
228,107620,ETNP_160m_PROKKA_13501,36.85,12,1,1,,8922,hypothetical protein
228,107621,NP_300m_PROKKA_38078,36.85,7,1,1,,16173,hypothetical protein
228,107622,ETNP14_120maa_PROKKA_62669,36.85,6,1,1,,19552,hypothetical protein
290,107551,ETNP_90m_PROKKA_183897,36.75,6,1,1,,16801,PEP-CTERM motif protein
235,199,ETNP_120m_PROKKA_308261,36.70,6,1,1,,17474,Allophycocyanin alpha chain
235,200,ETNP_120m_free_PROKKA_243017,36.70,6,1,1,,17474,Allophycocyanin alpha chain
235,201,ETNP_100m_particle_PROKKA_09323,36.70,6,1,1,,17474,Allophycocyanin alpha chain
235,731,ETNP_90m_PROKKA_59529,36.70,7,1,1,,14308,Allophycocyanin alpha chain
291,174404,ETNP_120m_particle_PROKKA_16757,36.64,5,1,1,,22007,hypothetical protein
131,174341,ETNP_120m_PROKKA_84977,36.47,1,2,2,,164588,F5/8 type C domain protein
292,174411,ETNP_300m_PROKKA_80364,35.60,9,1,1,,10778,hypothetical protein
292,174412,ETNP_160m_PROKKA_178883,35.60,9,1,1,,10979,hypothetical protein
294,107667,XP_003057408,35.54,1,1,1,,82684,glycosyltransferase family 66 protein partial  Micromonas pusilla CCMP1545
294,107399,XP_003058337,35.54,1,1,1,,122001,predicted protein  Micromonas pusilla CCMP1545
150,174446,ETNP_120m_PROKKA_28817,35.40,5,2,2,,41032,C4-dicarboxylate-binding periplasmic protein precursor
150,174447,ETNP_180m_PROKKA_168262,35.40,5,2,2,,41032,C4-dicarboxylate-binding periplasmic protein precursor
150,174448,ETNP_140m_PROKKA_36702,35.40,5,2,2,,41032,C4-dicarboxylate-binding periplasmic protein precursor
150,174449,ETNP_300m_PROKKA_166503,35.40,5,2,2,,41018,C4-dicarboxylate-binding periplasmic protein precursor
150,174450,ETNP_160m_PROKKA_146934,35.40,5,2,2,,41032,C4-dicarboxylate-binding periplasmic protein precursor
293,135353,NP_85m_PROKKA_35046,35.19,17,1,1,,8900,DNA-binding protein HU-beta
293,135354,NP_300m_PROKKA_03284,35.19,17,1,1,,8900,DNA-binding protein HU-beta
293,135355,NP_100m_PROKKA_04177,35.19,17,1,1,,8900,DNA-binding protein HU-beta
293,135357,ETNP_160m_PROKKA_210565,35.19,13,1,1,,11866,DNA-binding protein HU-beta
293,135358,ETNP_180m_PROKKA_185266,35.19,13,1,1,,11849,DNA-binding protein HU-beta
293,135359,ETNP_140m_PROKKA_08339,35.19,13,1,1,,11866,DNA-binding protein HU-beta
293,135360,ETNP_120m_PROKKA_179739,35.19,13,1,1,,11823,DNA-binding protein HU-beta
130,107737,NP_300m_PROKKA_20906,34.66,6,2,2,,29377,hypothetical protein
130,107738,NP_125m_PROKKA_09706,34.66,5,2,2,,38885,hypothetical protein
130,174335,ETNP_110m_PROKKA_17240,34.66,5,2,2,,38885,hypothetical protein
130,107739,ETNP14_120maa_PROKKA_21536,34.66,5,2,2,,38885,hypothetical protein
130,107740,NP_100m_PROKKA_06776,34.66,5,2,2,,38885,hypothetical protein
130,107741,NP_85m_PROKKA_04204,34.66,5,2,2,,38885,hypothetical protein
237,1356,ETNP14_68maa_PROKKA_130340,34.51,3,1,1,,35494,Photosystem Q(B) protein precursor
237,2461,ETNP14_68mB_PROKKA_16348,34.51,23,1,1,,5171,Photosystem Q(B) protein precursor
237,2462,ETNP_90m_PROKKA_122086,34.51,19,1,1,,6574,Photosystem Q(B) protein precursor
237,2463,ETNP_70m_PROKKA_133262,34.51,18,1,1,,6660,Photosystem Q(B) protein precursor
237,2464,ETNP_90m_PROKKA_15549,34.51,18,1,1,,6791,Photosystem Q(B) protein precursor
237,2465,ETNP_70m_PROKKA_128427,34.51,17,1,1,,6969,Photosystem Q(B) protein precursor
237,2467,ETNP_70m_PROKKA_120160,34.51,16,1,1,,7141,Photosystem Q(B) protein precursor
237,2468,ETNP_90m_PROKKA_165085,34.51,16,1,1,,7261,Photosystem Q(B) protein precursor
237,2469,ETNP_70m_PROKKA_129992,34.51,16,1,1,,7270,Photosystem Q(B) protein precursor
237,1349,NP_85m_PROKKA_15293,34.51,16,1,1,,7234,Photosystem Q(B) protein precursor
237,2470,ETNP_90m_PROKKA_32352,34.51,16,1,1,,7221,Photosystem Q(B) protein precursor
237,1351,NP_85m_PROKKA_20734,34.51,16,1,1,,7234,Photosystem Q(B) protein precursor
237,2466,ETNP14_68maa_PROKKA_173576,34.51,16,1,1,,7239,Photosystem Q(B) protein precursor
237,2471,ETNP_70m_PROKKA_64617,34.51,15,1,1,,7822,Photosystem Q(B) protein precursor
237,2262,ETNP14_68mB_PROKKA_115988,34.51,8,1,1,,16280,Photosystem Q(B) protein precursor
237,1352,ETNP_120m_particle_PROKKA_105423,34.51,7,1,1,,17049,Photosystem Q(B) protein precursor
237,835,ETNP14_68mB_PROKKA_176244,34.51,7,1,1,,18314,Photosystem Q(B) protein precursor
237,2263,ETNP14_68maa_PROKKA_109670,34.51,6,1,1,,21687,Photosystem Q(B) protein precursor
237,837,ETNP14_68maa_PROKKA_07611,34.51,6,1,1,,21658,Photosystem Q(B) protein precursor
237,842,ETNP_70m_PROKKA_74932,34.51,5,1,1,,24312,Photosystem Q(B) protein 1 precursor
237,1353,ETNP14_68mB_PROKKA_104299,34.51,5,1,1,,25762,Photosystem Q(B) protein precursor
237,532,NP_100m_PROKKA_18596,34.51,5,1,1,,26989,Photosystem Q(B) protein precursor
237,1354,ETNP14_68maa_PROKKA_132779,34.51,4,1,1,,32035,Photosystem Q(B) protein 1 precursor
237,1355,ETNP14_68mB_PROKKA_37439,34.51,3,1,1,,35433,Photosystem Q(B) protein precursor
237,533,ETNP_120m_particle_PROKKA_100221,34.51,3,1,1,,35515,Photosystem Q(B) protein precursor
237,535,WP_011129798,34.51,3,1,1,,39412,photosystem II protein D1 Prochlorococcus marinus
237,537,ETNP14_68maa_PROKKA_146431,34.51,3,1,1,,39397,Photosystem Q(B) protein precursor
237,536,ETNP_160m_PROKKA_60459,34.51,3,1,1,,39397,Photosystem Q(B) protein precursor
237,538,WP_036916046,34.51,3,1,1,,39428,photosystem II protein D1 Prochlorococcus
237,1357,ETNP14_68maa_PROKKA_10190,34.51,3,1,1,,39581,Photosystem Q(B) protein precursor
194,107682,NP_300m_PROKKA_33857,34.31,3,1,1,,31669,putative ABC transporter-binding protein precursor
194,107683,NP_125m_PROKKA_09628,34.31,2,1,1,,40955,maltose ABC transporter periplasmic protein
194,107684,ETNP_110m_PROKKA_16294,34.31,2,1,1,,43571,maltose ABC transporter periplasmic protein
194,107685,NP_100m_PROKKA_08344,34.31,2,1,1,,43571,maltose ABC transporter periplasmic protein
194,107686,ETNP14_120maa_PROKKA_01943,34.31,2,1,1,,43571,maltose ABC transporter periplasmic protein
194,107687,NP_85m_PROKKA_05769,34.31,2,1,1,,43571,maltose ABC transporter periplasmic protein
26,107592,ETNP_90m_PROKKA_10079,34.08,5,1,1,,16570,hypothetical protein
236,135380,NP_300m_PROKKA_07533,33.37,2,1,1,,63977,Hydroxylamine oxidoreductase precursor
236,174439,ETNP_120m_PROKKA_330156,33.37,9,1,1,,12443,Hydroxylamine oxidoreductase precursor
236,174440,ETNP_160m_PROKKA_03601,33.37,6,1,1,,19453,Hydroxylamine oxidoreductase precursor
236,174441,ETNP_140m_PROKKA_51414,33.37,4,1,1,,25798,Hydroxylamine oxidoreductase precursor
193,4434,ETNP_90m_PROKKA_127540,33.36,1,1,1,,77111,hypothetical protein
196,174354,ETNP_120m_particle_PROKKA_230288,33.12,4,1,1,,25369,hypothetical protein
296,174445,WP_011309103,33.07,2,1,1,,43801,cell division protein FtsZ Dehalococcoides mccartyi
295,174444,WP_015798147,33.06,4,1,1,,28404,RimK domain-containing protein ATP-grasp Acidimicrobium ferrooxidans
114,27539,ETNP_90m_PROKKA_207390,32.47,6,2,2,,16767,hypothetical protein
174,119165,ETNP_120m_PROKKA_195906,32.45,5,2,2,,43975,Formamidase
87,4988,ETNP_120m_PROKKA_107659,31.21,3,2,2,,25038,hypothetical protein
87,2939,ETNP_100m_particle_PROKKA_53949,31.21,4,2,2,,22020,hypothetical protein
87,2940,ETNP_300m_PROKKA_171203,31.21,3,2,2,,25132,hypothetical protein
87,2942,ETNP_140m_PROKKA_73018,31.21,3,2,2,,25132,hypothetical protein
87,2941,ETNP_180m_PROKKA_227335,31.21,3,2,2,,25132,hypothetical protein
87,4987,ETNP_160m_PROKKA_09504,31.21,5,2,2,,16527,hypothetical protein
87,174554,ETNP14_120mab_PROKKA_50313,31.21,3,2,2,,25395,hypothetical protein
297,174489,ETNP_180m_PROKKA_168075,30.70,5,1,1,,20406,Periplasmic murein peptide-binding protein precursor
297,135385,ETNP_120m_free_PROKKA_223647,30.70,3,1,1,,30415,Periplasmic murein peptide-binding protein precursor
297,119434,NP_85m_PROKKA_20667,30.70,3,1,1,,38794,Periplasmic murein peptide-binding protein precursor
198,27437,ETNP_70m_PROKKA_85163,30.41,4,1,1,,36469,hypothetical protein
298,107813,WP_015345994,30.21,1,1,1,,108099,isoleucyl-tRNA synthetase Myxococcus stipitatus
184,174366,ETNP_120m_free_PROKKA_303665,29.96,2,1,1,,30061,Phthiocerol synthesis polyketide synthase type I PpsC
151,107443,ETNP14_68mB_PROKKA_89494,29.41,6,1,1,,17973,disulfide bond formation protein B
299,27457,ETNP_70m_PROKKA_55707,29.39,3,1,1,,30315,Glycerate 2-kinase
299,27458,ETNP_90m_PROKKA_211128,29.39,2,1,1,,33870,Glycerate 2-kinase
238,107323,ETNP_120m_free_PROKKA_125739,29.27,1,1,1,,77707,Lactate utilization protein B
300,107487,ETNP_120m_particle_PROKKA_85358,28.19,4,1,1,,22885,hypothetical protein
300,107490,ETNP14_68maa_PROKKA_31997,28.19,2,1,1,,46563,hypothetical protein
300,107491,ETNP14_68maa_PROKKA_06666,28.19,2,1,1,,47745,hypothetical protein
301,174492,ETNP_180m_PROKKA_224724,28.03,11,1,1,,9334,hypothetical protein
121,729,ETNP_90m_PROKKA_126367,27.94,2,1,1,,79393,Photosystem I P700 chlorophyll a apoprotein A2
121,484,WP_036912722,27.94,2,1,1,,83193,photosystem I P700 chlorophyll a apoprotein A2 Prochlorococcus
121,2350,ETNP_70m_PROKKA_134593,27.94,2,1,1,,82042,Photosystem I P700 chlorophyll a apoprotein A2
121,1288,ETNP_100m_PROKKA_87864,27.94,7,1,1,,21434,Photosystem I P700 chlorophyll a apoprotein A2
121,2348,ETNP_120m_particle_PROKKA_66051,27.94,7,1,1,,21686,Photosystem I P700 chlorophyll a apoprotein A2
121,1285,ETNP_110m_PROKKA_29155,27.94,7,1,1,,21466,Photosystem I P700 chlorophyll a apoprotein A2
121,1286,ETNP_90m_PROKKA_32754,27.94,7,1,1,,21434,Photosystem I P700 chlorophyll a apoprotein A2
121,1287,ETNP_100m_PROKKA_21331,27.94,7,1,1,,21466,Photosystem I P700 chlorophyll a apoprotein A2
121,2093,ETNP_100m_particle_PROKKA_137833,27.94,7,1,1,,21768,Photosystem I P700 chlorophyll a apoprotein A2
121,1289,ETNP_140m_PROKKA_60613,27.94,7,1,1,,23015,Photosystem I P700 chlorophyll a apoprotein A2
121,2349,ETNP14_68mB_PROKKA_48821,27.94,5,1,1,,29733,Photosystem I P700 chlorophyll a apoprotein A2 1
121,1290,ETNP14_68maa_PROKKA_183276,27.94,4,1,1,,42697,Photosystem I P700 chlorophyll a apoprotein A2 1
121,1292,ETNP_120m_free_PROKKA_13268,27.94,2,1,1,,69254,Photosystem I P700 chlorophyll a apoprotein A2
121,1293,ETNP_120m_PROKKA_60845,27.94,2,1,1,,77803,Photosystem I P700 chlorophyll a apoprotein A2
121,1915,ADB27549,27.94,2,1,1,,82057,photosystem I P700 chlorophyll a apoprotein A2 chloroplast  Thalassiosira oceanica CCMP1005
121,1835,YP_717253,27.94,2,1,1,,81346,PsaB chloroplast  Ostreococcus tauri
121,539,ETNP_100m_particle_PROKKA_06251,27.94,2,1,1,,81826,Photosystem I P700 chlorophyll a apoprotein A2
121,1216,YP_002808519,27.94,2,1,1,,81762,P700 apoprotein subunit Ib chloroplast  Micromonas pusilla CCMP1545
121,818,WP_038543079,27.94,2,1,1,,81861,photosystem I P700 chlorophyll a apoprotein A2 Synechococcus sp KORDI-100
121,750,WP_011128979,27.94,2,1,1,,81810,photosystem I P700 chlorophyll a apoprotein A2 Synechococcus
121,819,WP_006173317,27.94,2,1,1,,82045,phosphorylase Synechococcus sp WH 5701
121,540,NP_85m_PROKKA_09264,27.94,2,1,1,,83226,Photosystem I P700 chlorophyll a apoprotein A2
173,107481,ETNP_300m_PROKKA_185299,27.38,16,1,1,,5594,hypothetical protein
173,107483,ETNP_180m_PROKKA_156298,27.38,7,1,1,,12236,D-amino acid dehydrogenase small subunit
173,107485,ETNP14_120mab_PROKKA_79104,27.38,6,1,1,,15111,D-amino acid dehydrogenase small subunit
173,107486,ETNP_120m_PROKKA_111022,27.38,3,1,1,,26348,Glycine oxidase
239,121090,WP_011397587,27.34,1,1,1,,112572,multidrug transporter Hahella chejuensis
304,174496,WP_053951170,27.17,1,1,1,,68364,ribonuclease II Candidatus Thioglobus autotrophica
195,108028,NP_300m_PROKKA_06057,27.07,3,1,1,,23421,Rhodanese-like domain protein
195,108029,ETNP_120m_particle_PROKKA_202758,27.07,3,1,1,,23421,Rhodanese-like domain protein
195,108030,ETNP_300m_PROKKA_95801,27.07,3,1,1,,23421,Rhodanese-like domain protein
195,108031,ETNP_180m_PROKKA_60051,27.07,3,1,1,,23421,Rhodanese-like domain protein
195,108032,ETNP_120m_PROKKA_162168,27.07,3,1,1,,23421,Rhodanese-like domain protein
195,108033,ETNP_160m_PROKKA_75611,27.07,3,1,1,,23421,Rhodanese-like domain protein
303,174495,ETNP_300m_PROKKA_33053,26.99,3,1,1,,33918,hypothetical protein
197,174506,ETNP_300m_PROKKA_188386,26.74,1,1,1,,53766,B12 binding domain protein
305,108423,XP_003060748,26.64,4,1,1,,24330,predicted protein  Micromonas pusilla CCMP1545
305,108424,ETNP_70m_PROKKA_14878,26.64,4,1,1,,24554,50S ribosomal protein L1
306,174503,ETNP_300m_PROKKA_195138,26.55,2,1,1,,44654,Putative glycosyltransferase EpsD
122,1690,ETNP_180m_PROKKA_146861,26.21,4,2,0,,57583,60 kDa chaperonin
241,174515,ETNP_120m_particle_PROKKA_03360,26.12,11,1,1,,8393,Serine/threonine-protein kinase Pkn1
241,174516,ETNP_100m_particle_PROKKA_108035,26.12,10,1,1,,9087,Serine/threonine-protein kinase PknL
241,174517,ETNP_70m_PROKKA_24422,26.12,10,1,1,,9623,Serine/threonine-protein kinase StkP
241,174518,ETNP_120m_particle_PROKKA_160433,26.12,9,1,1,,10398,Serine/threonine-protein kinase PK-1
241,174519,ETNP_120m_particle_PROKKA_64299,26.12,9,1,1,,11020,Serine/threonine-protein kinase pkn5
241,174520,ETNP_100m_particle_PROKKA_115049,26.12,8,1,1,,11175,Serine/threonine-protein kinase PK-1
241,174521,ETNP_120m_particle_PROKKA_100411,26.12,7,1,1,,13715,Serine/threonine-protein kinase PrkC
241,174522,ETNP_120m_particle_PROKKA_07872,26.12,6,1,1,,16453,Serine/threonine-protein kinase Pkn1
241,174523,ETNP_150m_particle_PROKKA_20551,26.12,5,1,1,,19398,Serine/threonine-protein kinase PK-1
241,174524,XP_003056283,26.12,3,1,1,,32989,predicted protein partial  Micromonas pusilla CCMP1545
241,174525,EJK46239,26.12,2,1,1,,37579,hypothetical protein THAOC_35106  Thalassiosira oceanica
241,174527,XP_003061072,26.12,2,1,1,,37302,predicted protein  Micromonas pusilla CCMP1545
241,174528,XP_003056364,26.12,2,1,1,,39718,predicted protein  Micromonas pusilla CCMP1545
307,174526,ETNP14_68maa_PROKKA_102747,25.94,4,1,1,,38862,hypothetical protein
76,85456,ETNP14_120maa_PROKKA_175370,25.80,4,1,1,,19183,hypothetical protein
308,6111,ETNP_70m_PROKKA_39945,25.68,2,1,1,,40626,hypothetical protein
308,107550,ETNP_300m_PROKKA_172349,25.68,2,1,1,,43273,hypothetical protein
240,174511,ETNP_120m_free_PROKKA_137955,25.52,1,1,1,,67896,hypothetical protein
240,174512,ETNP_160m_PROKKA_129759,25.52,1,1,1,,69772,hypothetical protein
240,174513,ETNP_100m_particle_PROKKA_13761,25.52,1,1,1,,69772,hypothetical protein
240,174529,ETNP_150m_particle_PROKKA_14153,25.52,6,1,1,,16540,hypothetical protein
240,174530,ETNP_120m_PROKKA_84309,25.52,4,1,1,,25535,hypothetical protein
309,174531,ETNP14_68maa_PROKKA_160327,25.46,7,1,1,,15889,hypothetical protein
310,107543,NP_300m_PROKKA_59385,25.45,7,1,1,,12805,V4R domain protein
310,107545,ETNP_300m_PROKKA_37056,25.45,5,1,1,,18172,V4R domain protein
310,107546,ETNP_120m_free_PROKKA_313054,25.45,5,1,1,,18172,V4R domain protein
310,107547,ETNP_180m_PROKKA_185309,25.45,5,1,1,,18172,V4R domain protein
310,107548,ETNP_140m_PROKKA_132631,25.45,4,1,1,,20689,V4R domain protein
310,107549,ETNP_120m_PROKKA_65792,25.45,4,1,1,,21273,V4R domain protein
311,174552,ETNP_120m_PROKKA_213019,24.35,3,1,1,,29104,Riboflavin biosynthesis protein RibBA
312,1608,ETNP_70m_PROKKA_88762,24.17,11,1,1,,8842,Photosystem I iron-sulfur center
312,1623,ETNP_90m_PROKKA_58146,24.17,11,1,1,,8876,Photosystem I iron-sulfur center
312,1609,ETNP14_68maa_PROKKA_121803,24.17,11,1,1,,8842,Photosystem I iron-sulfur center
312,1610,WP_006850103,24.17,11,1,1,,8842,photosystem I iron-sulfur center Chroococcales
312,2815,WP_011295528,24.17,11,1,1,,8872,photosystem I iron-sulfur center Prochlorococcus
312,1611,ETNP14_68maa_PROKKA_87488,24.17,11,1,1,,8842,Photosystem I iron-sulfur center
242,108196,WP_011398880,23.99,1,1,1,,114720,hypothetical protein Hahella chejuensis
242,108182,ETNP_120m_PROKKA_50564,23.99,5,1,1,,17170,hypothetical protein
242,108183,ETNP_90m_PROKKA_163462,23.99,5,1,1,,18141,hypothetical protein
242,108184,ETNP14_68maa_PROKKA_99839,23.99,3,1,1,,33938,dTDP-4-dehydro-6-deoxyglucose reductase
314,107593,ETNP14_68mB_PROKKA_153879,23.67,7,1,1,,13100,hypothetical protein
314,107492,WP_026292635,23.67,1,1,1,,62806,acetolactate synthase catalytic subunit Rubritalea marina
316,107703,ETNP14_120mab_PROKKA_100139,23.19,5,1,1,,18002,hypothetical protein
316,107625,ETNP_140m_PROKKA_07386,23.19,1,1,1,,59208,Single-stranded-DNA-specific exonuclease RecJ
316,107626,ETNP_160m_PROKKA_121815,23.19,1,1,1,,61700,Single-stranded-DNA-specific exonuclease RecJ
316,107627,ETNP_120m_free_PROKKA_305707,23.19,1,1,1,,61700,Single-stranded-DNA-specific exonuclease RecJ
316,107628,ETNP_180m_PROKKA_71201,23.19,1,1,1,,61700,Single-stranded-DNA-specific exonuclease RecJ
155,174615,ETNP14_68maa_PROKKA_115867,23.13,3,2,2,,74017,DNA topoisomerase 1
179,174487,XP_003061595,23.10,2,1,1,,71501,predicted protein  Micromonas pusilla CCMP1545
318,174568,ETNP_300m_PROKKA_77874,23.07,10,1,1,,9608,Nucleoside triphosphate pyrophosphohydrolase
319,174569,AGL61755,22.95,1,1,1,,97896,Glycosyl transferase family 51 Candidatus Saccharimonas aalborgensis
320,174570,ETNP_120m_free_PROKKA_192958,22.86,2,1,1,,41293,exoaminopeptidase
321,174571,ETNP_110m_PROKKA_11981,22.72,2,1,1,,55517,Phosphoribosylformylglycinamidine synthase 2
323,121405,ETNP_100m_particle_PROKKA_138995,22.56,1,1,1,,112619,Planctomycete cytochrome C
323,174577,ETNP_120m_free_PROKKA_19310,22.56,1,1,1,,112619,Planctomycete cytochrome C
323,174578,ETNP_180m_PROKKA_75691,22.56,1,1,1,,112619,Planctomycete cytochrome C
323,174579,ETNP_120m_PROKKA_34210,22.56,1,1,1,,112619,Planctomycete cytochrome C
323,174580,ETNP_160m_PROKKA_203163,22.56,1,1,1,,112619,Planctomycete cytochrome C
322,174575,ETNP_160m_PROKKA_147041,22.46,4,1,1,,21036,Carbon monoxide dehydrogenase small chain
328,6390,ETNP14_68maa_PROKKA_152827,21.92,3,1,1,,54507,1-deoxy-D-xylulose-5-phosphate synthase
246,174589,NP_30m_PROKKA_18939,21.90,19,1,1,,5111,Chaperone SurA
246,174590,ETNP14_68mB_PROKKA_89965,21.90,6,1,1,,15663,Chaperone SurA precursor
246,174591,EJP73778,21.90,2,1,1,,47335,chaperone SurA SAR86 cluster bacterium SAR86B
330,174592,ETNP_120m_free_PROKKA_231416,21.89,3,1,1,,33604,Aliphatic nitrilase
330,174593,ETNP_300m_PROKKA_03237,21.89,3,1,1,,33604,Aliphatic nitrilase
330,174594,ETNP_120m_PROKKA_271550,21.89,3,1,1,,33604,Aliphatic nitrilase
330,174595,ETNP_180m_PROKKA_174119,21.89,3,1,1,,33604,Aliphatic nitrilase
330,174596,ETNP_160m_PROKKA_09119,21.89,3,1,1,,33604,Aliphatic nitrilase
330,174597,ETNP_140m_PROKKA_28232,21.89,3,1,1,,33604,Aliphatic nitrilase
329,4986,ETNP_70m_PROKKA_126644,21.88,8,1,1,,15302,hypothetical protein
331,174598,ETNP_120m_PROKKA_109639,21.87,5,1,1,,20193,hypothetical protein
331,174599,ETNP_180m_PROKKA_162708,21.87,4,1,1,,24142,hypothetical protein
331,174600,ETNP_140m_PROKKA_132425,21.87,4,1,1,,24126,hypothetical protein
331,174601,NP_85m_PROKKA_23263,21.87,4,1,1,,26904,hypothetical protein
244,174585,WP_015443674,21.74,1,1,1,,103141,hypothetical protein Ilumatobacter coccineus
245,6742,EJK49251,21.42,3,1,1,,41140,hypothetical protein THAOC_31894 partial  Thalassiosira oceanica
333,174607,WP_010511812,21.24,4,1,1,,23257,alpha-ribazole-5'-phosphate phosphatase SAR324 cluster bacterium SCGC AAA001-C10
7,107538,ETNP14_68maa_PROKKA_196520,21.17,4,1,1,,22234,Tryptophan synthase alpha chain
7,107539,ETNP14_120maa_PROKKA_34391,21.17,3,1,1,,30458,EamA-like transporter family protein
7,107540,ETNP14_68maa_PROKKA_42870,21.17,3,1,1,,30458,EamA-like transporter family protein
7,107541,ETNP_100m_PROKKA_21831,21.17,3,1,1,,30458,EamA-like transporter family protein
334,107706,NP_30m_PROKKA_24264,21.01,6,1,1,,14637,16S rRNA m(2)G966-methyltransferase
335,154009,ETNP14_68maa_PROKKA_95237,20.96,2,1,1,,42274,hypothetical protein
201,174555,ETNP_120m_particle_PROKKA_29668,20.64,1,1,1,,76349,hypothetical protein
251,174650,ETNP_120m_PROKKA_81934,20.17,5,1,1,,15131,hypothetical protein
132,174618,ETNP14_68maa_PROKKA_35077,20.10,0,1,1,,232862,Serine protease AprX
