Protein Group,Protein ID,Protein Accession,Peptide,Unique,-10lgP,Mass,Length,ppm,m/z,z,RT,Area 379,Fraction,Scan,Source File,#Spec,#Spec 379,Start,End,PTM,AScore
1,2,54036848,R.LPQVEGTGGDVQPSQDLVR.V,Y,90.35,1994.0068,19,-0.4,998.0103,2,54.13,1.13E8,13,15677,20181213_379_etnp2017_150m_trap.raw,8,8,71,89,,
1,2,54036848,R.AIQQQIENPLAQQILSGELVPGK.V,Y,72.84,2473.3540,23,0.5,825.4590,3,86.79,2.63E6,13,25475,20181213_379_etnp2017_150m_trap.raw,1,1,820,842,,
1,2,54036848,R.VIGQNEAVDAVSNAIR.R,Y,72.49,1654.8638,16,0.1,828.4392,2,64.81,1.05E8,13,18934,20181213_379_etnp2017_150m_trap.raw,10,10,570,585,,
1,2,54036848,K.AIDLIDEAASSIR.M,Y,54.33,1372.7197,13,0.6,458.5808,3,76.78,7.35E7,13,22647,20181213_379_etnp2017_150m_trap.raw,8,8,390,402,,
1,2,54036848,K.VTDAEIAEVLAR.W,Y,50.91,1285.6877,12,0.1,429.5699,3,69.29,6.94E7,13,20346,20181213_379_etnp2017_150m_trap.raw,5,5,531,542,,
1,2,54036848,K.NNPVLIGEPGVGK.T,Y,47.99,1292.7089,13,2.1,647.3630,2,50.44,1.4E8,13,14536,20181213_379_etnp2017_150m_trap.raw,5,5,200,212,,
1,2,54036848,N.NPVLIGEPGVGK.T,Y,21.25,1178.6659,12,0.2,590.3403,2,50.23,1.11E6,13,14474,20181213_379_etnp2017_150m_trap.raw,1,1,201,212,,
2,1,|#CONTAM#TRYP_PIG|,R.LGEHNIDVLEGNEQF.I,Y,44.34,1712.8005,15,-0.3,857.4073,2,67.30,3.13E6,13,19724,20181213_379_etnp2017_150m_trap.raw,1,1,58,72,,
2,1,|#CONTAM#TRYP_PIG|,R.LGEHNIDVLEGNEQ.F,Y,43.32,1565.7322,14,0.1,783.8735,2,53.82,3.52E6,13,15573,20181213_379_etnp2017_150m_trap.raw,1,1,58,71,,
2,1,|#CONTAM#TRYP_PIG|,K.LSSPATLNSR.V,Y,41.17,1044.5564,10,1.4,523.2862,2,34.45,1.78E8,13,9930,20181213_379_etnp2017_150m_trap.raw,2,2,98,107,,
2,1,|#CONTAM#TRYP_PIG|,R.LGEHNIDVLEGN.E,Y,39.23,1308.6310,12,0.3,655.3229,2,54.34,3.09E7,13,15742,20181213_379_etnp2017_150m_trap.raw,2,2,58,69,,
2,1,|#CONTAM#TRYP_PIG|,R.SC(+57.02)AAAGTEC(+57.02)LISGWGNTK.S,Y,36.95,1881.8350,18,0.7,941.9254,2,64.56,2.32E5,13,18865,20181213_379_etnp2017_150m_trap.raw,1,1,116,133,Carbamidomethylation,C2:Carbamidomethylation:1000.00;C9:Carbamidomethylation:1000.00
2,1,|#CONTAM#TRYP_PIG|,R.LGEHNIDVLEGNEQFIN.A,Y,35.75,1939.9275,17,-0.1,970.9709,2,69.22,2.99E6,13,20326,20181213_379_etnp2017_150m_trap.raw,1,1,58,74,,
2,1,|#CONTAM#TRYP_PIG|,R.VATVSLPR.S,Y,32.83,841.5021,8,1.9,421.7591,2,43.46,3.23E8,13,12521,20181213_379_etnp2017_150m_trap.raw,4,4,108,115,,
2,1,|#CONTAM#TRYP_PIG|,R.LGEHNIDVLEGNE.Q,Y,32.82,1437.6736,13,0.7,719.8445,2,55.45,1.83E7,13,16071,20181213_379_etnp2017_150m_trap.raw,1,1,58,70,,
2,1,|#CONTAM#TRYP_PIG|,K.IITHPNFNGNTLDND.I,Y,31.10,1683.7853,15,0.5,842.9003,2,51.69,7.41E5,13,14917,20181213_379_etnp2017_150m_trap.raw,1,1,78,92,,
2,1,|#CONTAM#TRYP_PIG|,K.IITHPNFNGNTL.D,Y,29.95,1339.6885,12,1.3,670.8524,2,57.19,1.71E7,13,16601,20181213_379_etnp2017_150m_trap.raw,1,1,78,89,,
2,1,|#CONTAM#TRYP_PIG|,S.SPATLNSR.V,Y,23.97,844.4402,8,0.1,423.2274,2,19.45,4.21E6,13,5457,20181213_379_etnp2017_150m_trap.raw,1,1,100,107,,
2,1,|#CONTAM#TRYP_PIG|,E.GNEQFINAAK.I,Y,22.38,1090.5406,10,2.2,546.2788,2,38.08,4.48E5,13,10971,20181213_379_etnp2017_150m_trap.raw,1,1,68,77,,
2,1,|#CONTAM#TRYP_PIG|,K.IITHPNFN.G,Y,20.77,954.4923,8,-0.8,478.2531,2,43.01,1.9E5,13,12391,20181213_379_etnp2017_150m_trap.raw,1,1,78,85,,
2,1,|#CONTAM#TRYP_PIG|,K.IITHPNFNGNTLD.N,Y,20.15,1454.7153,13,-1.6,728.3638,2,53.34,7.81E5,13,15422,20181213_379_etnp2017_150m_trap.raw,1,1,78,90,,
2,1,|#CONTAM#TRYP_PIG|,E.QFINAAK.I,Y,18.71,790.4337,7,1.3,396.2246,2,31.64,5.91E6,13,9108,20181213_379_etnp2017_150m_trap.raw,1,1,71,77,,
2,1,|#CONTAM#TRYP_PIG|,K.IITHPNFNGNTLDN.D,Y,17.77,1568.7583,14,-0.3,785.3862,2,50.70,7.77E5,13,14617,20181213_379_etnp2017_150m_trap.raw,1,1,78,91,,
2,1,|#CONTAM#TRYP_PIG|,R.LGEHNIDVL.E,Y,16.93,1008.5240,9,0.8,505.2697,2,57.91,3.91E7,13,16831,20181213_379_etnp2017_150m_trap.raw,1,1,58,66,,
2,1,|#CONTAM#TRYP_PIG|,R.LGEHNID.V,Y,16.75,796.3715,7,1.3,399.1935,2,25.16,1.63E6,13,7263,20181213_379_etnp2017_150m_trap.raw,1,1,58,64,,
3,19,XP_003061104,K.AGFAGDDAPR.A,N,40.87,975.4410,10,1.6,488.7285,2,30.78,5.35E6,13,8861,20181213_379_etnp2017_150m_trap.raw,1,1,21,30,,
3,19,XP_003061104,K.DAYVGDEAQSK.R,Y,37.68,1181.5200,11,0.1,591.7673,2,24.63,1.77E6,13,7103,20181213_379_etnp2017_150m_trap.raw,1,1,53,63,,
3,19,XP_003061104,A.YVGDEAQSKR.G,N,34.21,1151.5570,10,-0.1,384.8596,3,16.16,4.44E5,13,4227,20181213_379_etnp2017_150m_trap.raw,1,1,55,64,,
3,19,XP_003061104,K.C(+57.02)DVDIR.K,N,29.39,776.3487,6,0.3,389.1817,2,28.07,1.05E6,13,8095,20181213_379_etnp2017_150m_trap.raw,1,1,287,292,Carbamidomethylation,C1:Carbamidomethylation:1000.00
3,19,XP_003061104,K.DAYVGDEAQSKR.G,Y,28.55,1337.6211,12,0.3,669.8180,2,22.85,1.09E5,13,6563,20181213_379_etnp2017_150m_trap.raw,1,1,53,64,,
3,19,XP_003061104,G.FAGDDAPR.A,N,26.40,847.3824,8,0.6,424.6987,2,23.85,6.57E6,13,6867,20181213_379_etnp2017_150m_trap.raw,2,2,23,30,,
3,19,XP_003061104,A.YVGDEAQSK.R,N,25.97,995.4559,9,1.4,498.7359,2,17.40,8.9E5,13,4696,20181213_379_etnp2017_150m_trap.raw,1,1,55,63,,
3,19,XP_003061104,D.AYVGDEAQSK.R,Y,25.68,1066.4930,10,0.3,534.2540,2,21.59,3.25E5,13,6172,20181213_379_etnp2017_150m_trap.raw,1,1,54,63,,
3,19,XP_003061104,L.TEAPLNPK.A,N,25.24,868.4654,8,1.2,435.2405,2,24.87,1.28E7,13,7173,20181213_379_etnp2017_150m_trap.raw,1,1,108,115,,
3,19,XP_003061104,L.LTEAPLNPK.A,N,24.85,981.5494,9,0.6,491.7823,2,35.04,2.15E6,13,10096,20181213_379_etnp2017_150m_trap.raw,1,1,107,115,,
3,19,XP_003061104,K.VVAPPER.K,N,24.16,766.4337,7,1.2,384.2246,2,23.27,1.29E5,13,6690,20181213_379_etnp2017_150m_trap.raw,1,1,331,337,,
3,19,XP_003061104,K.SYELPDGQVIT.I,N,23.77,1220.5924,11,-0.4,611.3032,2,67.88,6.61E5,13,19914,20181213_379_etnp2017_150m_trap.raw,1,1,241,251,,
3,19,XP_003061104,R.DLTDYLM(+15.99)K.I,N,23.60,1013.4739,8,0.9,507.7447,2,58.40,1.32E5,13,16981,20181213_379_etnp2017_150m_trap.raw,1,1,186,193,Oxidation (M),M7:Oxidation (M):1000.00
3,19,XP_003061104,A.GFAGDDAPR.A,N,22.45,904.4039,9,0.8,453.2096,2,28.31,6.78E6,13,8160,20181213_379_etnp2017_150m_trap.raw,1,1,22,30,,
3,19,XP_003061104,K.SYELPDGQ.V,N,21.22,907.3923,8,0.9,454.7038,2,45.92,4.53E5,13,13222,20181213_379_etnp2017_150m_trap.raw,1,1,241,248,,
3,19,XP_003061104,R.HQGVM(+15.99)VGM(+15.99).G,Y,17.54,889.3786,8,0.4,445.6967,2,20.48,1.17E6,13,5802,20181213_379_etnp2017_150m_trap.raw,1,1,42,49,Oxidation (M),M5:Oxidation (M):1000.00;M8:Oxidation (M):1000.00
3,19,XP_003061104,L.SLYASGR.T,N,17.44,752.3817,7,0.9,377.1985,2,24.60,3.02E5,13,7092,20181213_379_etnp2017_150m_trap.raw,1,1,143,149,,
3,19,XP_003061104,T.EAPLNPK.A,N,17.39,767.4177,7,-0.3,384.7160,2,21.01,1.13E7,13,5978,20181213_379_etnp2017_150m_trap.raw,2,2,109,115,,
4,292,ETNP_70,Y.ELPDGQVITIGNER.F,Y,49.86,1539.7893,14,-0.7,770.9014,2,58.55,9.78E5,13,17027,20181213_379_etnp2017_150m_trap.raw,1,1,243,256,,
4,292,ETNP_70,K.SYELPDGQVITIGNER.F,Y,44.49,1789.8846,16,0.5,895.9501,2,71.07,3.13E5,13,20902,20181213_379_etnp2017_150m_trap.raw,1,1,241,256,,
4,292,ETNP_70,C.YVGDEAQSKR.G,N,34.21,1151.5570,10,-0.1,384.8596,3,16.16,4.44E5,13,4227,20181213_379_etnp2017_150m_trap.raw,1,1,55,64,,
4,292,ETNP_70,R.C(+57.02)DVDIR.R,N,29.39,776.3487,6,0.3,389.1817,2,28.07,1.05E6,13,8095,20181213_379_etnp2017_150m_trap.raw,1,1,287,292,Carbamidomethylation,C1:Carbamidomethylation:1000.00
4,292,ETNP_70,C.YVGDEAQSK.R,N,25.97,995.4559,9,1.4,498.7359,2,17.40,8.9E5,13,4696,20181213_379_etnp2017_150m_trap.raw,1,1,55,63,,
4,292,ETNP_70,K.SYELPDGQVIT.I,N,23.77,1220.5924,11,-0.4,611.3032,2,67.88,6.61E5,13,19914,20181213_379_etnp2017_150m_trap.raw,1,1,241,251,,
4,292,ETNP_70,K.SYELPDGQ.V,N,21.22,907.3923,8,0.9,454.7038,2,45.92,4.53E5,13,13222,20181213_379_etnp2017_150m_trap.raw,1,1,241,248,,
4,292,ETNP_70,L.SLYASGR.T,N,17.44,752.3817,7,0.9,377.1985,2,24.60,3.02E5,13,7092,20181213_379_etnp2017_150m_trap.raw,1,1,143,149,,
4,292,ETNP_70,Y.ELPDGQVITIGN.E,Y,15.97,1254.6455,12,2.2,628.3314,2,62.93,3.49E5,13,18351,20181213_379_etnp2017_150m_trap.raw,1,1,243,254,,
7,959,WP_012519826,R.AGENVGVLLR.G,Y,41.18,1026.5822,10,1.6,514.2992,2,54.82,2.66E5,13,15880,20181213_379_etnp2017_150m_trap.raw,1,1,271,280,,
7,959,WP_012519826,R.TVGAGVVSK.I,Y,39.54,816.4705,9,0.3,409.2427,2,25.03,9.52E5,13,7221,20181213_379_etnp2017_150m_trap.raw,1,1,383,391,,
7,959,WP_012519826,R.VEQGIIK.V,Y,18.86,785.4647,7,0.5,393.7398,2,31.14,9.58E5,13,8960,20181213_379_etnp2017_150m_trap.raw,1,1,232,238,,
7,959,WP_012519826,L.DSYIPEPER.A,N,18.58,1104.5087,9,1.6,553.2625,2,43.18,1.39E6,13,12436,20181213_379_etnp2017_150m_trap.raw,1,1,197,205,,
7,959,WP_012519826,A.ATDGPM(+15.99)PQTR.E,N,17.53,1088.4921,10,0.0,545.2533,2,16.50,2.76E5,13,4357,20181213_379_etnp2017_150m_trap.raw,1,1,108,117,Oxidation (M),M6:Oxidation (M):1000.00
7,959,WP_012519826,K.ALEGDAEWEK.K,Y,16.18,1146.5193,10,-0.7,574.2665,2,43.70,1.18E5,13,12591,20181213_379_etnp2017_150m_trap.raw,1,1,178,187,,
7,959,WP_012519826,Q.IDNAPEEK.A,Y,16.14,914.4345,8,-3.3,458.2230,2,16.71,3.88E5,13,4444,20181213_379_etnp2017_150m_trap.raw,1,1,50,57,,
7,959,WP_012519826,L.ELVEM(+15.99)EVR.E,N,15.94,1019.4957,8,0.9,510.7556,2,35.41,1.94E5,13,10201,20181213_379_etnp2017_150m_trap.raw,1,1,148,155,Oxidation (M),M5:Oxidation (M):1000.00
7,959,WP_012519826,G.EEVEIVGIK.D,Y,15.43,1014.5597,9,6.4,508.2903,2,53.87,1.76E5,13,15593,20181213_379_etnp2017_150m_trap.raw,1,1,241,249,,
7,960,ETNP14_120,R.AGENVGVLLR.G,Y,41.18,1026.5822,10,1.6,514.2992,2,54.82,2.66E5,13,15880,20181213_379_etnp2017_150m_trap.raw,1,1,271,280,,
7,960,ETNP14_120,R.TVGAGVVSK.I,Y,39.54,816.4705,9,0.3,409.2427,2,25.03,9.52E5,13,7221,20181213_379_etnp2017_150m_trap.raw,1,1,383,391,,
7,960,ETNP14_120,R.VEQGIIK.V,Y,18.86,785.4647,7,0.5,393.7398,2,31.14,9.58E5,13,8960,20181213_379_etnp2017_150m_trap.raw,1,1,232,238,,
7,960,ETNP14_120,L.DSYIPEPER.A,N,18.58,1104.5087,9,1.6,553.2625,2,43.18,1.39E6,13,12436,20181213_379_etnp2017_150m_trap.raw,1,1,197,205,,
7,960,ETNP14_120,A.ATDGPM(+15.99)PQTR.E,N,17.53,1088.4921,10,0.0,545.2533,2,16.50,2.76E5,13,4357,20181213_379_etnp2017_150m_trap.raw,1,1,108,117,Oxidation (M),M6:Oxidation (M):1000.00
7,960,ETNP14_120,K.ALEGDAEWEK.K,Y,16.18,1146.5193,10,-0.7,574.2665,2,43.70,1.18E5,13,12591,20181213_379_etnp2017_150m_trap.raw,1,1,178,187,,
7,960,ETNP14_120,Q.IDNAPEEK.A,Y,16.14,914.4345,8,-3.3,458.2230,2,16.71,3.88E5,13,4444,20181213_379_etnp2017_150m_trap.raw,1,1,50,57,,
7,960,ETNP14_120,L.ELVEM(+15.99)EVR.E,N,15.94,1019.4957,8,0.9,510.7556,2,35.41,1.94E5,13,10201,20181213_379_etnp2017_150m_trap.raw,1,1,148,155,Oxidation (M),M5:Oxidation (M):1000.00
7,960,ETNP14_120,G.EEVEIVGIK.D,Y,15.43,1014.5597,9,6.4,508.2903,2,53.87,1.76E5,13,15593,20181213_379_etnp2017_150m_trap.raw,1,1,241,249,,
9,503,XP_002183424,K.AGFAGDDAPR.S,N,40.87,975.4410,10,1.6,488.7285,2,30.78,5.35E6,13,8861,20181213_379_etnp2017_150m_trap.raw,1,1,21,30,,
9,503,XP_002183424,K.C(+57.02)DVDIR.K,N,29.39,776.3487,6,0.3,389.1817,2,28.07,1.05E6,13,8095,20181213_379_etnp2017_150m_trap.raw,1,1,287,292,Carbamidomethylation,C1:Carbamidomethylation:1000.00
9,503,XP_002183424,G.FAGDDAPR.S,N,26.40,847.3824,8,0.6,424.6987,2,23.85,6.57E6,13,6867,20181213_379_etnp2017_150m_trap.raw,2,2,23,30,,
9,503,XP_002183424,R.DLTDYLM(+15.99)K.I,N,23.60,1013.4739,8,0.9,507.7447,2,58.40,1.32E5,13,16981,20181213_379_etnp2017_150m_trap.raw,1,1,186,193,Oxidation (M),M7:Oxidation (M):1000.00
9,503,XP_002183424,A.GFAGDDAPR.S,N,22.45,904.4039,9,0.8,453.2096,2,28.31,6.78E6,13,8160,20181213_379_etnp2017_150m_trap.raw,1,1,22,30,,
9,503,XP_002183424,K.IVAPPER.K,Y,17.96,780.4493,7,0.3,391.2321,2,27.30,8.88E5,13,7880,20181213_379_etnp2017_150m_trap.raw,1,1,331,337,,
9,503,XP_002183424,L.SLYASGR.T,N,17.44,752.3817,7,0.9,377.1985,2,24.60,3.02E5,13,7092,20181213_379_etnp2017_150m_trap.raw,1,1,143,149,,
9,504,XP_002183295,K.AGFAGDDAPR.S,N,40.87,975.4410,10,1.6,488.7285,2,30.78,5.35E6,13,8861,20181213_379_etnp2017_150m_trap.raw,1,1,21,30,,
9,504,XP_002183295,K.C(+57.02)DVDIR.K,N,29.39,776.3487,6,0.3,389.1817,2,28.07,1.05E6,13,8095,20181213_379_etnp2017_150m_trap.raw,1,1,287,292,Carbamidomethylation,C1:Carbamidomethylation:1000.00
9,504,XP_002183295,G.FAGDDAPR.S,N,26.40,847.3824,8,0.6,424.6987,2,23.85,6.57E6,13,6867,20181213_379_etnp2017_150m_trap.raw,2,2,23,30,,
9,504,XP_002183295,R.DLTDYLM(+15.99)K.I,N,23.60,1013.4739,8,0.9,507.7447,2,58.40,1.32E5,13,16981,20181213_379_etnp2017_150m_trap.raw,1,1,186,193,Oxidation (M),M7:Oxidation (M):1000.00
9,504,XP_002183295,A.GFAGDDAPR.S,N,22.45,904.4039,9,0.8,453.2096,2,28.31,6.78E6,13,8160,20181213_379_etnp2017_150m_trap.raw,1,1,22,30,,
9,504,XP_002183295,K.IVAPPER.K,Y,17.96,780.4493,7,0.3,391.2321,2,27.30,8.88E5,13,7880,20181213_379_etnp2017_150m_trap.raw,1,1,331,337,,
9,504,XP_002183295,L.SLYASGR.T,N,17.44,752.3817,7,0.9,377.1985,2,24.60,3.02E5,13,7092,20181213_379_etnp2017_150m_trap.raw,1,1,143,149,,
9,505,XP_002182221,K.AGFAGDDAPR.S,N,40.87,975.4410,10,1.6,488.7285,2,30.78,5.35E6,13,8861,20181213_379_etnp2017_150m_trap.raw,1,1,21,30,,
9,505,XP_002182221,K.C(+57.02)DVDIR.K,N,29.39,776.3487,6,0.3,389.1817,2,28.07,1.05E6,13,8095,20181213_379_etnp2017_150m_trap.raw,1,1,287,292,Carbamidomethylation,C1:Carbamidomethylation:1000.00
9,505,XP_002182221,G.FAGDDAPR.S,N,26.40,847.3824,8,0.6,424.6987,2,23.85,6.57E6,13,6867,20181213_379_etnp2017_150m_trap.raw,2,2,23,30,,
9,505,XP_002182221,R.DLTDYLM(+15.99)K.I,N,23.60,1013.4739,8,0.9,507.7447,2,58.40,1.32E5,13,16981,20181213_379_etnp2017_150m_trap.raw,1,1,186,193,Oxidation (M),M7:Oxidation (M):1000.00
9,505,XP_002182221,A.GFAGDDAPR.S,N,22.45,904.4039,9,0.8,453.2096,2,28.31,6.78E6,13,8160,20181213_379_etnp2017_150m_trap.raw,1,1,22,30,,
9,505,XP_002182221,K.IVAPPER.K,Y,17.96,780.4493,7,0.3,391.2321,2,27.30,8.88E5,13,7880,20181213_379_etnp2017_150m_trap.raw,1,1,331,337,,
9,505,XP_002182221,L.SLYASGR.T,N,17.44,752.3817,7,0.9,377.1985,2,24.60,3.02E5,13,7092,20181213_379_etnp2017_150m_trap.raw,1,1,143,149,,
8,132,|#CONTAM#K1C9_HUMAN|,R.GGSGGSYGGGGSGGGYGGGSGSR.G,Y,31.63,1790.7203,23,2.1,896.3693,2,22.87,9.88E4,13,6567,20181213_379_etnp2017_150m_trap.raw,1,1,491,513,,
8,132,|#CONTAM#K1C9_HUMAN|,S.GGGGGGGLGSGGSIR.S,Y,29.78,1144.5585,15,2.8,573.2881,2,29.02,3.5E5,13,8351,20181213_379_etnp2017_150m_trap.raw,1,1,15,29,,
8,132,|#CONTAM#K1C9_HUMAN|,K.STM(+15.99)QELNSR.L,Y,25.94,1080.4869,9,-1.0,541.2502,2,18.81,1.37E5,13,5218,20181213_379_etnp2017_150m_trap.raw,1,1,155,163,Oxidation (M),M3:Oxidation (M):1000.00
8,132,|#CONTAM#K1C9_HUMAN|,R.GGSGGSHGGGSGF.G,Y,24.64,1019.4056,13,0.2,510.7102,2,19.83,5.7E5,13,5586,20181213_379_etnp2017_150m_trap.raw,1,1,580,592,,
8,132,|#CONTAM#K1C9_HUMAN|,K.IQDWYDK.K,Y,23.38,966.4447,7,1.8,484.2305,2,44.98,1.7E5,13,12956,20181213_379_etnp2017_150m_trap.raw,1,1,185,191,,
8,132,|#CONTAM#K1C9_HUMAN|,R.QGVDADINGLR.Q,Y,22.05,1156.5836,11,-0.5,579.2988,2,47.49,5.81E4,13,13660,20181213_379_etnp2017_150m_trap.raw,1,1,251,261,,
8,132,|#CONTAM#K1C9_HUMAN|,K.TLLDIDNTR.M,Y,20.54,1059.5560,9,0.8,530.7857,2,54.05,1.07E5,13,15653,20181213_379_etnp2017_150m_trap.raw,1,1,225,233,,
8,132,|#CONTAM#K1C9_HUMAN|,K.KGPAAIQK.N,Y,18.04,811.4916,8,-1.7,406.7524,2,13.64,0,13,3326,20181213_379_etnp2017_150m_trap.raw,1,1,192,199,,
5,187,ETNP_90,R.GYSFTTTAER.E,Y,31.64,1131.5197,10,0.7,566.7675,2,42.82,4.7E5,13,12333,20181213_379_etnp2017_150m_trap.raw,1,1,116,125,,
5,187,ETNP_90,K.C(+57.02)DVDIR.K,N,29.39,776.3487,6,0.3,389.1817,2,28.07,1.05E6,13,8095,20181213_379_etnp2017_150m_trap.raw,1,1,204,209,Carbamidomethylation,C1:Carbamidomethylation:1000.00
5,187,ETNP_90,L.TEAPLNPK.A,N,25.24,868.4654,8,1.2,435.2405,2,24.87,1.28E7,13,7173,20181213_379_etnp2017_150m_trap.raw,1,1,25,32,,
5,187,ETNP_90,L.LTEAPLNPK.A,N,24.85,981.5494,9,0.6,491.7823,2,35.04,2.15E6,13,10096,20181213_379_etnp2017_150m_trap.raw,1,1,24,32,,
5,187,ETNP_90,K.VVAPPER.K,N,24.16,766.4337,7,1.2,384.2246,2,23.27,1.29E5,13,6690,20181213_379_etnp2017_150m_trap.raw,1,1,248,254,,
5,187,ETNP_90,L.SLYASGR.T,N,17.44,752.3817,7,0.9,377.1985,2,24.60,3.02E5,13,7092,20181213_379_etnp2017_150m_trap.raw,1,1,60,66,,
5,187,ETNP_90,T.EAPLNPK.A,N,17.39,767.4177,7,-0.3,384.7160,2,21.01,1.13E7,13,5978,20181213_379_etnp2017_150m_trap.raw,2,2,26,32,,
5,187,ETNP_90,T.M(+15.99)YPGIGER.M,Y,16.55,937.4327,8,0.1,469.7237,2,36.05,7.32E5,13,10388,20181213_379_etnp2017_150m_trap.raw,1,1,224,231,Oxidation (M),M1:Oxidation (M):1000.00
19,686,WP_012518092,K.AAFSALVEAAK.G,Y,37.58,1076.5865,11,4.6,539.3030,2,62.93,5.28E4,13,18352,20181213_379_etnp2017_150m_trap.raw,1,1,104,114,,
19,686,WP_012518092,R.VAVQAVTK.A,Y,37.47,814.4912,8,1.0,408.2533,2,25.27,8.36E5,13,7294,20181213_379_etnp2017_150m_trap.raw,1,1,34,41,,
19,686,WP_012518092,K.AGQYAYR.D,Y,33.57,827.3926,7,1.2,414.7041,2,24.16,8.38E5,13,6963,20181213_379_etnp2017_150m_trap.raw,1,1,42,48,,
19,687,ETNP14_120,K.AAFSALVEAAK.G,Y,37.58,1076.5865,11,4.6,539.3030,2,62.93,5.28E4,13,18352,20181213_379_etnp2017_150m_trap.raw,1,1,104,114,,
19,687,ETNP14_120,R.VAVQAVTK.A,Y,37.47,814.4912,8,1.0,408.2533,2,25.27,8.36E5,13,7294,20181213_379_etnp2017_150m_trap.raw,1,1,34,41,,
19,687,ETNP14_120,K.AGQYAYR.D,Y,33.57,827.3926,7,1.2,414.7041,2,24.16,8.38E5,13,6963,20181213_379_etnp2017_150m_trap.raw,1,1,42,48,,
18,77,XP_002180656,K.EDAANNYAR.G,Y,42.02,1022.4417,9,1.3,512.2288,2,19.63,4.36E5,13,5521,20181213_379_etnp2017_150m_trap.raw,1,1,97,105,,
18,77,XP_002180656,M.EEGEFSEAR.E,N,29.91,1052.4410,9,1.0,527.2283,2,28.90,4.48E5,13,8319,20181213_379_etnp2017_150m_trap.raw,1,1,414,422,,
18,77,XP_002180656,E.GM(+15.99)EEGEFSEAR.E,N,25.08,1256.4979,11,1.0,629.2569,2,32.00,1.63E5,13,9209,20181213_379_etnp2017_150m_trap.raw,1,1,412,422,Oxidation (M),M2:Oxidation (M):1000.00
6,166,|#CONTAM#K2C1_HUMAN|,R.GENALKDAK.N,Y,27.14,944.4927,9,2.1,473.2546,2,15.71,7.36E4,13,4054,20181213_379_etnp2017_150m_trap.raw,1,1,432,440,,
6,166,|#CONTAM#K2C1_HUMAN|,D.SIIAEVK.A,N,25.66,758.4538,7,0.8,380.2345,2,41.82,7.6E5,13,12049,20181213_379_etnp2017_150m_trap.raw,1,1,348,354,,
6,166,|#CONTAM#K2C1_HUMAN|,R.TTSSSTRR.S,Y,22.62,894.4519,8,-6.8,448.2302,2,19.81,5.09E4,13,5579,20181213_379_etnp2017_150m_trap.raw,1,1,30,37,,
6,166,|#CONTAM#K2C1_HUMAN|,S.TSHTTISGGGSR.G,Y,18.05,1159.5581,12,-2.1,387.5258,3,13.33,5.62E4,13,3236,20181213_379_etnp2017_150m_trap.raw,1,1,506,517,,
6,166,|#CONTAM#K2C1_HUMAN|,F.GAGGGFGSR.S,Y,17.86,764.3565,9,0.4,383.1857,2,20.09,6.91E5,13,5671,20181213_379_etnp2017_150m_trap.raw,1,1,56,64,,
6,166,|#CONTAM#K2C1_HUMAN|,L.QQVDTSTR.T,Y,17.54,933.4515,8,2.4,467.7342,2,15.15,1.88E5,13,3855,20181213_379_etnp2017_150m_trap.raw,1,1,215,222,,
6,166,|#CONTAM#K2C1_HUMAN|,K.DVDGAYM(+15.99)TK.V,Y,16.68,1014.4328,9,1.2,508.2243,2,23.72,1.11E5,13,6827,20181213_379_etnp2017_150m_trap.raw,1,1,289,297,Oxidation (M),M7:Oxidation (M):1000.00
6,166,|#CONTAM#K2C1_HUMAN|,R.SLVNLGGSK.S,Y,16.24,873.4919,9,-1.2,437.7527,2,43.83,3.22E5,13,12629,20181213_379_etnp2017_150m_trap.raw,1,1,65,73,,
6,166,|#CONTAM#K2C1_HUMAN|,L.NVEIDPEIQK.V,Y,15.74,1183.6084,10,0.8,592.8120,2,45.98,6.76E5,13,13239,20181213_379_etnp2017_150m_trap.raw,1,1,165,174,,
16,5,XP_003062500,K.EDAANNFAR.G,Y,36.94,1006.4468,9,0.4,504.2309,2,27.90,3.49E5,13,8048,20181213_379_etnp2017_150m_trap.raw,1,1,97,105,,
16,5,XP_003062500,M.EEGEFSEAR.E,N,29.91,1052.4410,9,1.0,527.2283,2,28.90,4.48E5,13,8319,20181213_379_etnp2017_150m_trap.raw,1,1,414,422,,
16,5,XP_003062500,E.GM(+15.99)EEGEFSEAR.E,N,25.08,1256.4979,11,1.0,629.2569,2,32.00,1.63E5,13,9209,20181213_379_etnp2017_150m_trap.raw,1,1,412,422,Oxidation (M),M2:Oxidation (M):1000.00
16,5,XP_003062500,F.FSETGAGK.H,Y,15.17,795.3762,8,0.0,398.6954,2,18.38,4.57E5,13,5051,20181213_379_etnp2017_150m_trap.raw,1,1,53,60,,
16,6,XP_003058621,K.EDAANNFAR.G,Y,36.94,1006.4468,9,0.4,504.2309,2,27.90,3.49E5,13,8048,20181213_379_etnp2017_150m_trap.raw,1,1,97,105,,
16,6,XP_003058621,M.EEGEFSEAR.E,N,29.91,1052.4410,9,1.0,527.2283,2,28.90,4.48E5,13,8319,20181213_379_etnp2017_150m_trap.raw,1,1,414,422,,
16,6,XP_003058621,E.GM(+15.99)EEGEFSEAR.E,N,25.08,1256.4979,11,1.0,629.2569,2,32.00,1.63E5,13,9209,20181213_379_etnp2017_150m_trap.raw,1,1,412,422,Oxidation (M),M2:Oxidation (M):1000.00
16,6,XP_003058621,F.FSETGAGK.H,Y,15.17,795.3762,8,0.0,398.6954,2,18.38,4.57E5,13,5051,20181213_379_etnp2017_150m_trap.raw,1,1,53,60,,
16,16,XP_003082284,K.EDAANNFAR.G,Y,36.94,1006.4468,9,0.4,504.2309,2,27.90,3.49E5,13,8048,20181213_379_etnp2017_150m_trap.raw,1,1,104,112,,
16,16,XP_003082284,M.EEGEFSEAR.E,N,29.91,1052.4410,9,1.0,527.2283,2,28.90,4.48E5,13,8319,20181213_379_etnp2017_150m_trap.raw,1,1,421,429,,
16,16,XP_003082284,E.GM(+15.99)EEGEFSEAR.E,N,25.08,1256.4979,11,1.0,629.2569,2,32.00,1.63E5,13,9209,20181213_379_etnp2017_150m_trap.raw,1,1,419,429,Oxidation (M),M2:Oxidation (M):1000.00
16,16,XP_003082284,F.FSETGAGK.H,Y,15.17,795.3762,8,0.0,398.6954,2,18.38,4.57E5,13,5051,20181213_379_etnp2017_150m_trap.raw,1,1,60,67,,
16,17,XP_003080933,K.EDAANNFAR.G,Y,36.94,1006.4468,9,0.4,504.2309,2,27.90,3.49E5,13,8048,20181213_379_etnp2017_150m_trap.raw,1,1,121,129,,
16,17,XP_003080933,M.EEGEFSEAR.E,N,29.91,1052.4410,9,1.0,527.2283,2,28.90,4.48E5,13,8319,20181213_379_etnp2017_150m_trap.raw,1,1,438,446,,
16,17,XP_003080933,E.GM(+15.99)EEGEFSEAR.E,N,25.08,1256.4979,11,1.0,629.2569,2,32.00,1.63E5,13,9209,20181213_379_etnp2017_150m_trap.raw,1,1,436,446,Oxidation (M),M2:Oxidation (M):1000.00
16,17,XP_003080933,F.FSETGAGK.H,Y,15.17,795.3762,8,0.0,398.6954,2,18.38,4.57E5,13,5051,20181213_379_etnp2017_150m_trap.raw,1,1,77,84,,
11,1069,ETNP14_120,E.EAGAEVEIK,N,29.86,944.4814,9,2.0,473.2489,2,31.94,1.23E6,13,9191,20181213_379_etnp2017_150m_trap.raw,1,1,117,125,,
11,1069,ETNP14_120,T.AGGDAAAAEEK.T,Y,29.26,988.4461,11,-0.1,495.2303,2,13.71,7.25E4,13,3346,20181213_379_etnp2017_150m_trap.raw,1,1,46,56,,
11,1069,ETNP14_120,K.EVVESAPK.A,Y,26.65,857.4494,8,-0.2,429.7319,2,21.06,2.39E6,13,6000,20181213_379_etnp2017_150m_trap.raw,1,1,90,97,,
11,1069,ETNP14_120,K.DEAEALKK.E,Y,26.46,902.4709,8,4.4,452.2447,2,18.00,2.38E5,13,4917,20181213_379_etnp2017_150m_trap.raw,1,1,106,113,,
11,1069,ETNP14_120,K.AIKEGVSK.D,Y,20.26,830.4861,8,-0.4,416.2502,2,13.64,9.36E4,13,3325,20181213_379_etnp2017_150m_trap.raw,1,1,98,105,,
11,1070,WP_015068303,E.EAGAEVEIK,N,29.86,944.4814,9,2.0,473.2489,2,31.94,1.23E6,13,9191,20181213_379_etnp2017_150m_trap.raw,1,1,117,125,,
11,1070,WP_015068303,A.AGGDAAAAEEK.T,Y,29.26,988.4461,11,-0.1,495.2303,2,13.71,7.25E4,13,3346,20181213_379_etnp2017_150m_trap.raw,1,1,46,56,,
11,1070,WP_015068303,K.EVVESAPK.A,Y,26.65,857.4494,8,-0.2,429.7319,2,21.06,2.39E6,13,6000,20181213_379_etnp2017_150m_trap.raw,1,1,90,97,,
11,1070,WP_015068303,K.DEAEALKK.E,Y,26.46,902.4709,8,4.4,452.2447,2,18.00,2.38E5,13,4917,20181213_379_etnp2017_150m_trap.raw,1,1,106,113,,
11,1070,WP_015068303,K.AIKEGVSK.D,Y,20.26,830.4861,8,-0.4,416.2502,2,13.64,9.36E4,13,3325,20181213_379_etnp2017_150m_trap.raw,1,1,98,105,,
10,1763,ETNP_300,N.SAGTGSGGGIR.L,Y,31.36,918.4519,11,0.2,460.2333,2,15.40,1.2E5,13,3946,20181213_379_etnp2017_150m_trap.raw,1,1,1702,1712,,
10,1763,ETNP_300,A.GEEWEPGIPR.V,Y,27.65,1168.5513,10,-3.1,585.2811,2,54.80,2.08E5,13,15872,20181213_379_etnp2017_150m_trap.raw,1,1,619,628,,
10,1763,ETNP_300,E.DLETGTLLVR.R,Y,18.20,1115.6187,10,2.1,558.8177,2,61.89,1.31E5,13,18036,20181213_379_etnp2017_150m_trap.raw,1,1,1115,1124,,
10,1763,ETNP_300,R.FVDGVPGIER.V,Y,17.44,1087.5662,10,0.4,544.7906,2,54.52,1.01E5,13,15791,20181213_379_etnp2017_150m_trap.raw,1,1,1020,1029,,
10,1763,ETNP_300,R.TYNQARPA.V,Y,17.33,919.4512,8,2.0,460.7338,2,18.13,9.21E4,13,4963,20181213_379_etnp2017_150m_trap.raw,1,1,754,761,,
35,2026,ETNP_160,L.LEEYGGANGPSGITNR.Q,Y,42.20,1633.7695,16,0.1,817.8921,2,41.79,3.29E4,13,12039,20181213_379_etnp2017_150m_trap.raw,1,1,137,152,,
35,2026,ETNP_160,L.EEYGGANGPSGITNR.Q,Y,33.04,1520.6855,15,-1.7,761.3488,2,35.55,1.55E5,13,10242,20181213_379_etnp2017_150m_trap.raw,1,1,138,152,,
35,2027,ETNP_120,L.LEEYGGANGPSGITNR.M,Y,42.20,1633.7695,16,0.1,817.8921,2,41.79,3.29E4,13,12039,20181213_379_etnp2017_150m_trap.raw,1,1,137,152,,
35,2027,ETNP_120,L.EEYGGANGPSGITNR.M,Y,33.04,1520.6855,15,-1.7,761.3488,2,35.55,1.55E5,13,10242,20181213_379_etnp2017_150m_trap.raw,1,1,138,152,,
35,2028,ETNP_120,L.LEEYGGANGPSGITNR.L,Y,42.20,1633.7695,16,0.1,817.8921,2,41.79,3.29E4,13,12039,20181213_379_etnp2017_150m_trap.raw,1,1,137,152,,
35,2028,ETNP_120,L.EEYGGANGPSGITNR.L,Y,33.04,1520.6855,15,-1.7,761.3488,2,35.55,1.55E5,13,10242,20181213_379_etnp2017_150m_trap.raw,1,1,138,152,,
35,2025,ETNP_180,L.LEEYGGANGPSGITNR.Q,Y,42.20,1633.7695,16,0.1,817.8921,2,41.79,3.29E4,13,12039,20181213_379_etnp2017_150m_trap.raw,1,1,137,152,,
35,2025,ETNP_180,L.EEYGGANGPSGITNR.Q,Y,33.04,1520.6855,15,-1.7,761.3488,2,35.55,1.55E5,13,10242,20181213_379_etnp2017_150m_trap.raw,1,1,138,152,,
14,1210,WP_012516957,R.ALQVTAGTK.K,Y,32.44,887.5076,9,1.0,444.7615,2,27.40,9.39E5,13,7910,20181213_379_etnp2017_150m_trap.raw,1,1,48,56,,
14,1210,WP_012516957,R.TEESDGYR.A,Y,27.04,955.3883,8,-0.6,478.7011,2,17.02,1.09E5,13,4552,20181213_379_etnp2017_150m_trap.raw,1,1,40,47,,
14,1210,WP_012516957,R.VDVENGLILVK.G,Y,21.57,1197.6969,11,1.5,599.8566,2,65.90,4.33E5,13,19290,20181213_379_etnp2017_150m_trap.raw,1,1,183,193,,
14,1210,WP_012516957,D.VENGLILVK.G,Y,15.79,983.6015,9,2.1,492.8091,2,56.22,3.46E5,13,16301,20181213_379_etnp2017_150m_trap.raw,1,1,185,193,,
17,1455,WP_012516958,R.SPIWVGGGR.A,Y,33.47,927.4926,9,0.5,464.7538,2,49.80,3.62E5,13,14348,20181213_379_etnp2017_150m_trap.raw,1,1,75,83,,
17,1455,WP_012516958,R.AFAAKPR.D,Y,26.33,759.4391,7,-0.9,380.7265,2,17.11,1.95E4,13,4586,20181213_379_etnp2017_150m_trap.raw,1,1,84,90,,
17,1455,WP_012516958,L.EVSEATFGR.E,Y,15.66,994.4719,9,-1.6,498.2425,2,37.22,5.77E5,13,10720,20181213_379_etnp2017_150m_trap.raw,1,1,13,21,,
20,1898,WP_012516962,K.ALEVLAYSPK.K,Y,32.92,1089.6069,10,2.0,545.8118,2,59.85,5.02E4,13,17425,20181213_379_etnp2017_150m_trap.raw,1,1,32,41,,
20,1898,WP_012516962,R.LVADQIR.G,Y,24.13,813.4708,7,1.2,407.7432,2,34.06,1.41E6,13,9804,20181213_379_etnp2017_150m_trap.raw,1,1,19,25,,
20,1898,WP_012516962,K.VLESAIANAEHNE.G,Y,15.33,1395.6630,13,1.6,698.8398,2,46.92,2.12E5,13,13494,20181213_379_etnp2017_150m_trap.raw,1,1,50,62,,
34,154115,WP_012519212,K.LFNELGPR.Y,Y,35.99,944.5079,8,0.9,473.2617,2,53.30,6.72E5,13,15407,20181213_379_etnp2017_150m_trap.raw,1,1,79,86,,
34,154115,WP_012519212,Y.VELVDRPVVEAE.E,Y,24.91,1353.7140,12,1.9,677.8655,2,52.52,1.14E5,13,15166,20181213_379_etnp2017_150m_trap.raw,1,1,113,124,,
34,154116,ETNP14_68,K.LFNELGPR.Y,Y,35.99,944.5079,8,0.9,473.2617,2,53.30,6.72E5,13,15407,20181213_379_etnp2017_150m_trap.raw,1,1,79,86,,
34,154116,ETNP14_68,Y.VELVDRPVVEAE.E,Y,24.91,1353.7140,12,1.9,677.8655,2,52.52,1.14E5,13,15166,20181213_379_etnp2017_150m_trap.raw,1,1,113,124,,
34,154117,ETNP14_120,K.LFNELGPR.Y,Y,35.99,944.5079,8,0.9,473.2617,2,53.30,6.72E5,13,15407,20181213_379_etnp2017_150m_trap.raw,1,1,79,86,,
34,154117,ETNP14_120,Y.VELVDRPVVEAE.E,Y,24.91,1353.7140,12,1.9,677.8655,2,52.52,1.14E5,13,15166,20181213_379_etnp2017_150m_trap.raw,1,1,113,124,,
27,722,XP_003056674,K.AVDSLVPIGR.G,Y,36.51,1025.5869,10,1.2,513.8013,2,56.52,2.39E5,13,16390,20181213_379_etnp2017_150m_trap.raw,1,1,203,212,,
27,722,XP_003056674,R.ELIIGDR.Q,N,21.80,814.4548,7,1.1,408.2351,2,44.92,5.95E5,13,12936,20181213_379_etnp2017_150m_trap.raw,1,1,216,222,,
27,724,ETNP_70,K.AVDSLVPIGR.G,Y,36.51,1025.5869,10,1.2,513.8013,2,56.52,2.39E5,13,16390,20181213_379_etnp2017_150m_trap.raw,1,1,152,161,,
27,724,ETNP_70,R.ELIIGDR.Q,N,21.80,814.4548,7,1.1,408.2351,2,44.92,5.95E5,13,12936,20181213_379_etnp2017_150m_trap.raw,1,1,165,171,,
27,1315,BAI73132.1,K.AVDSLVPIGR.G,Y,36.51,1025.5869,10,1.2,513.8013,2,56.52,2.39E5,13,16390,20181213_379_etnp2017_150m_trap.raw,1,1,152,161,,
27,1315,BAI73132.1,R.ELIIGDR.Q,N,21.80,814.4548,7,1.1,408.2351,2,44.92,5.95E5,13,12936,20181213_379_etnp2017_150m_trap.raw,1,1,165,171,,
52,1830,ETNP14_120,R.GTPEYNIALGER.R,Y,39.13,1318.6517,12,-0.6,660.3328,2,53.08,5.19E5,13,15339,20181213_379_etnp2017_150m_trap.raw,1,1,127,138,,
52,1830,ETNP14_120,R.EAEAQRVK.A,Y,15.41,929.4930,8,4.0,465.7556,2,52.91,1.76E4,13,15285,20181213_379_etnp2017_150m_trap.raw,1,1,51,58,,
15,154122,CAI87946.1,R.AGENIGALLR.G,Y,25.69,1012.5665,10,-14.4,507.2833,2,61.41,0,13,17889,20181213_379_etnp2017_150m_trap.raw,1,1,271,280,,
15,154122,CAI87946.1,L.DSYIPEPER.D,N,18.58,1104.5087,9,1.6,553.2625,2,43.18,1.39E6,13,12436,20181213_379_etnp2017_150m_trap.raw,1,1,197,205,,
15,154122,CAI87946.1,A.ATDGPM(+15.99)PQTR.E,N,17.53,1088.4921,10,0.0,545.2533,2,16.50,2.76E5,13,4357,20181213_379_etnp2017_150m_trap.raw,1,1,108,117,Oxidation (M),M6:Oxidation (M):1000.00
15,154122,CAI87946.1,L.ELVEM(+15.99)EVR.E,N,15.94,1019.4957,8,0.9,510.7556,2,35.41,1.94E5,13,10201,20181213_379_etnp2017_150m_trap.raw,1,1,148,155,Oxidation (M),M5:Oxidation (M):1000.00
28,621,ETNP_60,R.AGLQFPVGR.V,Y,37.19,943.5239,9,0.1,472.7693,2,57.56,1.93E6,13,16714,20181213_379_etnp2017_150m_trap.raw,1,1,21,29,,
28,621,ETNP_60,A.QGGVLPNIQ.A,Y,15.01,924.5029,9,0.2,463.2588,2,56.36,1.45E6,13,16343,20181213_379_etnp2017_150m_trap.raw,1,1,104,112,,
28,365,ETNP_100,R.AGLQFPVGR.V,Y,37.19,943.5239,9,0.1,472.7693,2,57.56,1.93E6,13,16714,20181213_379_etnp2017_150m_trap.raw,1,1,21,29,,
28,365,ETNP_100,A.QGGVLPNIQ.A,Y,15.01,924.5029,9,0.2,463.2588,2,56.36,1.45E6,13,16343,20181213_379_etnp2017_150m_trap.raw,1,1,104,112,,
28,582,ETNP_70,R.AGLQFPVGR.I,Y,37.19,943.5239,9,0.1,472.7693,2,57.56,1.93E6,13,16714,20181213_379_etnp2017_150m_trap.raw,1,1,21,29,,
28,582,ETNP_70,A.QGGVLPNIQ.A,Y,15.01,924.5029,9,0.2,463.2588,2,56.36,1.45E6,13,16343,20181213_379_etnp2017_150m_trap.raw,1,1,104,112,,
41,154118,WP_012516960,R.DGNYVTLR.L,Y,35.31,936.4665,8,3.2,469.2420,2,41.61,3.68E5,13,11985,20181213_379_etnp2017_150m_trap.raw,1,1,168,175,,
41,154118,WP_012516960,R.LEYDPNR.S,Y,18.69,905.4243,7,0.2,453.7195,2,29.80,5.24E5,13,8586,20181213_379_etnp2017_150m_trap.raw,1,1,81,87,,
53,1679,ETNP_120,K.NNPIFIGEAGVGK.T,Y,43.89,1314.6931,13,-3.7,439.2367,3,50.75,1.33E6,13,14633,20181213_379_etnp2017_150m_trap.raw,2,2,209,221,,
198,1502,ETNP_300,R.IINVIGDPIDER.G,Y,42.08,1352.7300,12,-1.6,677.3712,2,64.67,1.18E5,13,18897,20181213_379_etnp2017_150m_trap.raw,1,1,90,101,,
198,344,ETNP_300,R.IINVIGDPIDER.G,Y,42.08,1352.7300,12,-1.6,677.3712,2,64.67,1.18E5,13,18897,20181213_379_etnp2017_150m_trap.raw,1,1,90,101,,
199,1768,WP_020743101,R.QASSEAYGR.I,Y,41.11,967.4359,9,1.0,484.7257,2,16.92,1.68E5,13,4516,20181213_379_etnp2017_150m_trap.raw,1,1,116,124,,
29,799,XP_002185730,Q.AGQC(+57.02)GNQIGAK.F,Y,28.32,1102.5189,11,-0.5,552.2665,2,16.85,5.91E5,13,4492,20181213_379_etnp2017_150m_trap.raw,1,1,9,19,Carbamidomethylation,C4:Carbamidomethylation:1000.00
29,799,XP_002185730,A.GQC(+57.02)GNQIGAK.F,N,25.41,1031.4818,10,1.6,516.7490,2,15.80,2.41E5,13,4083,20181213_379_etnp2017_150m_trap.raw,1,1,10,19,Carbamidomethylation,C3:Carbamidomethylation:1000.00
29,432,XP_003074279,Q.AGQC(+57.02)GNQIGAK.F,Y,28.32,1102.5189,11,-0.5,552.2665,2,16.85,5.91E5,13,4492,20181213_379_etnp2017_150m_trap.raw,1,1,34,44,Carbamidomethylation,C4:Carbamidomethylation:1000.00
29,432,XP_003074279,A.GQC(+57.02)GNQIGAK.F,N,25.41,1031.4818,10,1.6,516.7490,2,15.80,2.41E5,13,4083,20181213_379_etnp2017_150m_trap.raw,1,1,35,44,Carbamidomethylation,C3:Carbamidomethylation:1000.00
54,2420,WP_012843610,E.EAGAEVEIK,N,29.86,944.4814,9,2.0,473.2489,2,31.94,1.23E6,13,9191,20181213_379_etnp2017_150m_trap.raw,1,1,118,126,,
54,2420,WP_012843610,K.EEAEQIK.A,Y,21.23,845.4130,7,-0.8,423.7135,2,17.47,5.41E5,13,4721,20181213_379_etnp2017_150m_trap.raw,1,1,107,113,,
56,1191,WP_012520216,E.AGPIGEEER.M,Y,28.13,956.4563,9,0.8,479.2358,2,25.22,6.83E5,13,7280,20181213_379_etnp2017_150m_trap.raw,1,1,100,108,,
56,1191,WP_012520216,L.GNPIDEAGPIGEEER.M,Y,23.66,1581.7271,15,0.4,791.8712,2,48.53,0,13,13975,20181213_379_etnp2017_150m_trap.raw,1,1,94,108,,
42,154146,WP_041703218,T.AAPVVAPK.E,Y,30.60,751.4592,8,0.8,376.7372,2,24.05,1.05E5,13,6930,20181213_379_etnp2017_150m_trap.raw,1,1,530,537,,
42,154146,WP_041703218,K.FEGRPNIK.D,Y,18.56,959.5188,8,12.2,480.7725,2,29.29,7.31E4,13,8435,20181213_379_etnp2017_150m_trap.raw,1,1,81,88,,
13,42,ETNP_100,R.LLLPGELAK.H,Y,19.40,952.5957,9,1.3,477.3058,2,63.63,3.55E6,13,18576,20181213_379_etnp2017_150m_trap.raw,1,1,42,50,,
13,42,ETNP_100,K.AVTKYTSS.K,Y,18.60,855.4338,8,0.8,428.7245,2,18.56,3E5,13,5126,20181213_379_etnp2017_150m_trap.raw,1,1,59,66,,
13,42,ETNP_100,H.AVSEGTKAVT.K,Y,18.40,961.5080,10,1.1,481.7618,2,19.93,1.05E5,13,5618,20181213_379_etnp2017_150m_trap.raw,1,1,52,61,,
13,42,ETNP_100,F.VNDIFER.I,Y,15.27,891.4450,7,1.3,446.7304,2,47.55,8.5E5,13,13679,20181213_379_etnp2017_150m_trap.raw,1,1,8,14,,
22,65,XP_003074685,K.VFLENVIR.D,Y,26.98,988.5706,8,1.5,495.2933,2,66.56,2.26E5,13,19493,20181213_379_etnp2017_150m_trap.raw,1,1,210,217,,
22,65,XP_003074685,R.DNIQGITKPA.I,Y,20.85,1055.5610,10,0.4,528.7880,2,36.97,1.58E5,13,10649,20181213_379_etnp2017_150m_trap.raw,1,1,174,183,,
22,49,ETNP_100,K.VFLENVIR.D,Y,26.98,988.5706,8,1.5,495.2933,2,66.56,2.26E5,13,19493,20181213_379_etnp2017_150m_trap.raw,1,1,61,68,,
22,49,ETNP_100,R.DNIQGITKPA.I,Y,20.85,1055.5610,10,0.4,528.7880,2,36.97,1.58E5,13,10649,20181213_379_etnp2017_150m_trap.raw,1,1,25,34,,
22,60,XP_003063038,K.VFLENVIR.D,Y,26.98,988.5706,8,1.5,495.2933,2,66.56,2.26E5,13,19493,20181213_379_etnp2017_150m_trap.raw,1,1,61,68,,
22,60,XP_003063038,R.DNIQGITKPA.I,Y,20.85,1055.5610,10,0.4,528.7880,2,36.97,1.58E5,13,10649,20181213_379_etnp2017_150m_trap.raw,1,1,25,34,,
22,73,ETNP_90,K.VFLENVIR.D,Y,26.98,988.5706,8,1.5,495.2933,2,66.56,2.26E5,13,19493,20181213_379_etnp2017_150m_trap.raw,1,1,61,68,,
22,73,ETNP_90,R.DNIQGITKPA.I,Y,20.85,1055.5610,10,0.4,528.7880,2,36.97,1.58E5,13,10649,20181213_379_etnp2017_150m_trap.raw,1,1,25,34,,
22,61,ETNP_70,K.VFLENVIR.D,Y,26.98,988.5706,8,1.5,495.2933,2,66.56,2.26E5,13,19493,20181213_379_etnp2017_150m_trap.raw,1,1,61,68,,
22,61,ETNP_70,R.DNIQGITKPA.I,Y,20.85,1055.5610,10,0.4,528.7880,2,36.97,1.58E5,13,10649,20181213_379_etnp2017_150m_trap.raw,1,1,25,34,,
22,71,ETNP_70,K.VFLENVIR.D,Y,26.98,988.5706,8,1.5,495.2933,2,66.56,2.26E5,13,19493,20181213_379_etnp2017_150m_trap.raw,1,1,61,68,,
22,71,ETNP_70,R.DNIQGITKPA.I,Y,20.85,1055.5610,10,0.4,528.7880,2,36.97,1.58E5,13,10649,20181213_379_etnp2017_150m_trap.raw,1,1,25,34,,
22,35,XP_002179286,K.VFLENVIR.D,Y,26.98,988.5706,8,1.5,495.2933,2,66.56,2.26E5,13,19493,20181213_379_etnp2017_150m_trap.raw,1,1,61,68,,
22,35,XP_002179286,R.DNIQGITKPA.I,Y,20.85,1055.5610,10,0.4,528.7880,2,36.97,1.58E5,13,10649,20181213_379_etnp2017_150m_trap.raw,1,1,25,34,,
22,37,EJK69577,K.VFLENVIR.D,Y,26.98,988.5706,8,1.5,495.2933,2,66.56,2.26E5,13,19493,20181213_379_etnp2017_150m_trap.raw,1,1,61,68,,
22,37,EJK69577,R.DNIQGITKPA.I,Y,20.85,1055.5610,10,0.4,528.7880,2,36.97,1.58E5,13,10649,20181213_379_etnp2017_150m_trap.raw,1,1,25,34,,
22,62,XP_003061514,K.VFLENVIR.D,Y,26.98,988.5706,8,1.5,495.2933,2,66.56,2.26E5,13,19493,20181213_379_etnp2017_150m_trap.raw,1,1,61,68,,
22,62,XP_003061514,R.DNIQGITKPA.I,Y,20.85,1055.5610,10,0.4,528.7880,2,36.97,1.58E5,13,10649,20181213_379_etnp2017_150m_trap.raw,1,1,25,34,,
22,58,ETNP_120,K.VFLENVIR.D,Y,26.98,988.5706,8,1.5,495.2933,2,66.56,2.26E5,13,19493,20181213_379_etnp2017_150m_trap.raw,1,1,61,68,,
22,58,ETNP_120,R.DNIQGITKPA.I,Y,20.85,1055.5610,10,0.4,528.7880,2,36.97,1.58E5,13,10649,20181213_379_etnp2017_150m_trap.raw,1,1,25,34,,
22,72,ETNP14_68,K.VFLENVIR.D,Y,26.98,988.5706,8,1.5,495.2933,2,66.56,2.26E5,13,19493,20181213_379_etnp2017_150m_trap.raw,1,1,61,68,,
22,72,ETNP14_68,R.DNIQGITKPA.I,Y,20.85,1055.5610,10,0.4,528.7880,2,36.97,1.58E5,13,10649,20181213_379_etnp2017_150m_trap.raw,1,1,25,34,,
22,36,XP_002179505,K.VFLENVIR.D,Y,26.98,988.5706,8,1.5,495.2933,2,66.56,2.26E5,13,19493,20181213_379_etnp2017_150m_trap.raw,1,1,61,68,,
22,36,XP_002179505,R.DNIQGITKPA.I,Y,20.85,1055.5610,10,0.4,528.7880,2,36.97,1.58E5,13,10649,20181213_379_etnp2017_150m_trap.raw,1,1,25,34,,
22,59,XP_003061756,K.VFLENVIR.D,Y,26.98,988.5706,8,1.5,495.2933,2,66.56,2.26E5,13,19493,20181213_379_etnp2017_150m_trap.raw,1,1,61,68,,
22,59,XP_003061756,R.DNIQGITKPA.I,Y,20.85,1055.5610,10,0.4,528.7880,2,36.97,1.58E5,13,10649,20181213_379_etnp2017_150m_trap.raw,1,1,25,34,,
22,63,XP_003059520,K.VFLENVIR.D,Y,26.98,988.5706,8,1.5,495.2933,2,66.56,2.26E5,13,19493,20181213_379_etnp2017_150m_trap.raw,1,1,61,68,,
22,63,XP_003059520,R.DNIQGITKPA.I,Y,20.85,1055.5610,10,0.4,528.7880,2,36.97,1.58E5,13,10649,20181213_379_etnp2017_150m_trap.raw,1,1,25,34,,
22,38,EJK72475,K.VFLENVIR.D,Y,26.98,988.5706,8,1.5,495.2933,2,66.56,2.26E5,13,19493,20181213_379_etnp2017_150m_trap.raw,1,1,75,82,,
22,38,EJK72475,R.DNIQGITKPA.I,Y,20.85,1055.5610,10,0.4,528.7880,2,36.97,1.58E5,13,10649,20181213_379_etnp2017_150m_trap.raw,1,1,39,48,,
22,39,EJK63755,K.VFLENVIR.D,Y,26.98,988.5706,8,1.5,495.2933,2,66.56,2.26E5,13,19493,20181213_379_etnp2017_150m_trap.raw,1,1,332,339,,
22,39,EJK63755,R.DNIQGITKPA.I,Y,20.85,1055.5610,10,0.4,528.7880,2,36.97,1.58E5,13,10649,20181213_379_etnp2017_150m_trap.raw,1,1,296,305,,
123,779,XP_002181593,K.IGGIGTVPVGR.V,Y,35.07,1024.6029,11,1.2,513.3093,2,48.23,6.57E5,13,13881,20181213_379_etnp2017_150m_trap.raw,1,1,244,254,,
123,780,XP_002186303,K.IGGIGTVPVGR.V,Y,35.07,1024.6029,11,1.2,513.3093,2,48.23,6.57E5,13,13881,20181213_379_etnp2017_150m_trap.raw,1,1,244,254,,
123,1466,EJK44533,K.IGGIGTVPVGR.V,Y,35.07,1024.6029,11,1.2,513.3093,2,48.23,6.57E5,13,13881,20181213_379_etnp2017_150m_trap.raw,1,1,240,250,,
83,4,ETNP_100,M.QSVEPVLENAIK.T,Y,34.24,1325.7190,12,0.5,663.8671,2,58.52,6.1E5,13,17019,20181213_379_etnp2017_150m_trap.raw,1,1,22,33,,
83,31,ETNP_100,M.QSVEPVLENAIK.T,Y,34.24,1325.7190,12,0.5,663.8671,2,58.52,6.1E5,13,17019,20181213_379_etnp2017_150m_trap.raw,1,1,9,20,,
45,154215,ETNP14_120,V.NVGDEINVK.V,Y,25.33,986.5032,9,1.4,494.2596,2,37.32,6.4E5,13,10747,20181213_379_etnp2017_150m_trap.raw,1,1,14,22,,
45,154215,ETNP14_120,K.EAIDKVNQQ.E,Y,16.93,1043.5247,9,1.3,522.7703,2,22.33,2.65E5,13,6407,20181213_379_etnp2017_150m_trap.raw,1,1,307,315,,
30,180,ETNP_100,G.GQC(+57.02)GNQIGAK.F,N,25.41,1031.4818,10,1.6,516.7490,2,15.80,2.41E5,13,4083,20181213_379_etnp2017_150m_trap.raw,1,1,10,19,Carbamidomethylation,C3:Carbamidomethylation:1000.00
30,180,ETNP_100,Y.YNEATGGR.Y,Y,16.42,866.3882,8,-0.2,434.2013,2,14.44,4.98E4,13,3590,20181213_379_etnp2017_150m_trap.raw,1,1,51,58,,
37,154227,KJS05742,P.ENSVVPEK.F,Y,24.40,900.4552,8,0.2,451.2350,2,18.82,1.55E5,13,5220,20181213_379_etnp2017_150m_trap.raw,1,1,65,72,,
37,154227,KJS05742,M(+15.99)YNYIK.K,Y,18.40,846.3946,6,9.1,424.2084,2,24.60,6.48E5,13,7096,20181213_379_etnp2017_150m_trap.raw,1,1,1,6,Oxidation (M),M1:Oxidation (M):1000.00
58,388,EJK62831,L.SDYNIQK.E,Y,24.56,866.4134,7,0.5,434.2142,2,25.46,1.55E5,13,7349,20181213_379_etnp2017_150m_trap.raw,1,1,144,150,,
58,388,EJK62831,G.MQIFVK.T,Y,17.66,764.4255,6,-0.4,383.2198,2,51.79,8.37E4,13,14951,20181213_379_etnp2017_150m_trap.raw,1,1,164,169,,
58,411,XP_002180198,L.SDYNIQK.E,Y,24.56,866.4134,7,0.5,434.2142,2,25.46,1.55E5,13,7349,20181213_379_etnp2017_150m_trap.raw,1,1,57,63,,
58,411,XP_002180198,MQIFVK.T,Y,17.66,764.4255,6,-0.4,383.2198,2,51.79,8.37E4,13,14951,20181213_379_etnp2017_150m_trap.raw,1,1,1,6,,
58,412,XP_002180197,L.SDYNIQK.E,Y,24.56,866.4134,7,0.5,434.2142,2,25.46,1.55E5,13,7349,20181213_379_etnp2017_150m_trap.raw,1,1,57,63,,
58,412,XP_002180197,MQIFVK.T,Y,17.66,764.4255,6,-0.4,383.2198,2,51.79,8.37E4,13,14951,20181213_379_etnp2017_150m_trap.raw,1,1,1,6,,
43,154148,EJK44086,R.TIGNLVR.G,Y,33.35,771.4603,7,0.4,386.7375,2,33.41,3.56E5,13,9623,20181213_379_etnp2017_150m_trap.raw,2,2,639,645,,
36,86401,|#CONTAM#K22E_HUMAN|,D.SIIAEVK.A,N,25.66,758.4538,7,0.8,380.2345,2,41.82,7.6E5,13,12049,20181213_379_etnp2017_150m_trap.raw,1,1,353,359,,
36,86401,|#CONTAM#K22E_HUMAN|,L.NVKVDPEIQ.N,Y,15.11,1040.5502,9,3.5,521.2842,2,38.88,4.96E5,13,11202,20181213_379_etnp2017_150m_trap.raw,1,1,170,178,,
46,154221,ETNP14_120,K.VDATGC(+57.02)AIK.D,Y,23.56,933.4589,9,0.9,467.7372,2,25.13,4.9E4,13,7254,20181213_379_etnp2017_150m_trap.raw,1,1,229,237,Carbamidomethylation,C6:Carbamidomethylation:1000.00
46,154221,ETNP14_120,R.LETIGYGETQLLDNGK.N,Y,19.06,1749.8784,16,0.8,875.9471,2,64.08,1.99E4,13,18721,20181213_379_etnp2017_150m_trap.raw,1,1,352,367,,
200,661,|#CONTAM#K1C10_HUMAN|,S.SSGSVGESSSKGP.R,Y,33.01,1164.5259,13,0.3,583.2704,2,16.63,3.98E5,13,4411,20181213_379_etnp2017_150m_trap.raw,1,1,579,591,,
12,86685,virus_CCADEAMM_08784,R.TVADVER.A,Y,22.07,788.4028,7,5.4,395.2108,2,21.33,0,13,6089,20181213_379_etnp2017_150m_trap.raw,1,1,2639,2645,,
12,86685,virus_CCADEAMM_08784,K.TLPPM(+15.99)DK.A,Y,20.74,816.4052,7,-2.5,409.2088,2,32.10,2.52E6,13,9238,20181213_379_etnp2017_150m_trap.raw,3,3,1141,1147,Oxidation (M),M5:Oxidation (M):1000.00
201,154162,ETNP_140,F.SESAVTEAETALSR.I,Y,32.38,1449.6947,14,2.4,725.8564,2,51.43,5.01E5,13,14839,20181213_379_etnp2017_150m_trap.raw,1,1,42,55,,
201,154163,ETNP_180,F.SESAVTEAETALSR.I,Y,32.38,1449.6947,14,2.4,725.8564,2,51.43,5.01E5,13,14839,20181213_379_etnp2017_150m_trap.raw,1,1,42,55,,
201,154164,ETNP_120,F.SESAVTEAETALSR.I,Y,32.38,1449.6947,14,2.4,725.8564,2,51.43,5.01E5,13,14839,20181213_379_etnp2017_150m_trap.raw,1,1,42,55,,
23,154219,CAI87975.1,E.TDEDSGETILK.G,Y,21.92,1206.5615,11,-2.8,604.2864,2,38.65,1.42E5,13,11135,20181213_379_etnp2017_150m_trap.raw,1,1,438,448,,
23,154219,CAI87975.1,D.EDSGETILK.G,Y,19.52,990.4869,9,3.8,496.2526,2,35.42,1.92E5,13,10205,20181213_379_etnp2017_150m_trap.raw,1,1,440,448,,
23,154220,WP_012518014,E.TDEDSGETILK.G,Y,21.92,1206.5615,11,-2.8,604.2864,2,38.65,1.42E5,13,11135,20181213_379_etnp2017_150m_trap.raw,1,1,439,449,,
23,154220,WP_012518014,D.EDSGETILK.G,Y,19.52,990.4869,9,3.8,496.2526,2,35.42,1.92E5,13,10205,20181213_379_etnp2017_150m_trap.raw,1,1,441,449,,
23,154223,WP_007230926,E.TDEDSGETILK.G,Y,21.92,1206.5615,11,-2.8,604.2864,2,38.65,1.42E5,13,11135,20181213_379_etnp2017_150m_trap.raw,1,1,438,448,,
23,154223,WP_007230926,D.EDSGETILK.G,Y,19.52,990.4869,9,3.8,496.2526,2,35.42,1.92E5,13,10205,20181213_379_etnp2017_150m_trap.raw,1,1,440,448,,
23,154224,WP_018971144,E.TDEDSGETILK.G,Y,21.92,1206.5615,11,-2.8,604.2864,2,38.65,1.42E5,13,11135,20181213_379_etnp2017_150m_trap.raw,1,1,440,450,,
23,154224,WP_018971144,D.EDSGETILK.G,Y,19.52,990.4869,9,3.8,496.2526,2,35.42,1.92E5,13,10205,20181213_379_etnp2017_150m_trap.raw,1,1,442,450,,
23,154225,WP_011467413.1,E.TDEDSGETILK.G,Y,21.92,1206.5615,11,-2.8,604.2864,2,38.65,1.42E5,13,11135,20181213_379_etnp2017_150m_trap.raw,1,1,438,448,,
23,154225,WP_011467413.1,D.EDSGETILK.G,Y,19.52,990.4869,9,3.8,496.2526,2,35.42,1.92E5,13,10205,20181213_379_etnp2017_150m_trap.raw,1,1,440,448,,
23,154355,ETNP14_68,E.TDEDSGETILK.G,Y,21.92,1206.5615,11,-2.8,604.2864,2,38.65,1.42E5,13,11135,20181213_379_etnp2017_150m_trap.raw,1,1,158,168,,
23,154355,ETNP14_68,D.EDSGETILK.G,Y,19.52,990.4869,9,3.8,496.2526,2,35.42,1.92E5,13,10205,20181213_379_etnp2017_150m_trap.raw,1,1,160,168,,
23,154521,ETNP14_68,A.TDEDSGETIIK.G,Y,21.92,1206.5615,11,-2.8,604.2864,2,38.65,1.42E5,13,11135,20181213_379_etnp2017_150m_trap.raw,1,1,124,134,,
23,154521,ETNP14_68,D.EDSGETIIK.G,Y,19.52,990.4869,9,3.8,496.2526,2,35.42,1.92E5,13,10205,20181213_379_etnp2017_150m_trap.raw,1,1,126,134,,
125,154166,WP_011372753.1,R.DVEIADVVK.R,Y,31.50,986.5284,9,4.0,494.2734,2,53.31,8.07E5,13,15413,20181213_379_etnp2017_150m_trap.raw,1,1,226,234,,
202,154168,ETNP_160,K.VPEGDNLPR.Y,Y,31.02,995.5035,9,2.7,498.7604,2,59.72,4.74E5,13,17387,20181213_379_etnp2017_150m_trap.raw,1,1,15,23,,
202,154169,ETNP_300,K.VPEGDNLPR.Y,Y,31.02,995.5035,9,2.7,498.7604,2,59.72,4.74E5,13,17387,20181213_379_etnp2017_150m_trap.raw,1,1,15,23,,
202,154170,ETNP14_120,K.VPEGDNLPR.Y,Y,31.02,995.5035,9,2.7,498.7604,2,59.72,4.74E5,13,17387,20181213_379_etnp2017_150m_trap.raw,1,1,15,23,,
202,154171,ETNP_140,K.VPEGDNLPR.Y,Y,31.02,995.5035,9,2.7,498.7604,2,59.72,4.74E5,13,17387,20181213_379_etnp2017_150m_trap.raw,1,1,15,23,,
31,154231,ACL74374.1,R.ELIIGDR.Q,N,21.80,814.4548,7,1.1,408.2351,2,44.92,5.95E5,13,12936,20181213_379_etnp2017_150m_trap.raw,1,1,165,171,,
31,154231,ACL74374.1,K.IAPGVIER.Q,Y,18.42,853.5021,8,1.0,427.7588,2,36.56,3.48E5,13,10529,20181213_379_etnp2017_150m_trap.raw,1,1,132,139,,
203,97503,ETNP_120,G.APAVVDVR.V,Y,31.00,825.4708,8,1.3,413.7432,2,30.73,4.17E5,13,8844,20181213_379_etnp2017_150m_trap.raw,1,1,174,181,,
47,154228,ABI77727.1,R.VEQGIVK.V,Y,22.17,771.4490,7,0.8,386.7321,2,24.52,4.04E5,13,7071,20181213_379_etnp2017_150m_trap.raw,1,1,234,240,,
47,154228,ABI77727.1,L.ELVEM(+15.99)EVR.E,N,15.94,1019.4957,8,0.9,510.7556,2,35.41,1.94E5,13,10201,20181213_379_etnp2017_150m_trap.raw,1,1,148,155,Oxidation (M),M5:Oxidation (M):1000.00
47,154229,ABI77504.1,R.VEQGIVK.V,Y,22.17,771.4490,7,0.8,386.7321,2,24.52,4.04E5,13,7071,20181213_379_etnp2017_150m_trap.raw,1,1,234,240,,
47,154229,ABI77504.1,L.ELVEM(+15.99)EVR.E,N,15.94,1019.4957,8,0.9,510.7556,2,35.41,1.94E5,13,10201,20181213_379_etnp2017_150m_trap.raw,1,1,148,155,Oxidation (M),M5:Oxidation (M):1000.00
49,154349,ABI75468.1,R.ADAVAAAEK.W,Y,22.37,844.4290,9,-1.7,423.2211,2,18.36,4.66E5,13,5043,20181213_379_etnp2017_150m_trap.raw,1,1,183,191,,
49,154349,ABI75468.1,R.EAGDLSGAR.L,Y,15.27,874.4144,9,-8.1,438.2109,2,16.79,1.35E5,13,4471,20181213_379_etnp2017_150m_trap.raw,1,1,234,242,,
124,154157,ETNP_100,R.NGDGTVSESK.S,Y,29.98,992.4410,10,-8.1,497.2238,2,27.27,1.32E5,13,7871,20181213_379_etnp2017_150m_trap.raw,1,1,14,23,,
124,154158,NP_85,R.NGDGTVSESK.S,Y,29.98,992.4410,10,-8.1,497.2238,2,27.27,1.32E5,13,7871,20181213_379_etnp2017_150m_trap.raw,1,1,14,23,,
124,154159,ETNP_90,R.NGDGTVSESK.S,Y,29.98,992.4410,10,-8.1,497.2238,2,27.27,1.32E5,13,7871,20181213_379_etnp2017_150m_trap.raw,1,1,14,23,,
124,154160,ETNP14_68,R.NGDGTVSESK.S,Y,29.98,992.4410,10,-8.1,497.2238,2,27.27,1.32E5,13,7871,20181213_379_etnp2017_150m_trap.raw,1,1,14,23,,
124,154161,ETNP14_120,R.NGDGTVSESK.S,Y,29.98,992.4410,10,-8.1,497.2238,2,27.27,1.32E5,13,7871,20181213_379_etnp2017_150m_trap.raw,1,1,14,23,,
124,154172,ETNP_100,R.NGDGTVSESK.S,Y,29.98,992.4410,10,-8.1,497.2238,2,27.27,1.32E5,13,7871,20181213_379_etnp2017_150m_trap.raw,1,1,14,23,,
124,154173,ETNP_120,R.NGDGTVSESK.S,Y,29.98,992.4410,10,-8.1,497.2238,2,27.27,1.32E5,13,7871,20181213_379_etnp2017_150m_trap.raw,1,1,14,23,,
204,154174,XP_002176612,K.SAEVVEAK.R,Y,29.90,831.4338,8,0.5,416.7244,2,19.00,2.05E5,13,5291,20181213_379_etnp2017_150m_trap.raw,1,1,633,640,,
94,154165,Flavovirus_FBAKDGPJ_00963,S.EASMPQLQK.K,Y,29.43,1030.5117,9,-4.1,516.2610,2,34.21,3.07E5,13,9852,20181213_379_etnp2017_150m_trap.raw,1,1,340,348,,
205,154188,ABE38096.1,R.SGAGLDDAAK.A,Y,29.36,903.4297,10,-9.3,452.7180,2,23.33,4.33E5,13,6712,20181213_379_etnp2017_150m_trap.raw,1,1,157,166,,
206,154190,ETNP14_120,R.MPTASFK.A,Y,28.92,780.3840,7,-8.6,391.1959,2,22.96,2.76E5,13,6596,20181213_379_etnp2017_150m_trap.raw,1,1,114,120,,
126,154175,ETNP_120,R.ALGGDVAGK.T,Y,27.86,786.4235,9,0.4,394.2192,2,17.39,6.41E5,13,4689,20181213_379_etnp2017_150m_trap.raw,1,1,608,616,,
126,154191,ETNP_140,R.ALGGDVAGK.T,Y,27.86,786.4235,9,0.4,394.2192,2,17.39,6.41E5,13,4689,20181213_379_etnp2017_150m_trap.raw,1,1,294,302,,
126,154192,ETNP_160,R.ALGGDVAGK.T,Y,27.86,786.4235,9,0.4,394.2192,2,17.39,6.41E5,13,4689,20181213_379_etnp2017_150m_trap.raw,1,1,306,314,,
126,154193,ETNP_180,R.ALGGDVAGK.T,Y,27.86,786.4235,9,0.4,394.2192,2,17.39,6.41E5,13,4689,20181213_379_etnp2017_150m_trap.raw,1,1,306,314,,
214,154213,YP_007006128.1,R.SIGFKEK.A,Y,27.73,807.4490,7,-1.5,404.7312,2,16.52,3.06E4,13,4366,20181213_379_etnp2017_150m_trap.raw,1,1,920,926,,
214,154214,AEZ65715.1,R.SIGFKEK.A,Y,27.73,807.4490,7,-1.5,404.7312,2,16.52,3.06E4,13,4366,20181213_379_etnp2017_150m_trap.raw,1,1,920,926,,
44,77209,EJK59976,K.EAADLVR.E,Y,27.52,772.4079,7,2.3,387.2121,2,23.55,5.72E5,13,6774,20181213_379_etnp2017_150m_trap.raw,2,2,298,304,,
44,154197,EJK44073,R.EAADLVR.E,Y,27.52,772.4079,7,2.3,387.2121,2,23.55,5.72E5,13,6774,20181213_379_etnp2017_150m_trap.raw,2,2,305,311,,
128,154176,ETNP_150,T.GEC(+57.02)SVVGC(+57.02)DK.V,Y,27.10,1109.4481,10,2.5,555.7327,2,22.88,2.18E5,13,6571,20181213_379_etnp2017_150m_trap.raw,1,1,17,26,Carbamidomethylation,C3:Carbamidomethylation:1000.00;C8:Carbamidomethylation:1000.00
85,154195,ETNP_120,K.EAYFHLNQ.F,Y,27.00,1020.4665,8,1.4,511.2412,2,32.41,0,13,9327,20181213_379_etnp2017_150m_trap.raw,1,1,62,69,,
85,154196,ETNP14_68,K.EAYFHLNQ.F,Y,27.00,1020.4665,8,1.4,511.2412,2,32.41,0,13,9327,20181213_379_etnp2017_150m_trap.raw,1,1,62,69,,
208,127009,ETNP_120,M.TEAEVEEK.D,Y,26.95,933.4291,8,-2.3,467.7207,2,16.00,2.9E4,13,4164,20181213_379_etnp2017_150m_trap.raw,1,1,41,48,,
208,127011,ETNP_70,R.TEAEVEEK.L,Y,26.95,933.4291,8,-2.3,467.7207,2,16.00,2.9E4,13,4164,20181213_379_etnp2017_150m_trap.raw,1,1,45,52,,
208,127012,ETNP14_68,R.TEAEVEEK.L,Y,26.95,933.4291,8,-2.3,467.7207,2,16.00,2.9E4,13,4164,20181213_379_etnp2017_150m_trap.raw,1,1,45,52,,
207,2395,ETNP_90,N.LSDALEAGLLR.S,Y,26.93,1156.6451,11,1.0,579.3304,2,68.63,7.65E5,13,20148,20181213_379_etnp2017_150m_trap.raw,1,1,49,59,,
207,2313,ETNP_70,N.LSDALEAGLLR.S,Y,26.93,1156.6451,11,1.0,579.3304,2,68.63,7.65E5,13,20148,20181213_379_etnp2017_150m_trap.raw,1,1,535,545,,
207,2314,ETNP14_68,N.LSDALEAGLLR.S,Y,26.93,1156.6451,11,1.0,579.3304,2,68.63,7.65E5,13,20148,20181213_379_etnp2017_150m_trap.raw,1,1,549,559,,
207,2231,ETNP_70,N.LSDALEAGLLR.S,Y,26.93,1156.6451,11,1.0,579.3304,2,68.63,7.65E5,13,20148,20181213_379_etnp2017_150m_trap.raw,1,1,549,559,,
212,154208,virus_CCADEAMM_22555,K.QGLGAITK.A,Y,26.91,786.4600,8,1.3,394.2378,2,28.89,1.17E5,13,8315,20181213_379_etnp2017_150m_trap.raw,1,1,429,436,,
127,2410,ETNP_120,T.GDGVNDSPALK.K,Y,26.82,1071.5197,11,1.1,536.7677,2,30.02,2.19E5,13,8648,20181213_379_etnp2017_150m_trap.raw,1,1,75,85,,
84,43142,XP_003061928,I.QTLEDTK.I,Y,26.72,833.4130,7,0.0,417.7138,2,17.08,1.18E6,13,4576,20181213_379_etnp2017_150m_trap.raw,1,1,3788,3794,,
38,154240,SAR11,K.DITGGLPR.V,Y,19.00,827.4501,8,-1.9,414.7315,2,43.05,2.37E5,13,12400,20181213_379_etnp2017_150m_trap.raw,1,1,1127,1134,,
38,154240,SAR11,K.ENVIVGR.L,Y,15.37,785.4395,7,2.4,393.7280,2,29.94,2.86E5,13,8627,20181213_379_etnp2017_150m_trap.raw,1,1,1342,1348,,
38,154339,ADH88749.1,R.DITGGLPR.V,Y,19.00,827.4501,8,-1.9,414.7315,2,43.05,2.37E5,13,12400,20181213_379_etnp2017_150m_trap.raw,1,1,1126,1133,,
38,154339,ADH88749.1,K.ENVIVGR.L,Y,15.37,785.4395,7,2.4,393.7280,2,29.94,2.86E5,13,8627,20181213_379_etnp2017_150m_trap.raw,1,1,1343,1349,,
38,2224,ETNP_90,K.DITGGLPR.V,Y,19.00,827.4501,8,-1.9,414.7315,2,43.05,2.37E5,13,12400,20181213_379_etnp2017_150m_trap.raw,1,1,1127,1134,,
38,2224,ETNP_90,K.ENVIVGR.L,Y,15.37,785.4395,7,2.4,393.7280,2,29.94,2.86E5,13,8627,20181213_379_etnp2017_150m_trap.raw,1,1,1344,1350,,
38,154368,ETNP14_120,K.DITGGLPR.V,Y,19.00,827.4501,8,-1.9,414.7315,2,43.05,2.37E5,13,12400,20181213_379_etnp2017_150m_trap.raw,1,1,453,460,,
38,154368,ETNP14_120,K.ENVIVGR.L,Y,15.37,785.4395,7,2.4,393.7280,2,29.94,2.86E5,13,8627,20181213_379_etnp2017_150m_trap.raw,1,1,668,674,,
209,154199,ETNP14_68,S.AASTSELSK.F,Y,26.50,892.4501,9,1.6,447.2331,2,17.29,1.36E5,13,4652,20181213_379_etnp2017_150m_trap.raw,1,1,38,46,,
57,154200,ETNP_120,Y.AASTSIEK.M,Y,26.33,805.4181,8,0.4,403.7165,2,16.74,7.51E5,13,4454,20181213_379_etnp2017_150m_trap.raw,2,2,150,157,,
210,154201,EAP88258.1,R.LDNVVYR.M,Y,26.17,877.4658,7,1.5,439.7408,2,36.53,4.97E4,13,10521,20181213_379_etnp2017_150m_trap.raw,1,1,95,101,,
210,154202,ETNP_90,R.LDNVVYR.A,Y,26.17,877.4658,7,1.5,439.7408,2,36.53,4.97E4,13,10521,20181213_379_etnp2017_150m_trap.raw,1,1,96,102,,
210,154203,ActinobacteriaREDSEAS14_EEFFFEGA_00532,R.LDNVVYR.A,Y,26.17,877.4658,7,1.5,439.7408,2,36.53,4.97E4,13,10521,20181213_379_etnp2017_150m_trap.raw,1,1,98,104,,
210,154204,WP_006232362.1,R.LDNVVYR.M,Y,26.17,877.4658,7,1.5,439.7408,2,36.53,4.97E4,13,10521,20181213_379_etnp2017_150m_trap.raw,1,1,98,104,,
210,154205,NP_300,R.LDNVVYR.M,Y,26.17,877.4658,7,1.5,439.7408,2,36.53,4.97E4,13,10521,20181213_379_etnp2017_150m_trap.raw,1,1,100,106,,
210,154206,NP_300,R.LDNVVYR.M,Y,26.17,877.4658,7,1.5,439.7408,2,36.53,4.97E4,13,10521,20181213_379_etnp2017_150m_trap.raw,1,1,100,106,,
129,154177,ETNP_300,M.DGDIEAAR.A,Y,26.09,845.3879,8,-0.5,423.7010,2,20.90,1.17E5,13,5938,20181213_379_etnp2017_150m_trap.raw,1,1,59,66,,
129,154178,ETNP_180,M.DGDIEAAR.A,Y,26.09,845.3879,8,-0.5,423.7010,2,20.90,1.17E5,13,5938,20181213_379_etnp2017_150m_trap.raw,1,1,59,66,,
129,154179,ETNP_160,M.DGDIEAAR.A,Y,26.09,845.3879,8,-0.5,423.7010,2,20.90,1.17E5,13,5938,20181213_379_etnp2017_150m_trap.raw,1,1,59,66,,
129,154180,ETNP_120,M.DGDIEAAR.A,Y,26.09,845.3879,8,-0.5,423.7010,2,20.90,1.17E5,13,5938,20181213_379_etnp2017_150m_trap.raw,1,1,59,66,,
129,154181,ETNP_140,M.DGDIEAAR.A,Y,26.09,845.3879,8,-0.5,423.7010,2,20.90,1.17E5,13,5938,20181213_379_etnp2017_150m_trap.raw,1,1,59,66,,
129,154182,ETNP_150,M.DGDIEAAR.A,Y,26.09,845.3879,8,-0.5,423.7010,2,20.90,1.17E5,13,5938,20181213_379_etnp2017_150m_trap.raw,1,1,59,66,,
129,154183,ETNP_100,M.DGDIEAAR.A,Y,26.09,845.3879,8,-0.5,423.7010,2,20.90,1.17E5,13,5938,20181213_379_etnp2017_150m_trap.raw,1,1,59,66,,
129,154184,ETNP_120,M.DGDIEAAR.A,Y,26.09,845.3879,8,-0.5,423.7010,2,20.90,1.17E5,13,5938,20181213_379_etnp2017_150m_trap.raw,1,1,59,66,,
129,154185,ETNP_120,M.DGDIEAAR.A,Y,26.09,845.3879,8,-0.5,423.7010,2,20.90,1.17E5,13,5938,20181213_379_etnp2017_150m_trap.raw,1,1,59,66,,
129,154189,virus_CCADEAMM_12815,K.DGDLEAAR.E,Y,26.09,845.3879,8,-0.5,423.7010,2,20.90,1.17E5,13,5938,20181213_379_etnp2017_150m_trap.raw,1,1,3165,3172,,
211,154207,WP_013260461,R.LVADQVR.G,Y,25.94,799.4552,7,0.8,400.7352,2,27.04,4.1E5,13,7811,20181213_379_etnp2017_150m_trap.raw,1,1,19,25,,
211,154209,ETNP_70,Q.LVADQVR.S,Y,25.94,799.4552,7,0.8,400.7352,2,27.04,4.1E5,13,7811,20181213_379_etnp2017_150m_trap.raw,1,1,120,126,,
213,2506,ETNP_180,N.APFPELK.T,Y,25.84,800.4432,7,0.2,401.2289,2,51.43,5E5,13,14838,20181213_379_etnp2017_150m_trap.raw,1,1,209,215,,
48,66496,EAQ00993.1,R.TVGSGVVSK.I,Y,17.48,832.4654,9,12.8,417.2453,2,20.39,0,13,5773,20181213_379_etnp2017_150m_trap.raw,1,1,380,388,,
48,66496,EAQ00993.1,L.ELVEM(+15.99)EVR.E,N,15.94,1019.4957,8,0.9,510.7556,2,35.41,1.94E5,13,10201,20181213_379_etnp2017_150m_trap.raw,1,1,143,150,Oxidation (M),M5:Oxidation (M):1000.00
48,66497,EAQ04090.1,R.TVGSGVVSK.I,Y,17.48,832.4654,9,12.8,417.2453,2,20.39,0,13,5773,20181213_379_etnp2017_150m_trap.raw,1,1,380,388,,
48,66497,EAQ04090.1,L.ELVEM(+15.99)EVR.E,N,15.94,1019.4957,8,0.9,510.7556,2,35.41,1.94E5,13,10201,20181213_379_etnp2017_150m_trap.raw,1,1,143,150,Oxidation (M),M5:Oxidation (M):1000.00
215,4317,ETNP_120,L.AC(+57.02)AGTAPC(+57.02)SAQ,Y,25.21,1092.4329,11,-1.1,547.2231,2,18.63,1.24E5,13,5149,20181213_379_etnp2017_150m_trap.raw,1,1,90,100,Carbamidomethylation,C2:Carbamidomethylation:1000.00;C8:Carbamidomethylation:1000.00
39,115970,ETNP_140,R.ESLEAEGVK.F,Y,16.81,960.4763,9,2.1,481.2465,2,22.64,6.26E4,13,6500,20181213_379_etnp2017_150m_trap.raw,1,1,117,125,,
39,115970,ETNP_140,R.MLLDAVQR.V,Y,15.67,944.5114,8,7.2,473.2664,2,61.02,7.36E5,13,17770,20181213_379_etnp2017_150m_trap.raw,1,1,157,164,,
216,154405,XP_003057007,L.AGNALEEAR.G,Y,24.37,929.4566,9,1.1,465.7361,2,26.88,2.81E5,13,7766,20181213_379_etnp2017_150m_trap.raw,1,1,69,77,,
220,154473,ETNP_70,R.DFLNNK.G,Y,23.76,749.3708,6,2.2,375.6935,2,45.22,6.92E5,13,13024,20181213_379_etnp2017_150m_trap.raw,1,1,190,195,,
134,154367,CAN95523.1,MPTALLR.S,Y,23.67,800.4578,7,8.7,401.2397,2,48.08,2.06E5,13,13838,20181213_379_etnp2017_150m_trap.raw,1,1,1,7,,
136,154376,ACY18110.1,L.AEIHYLR.G,Y,23.62,900.4817,7,12.9,451.2539,2,41.69,3.87E5,13,12008,20181213_379_etnp2017_150m_trap.raw,1,1,800,806,,
227,154517,ETNP_100,I.FDEILK.K,Y,23.30,763.4116,6,-0.8,382.7127,2,46.27,6.08E4,13,13320,20181213_379_etnp2017_150m_trap.raw,1,1,575,580,,
227,154546,ETNP14_68,Q.FDELIK.K,Y,23.30,763.4116,6,-0.8,382.7127,2,46.27,6.08E4,13,13320,20181213_379_etnp2017_150m_trap.raw,1,1,502,507,,
219,154468,SAR11,K.GLM(+15.99)PNPK.L,Y,23.09,771.3949,7,0.4,386.7049,2,19.97,2.11E5,13,5635,20181213_379_etnp2017_150m_trap.raw,1,1,133,139,Oxidation (M),M3:Oxidation (M):1000.00
219,154469,ETNP14_120,K.GLM(+15.99)PNPK.S,Y,23.09,771.3949,7,0.4,386.7049,2,19.97,2.11E5,13,5635,20181213_379_etnp2017_150m_trap.raw,1,1,134,140,Oxidation (M),M3:Oxidation (M):1000.00
219,154470,CAI85322.1,R.GLM(+15.99)PNPK.T,Y,23.09,771.3949,7,0.4,386.7049,2,19.97,2.11E5,13,5635,20181213_379_etnp2017_150m_trap.raw,1,1,135,141,Oxidation (M),M3:Oxidation (M):1000.00
219,154471,Verrucomicrobia_HGEPPPGB_01275,R.GLM(+15.99)PNPK.T,Y,23.09,771.3949,7,0.4,386.7049,2,19.97,2.11E5,13,5635,20181213_379_etnp2017_150m_trap.raw,1,1,134,140,Oxidation (M),M3:Oxidation (M):1000.00
219,154472,WP_011294203.1,R.GLM(+15.99)PNPK.A,Y,23.09,771.3949,7,0.4,386.7049,2,19.97,2.11E5,13,5635,20181213_379_etnp2017_150m_trap.raw,1,1,134,140,Oxidation (M),M3:Oxidation (M):1000.00
132,154359,WP_013749638.1,R.VSGPEEAK.T,Y,23.01,815.4025,8,12.5,408.7136,2,20.76,9.99E3,13,5897,20181213_379_etnp2017_150m_trap.raw,1,1,406,413,,
221,154474,ETNP_140,I.NISSLAAK.Y,Y,22.97,802.4548,8,0.9,402.2350,2,24.94,2.42E5,13,7192,20181213_379_etnp2017_150m_trap.raw,1,1,72,79,,
221,154475,ETNP_180,I.NISSLAAK.Y,Y,22.97,802.4548,8,0.9,402.2350,2,24.94,2.42E5,13,7192,20181213_379_etnp2017_150m_trap.raw,1,1,139,146,,
221,154476,ETNP_160,I.NISSLAAK.Y,Y,22.97,802.4548,8,0.9,402.2350,2,24.94,2.42E5,13,7192,20181213_379_etnp2017_150m_trap.raw,1,1,139,146,,
221,154477,ETNP_120,I.NISSLAAK.Y,Y,22.97,802.4548,8,0.9,402.2350,2,24.94,2.42E5,13,7192,20181213_379_etnp2017_150m_trap.raw,1,1,139,146,,
221,154478,ETNP_120,I.NISSLAAK.Y,Y,22.97,802.4548,8,0.9,402.2350,2,24.94,2.42E5,13,7192,20181213_379_etnp2017_150m_trap.raw,1,1,139,146,,
221,154479,ETNP_300,I.NISSLAAK.Y,Y,22.97,802.4548,8,0.9,402.2350,2,24.94,2.42E5,13,7192,20181213_379_etnp2017_150m_trap.raw,1,1,139,146,,
88,154381,ETNP14_120,K.M(+15.99)EEKLK.D,Y,22.89,792.4051,6,-3.7,397.2084,2,28.87,2.05E5,13,8309,20181213_379_etnp2017_150m_trap.raw,1,1,282,287,Oxidation (M),M1:Oxidation (M):1000.00
109,154361,ETNP14_120,K.IITTEEAR.I,Y,22.88,931.4974,8,1.7,466.7568,2,23.00,9.31E4,13,6608,20181213_379_etnp2017_150m_trap.raw,1,1,129,136,,
109,154483,WP_013110293.1,D.LLTTEEAR.L,Y,22.88,931.4974,8,1.7,466.7568,2,23.00,9.31E4,13,6608,20181213_379_etnp2017_150m_trap.raw,1,1,105,112,,
109,154484,ETNP_90,G.LITTEEAR.D,Y,22.88,931.4974,8,1.7,466.7568,2,23.00,9.31E4,13,6608,20181213_379_etnp2017_150m_trap.raw,1,1,161,168,,
222,154485,EJK71205,R.EGELEAR.G,Y,22.86,802.3821,7,0.8,402.1986,2,22.62,2.95E5,13,6491,20181213_379_etnp2017_150m_trap.raw,1,1,25,31,,
223,154497,Flavovirus_FBAKDGPJ_00281,E.NGLYETK.T,Y,22.76,823.4076,7,0.7,412.7114,2,24.70,8.98E5,13,7124,20181213_379_etnp2017_150m_trap.raw,1,1,263,269,,
133,154364,ETNP_100,L.EAEAGGLR,Y,22.44,801.3981,8,1.9,401.7071,2,17.65,3.93E5,13,4784,20181213_379_etnp2017_150m_trap.raw,1,1,407,414,,
133,154501,ETNP14_120,L.EAEAGGIR.L,Y,22.44,801.3981,8,1.9,401.7071,2,17.65,3.93E5,13,4784,20181213_379_etnp2017_150m_trap.raw,1,1,107,114,,
133,154503,virus_CCADEAMM_23899,L.EAEAGGLR.Q,Y,22.44,801.3981,8,1.9,401.7071,2,17.65,3.93E5,13,4784,20181213_379_etnp2017_150m_trap.raw,1,1,84,91,,
173,154508,ETNP14_68,K.TVSPDLK.T,Y,22.39,758.4174,7,0.7,380.2162,2,31.44,6.08E4,13,9048,20181213_379_etnp2017_150m_trap.raw,1,1,252,258,,
96,154235,EJK64734,K.QLDENLVLK.A,Y,22.37,1070.5972,9,3.4,536.3077,2,48.58,0,13,13990,20181213_379_etnp2017_150m_trap.raw,1,1,274,282,,
225,154509,ETNP_180,R.EEESLFPK.L,Y,22.20,977.4705,8,1.2,489.7431,2,51.01,7.18E5,13,14709,20181213_379_etnp2017_150m_trap.raw,1,1,10,17,,
21,42704,CAN91477.1,D.LATVSLPR.L,Y,21.70,855.5178,8,1.3,428.7667,2,45.05,4.06E7,13,12974,20181213_379_etnp2017_150m_trap.raw,3,3,104,111,,
235,87870,ABE40591.1,R.AGLEEER.R,Y,21.70,802.3821,7,-0.3,402.1982,2,14.47,1.08E5,13,3599,20181213_379_etnp2017_150m_trap.raw,1,1,657,663,,
229,154537,ETNP_90,S.VSALYLSR,Y,21.64,907.5127,8,2.3,454.7646,2,51.16,1.13E5,13,14754,20181213_379_etnp2017_150m_trap.raw,1,1,148,155,,
175,154544,EAQ03701.1,T.TLSEPDAK.I,Y,21.37,859.4287,8,-3.9,430.7199,2,19.94,3.27E4,13,5624,20181213_379_etnp2017_150m_trap.raw,1,1,49,56,,
102,154290,ETNP_120,T.LSNDNAVK.M,Y,21.32,859.4399,8,1.8,430.7280,2,23.40,6.95E4,13,6732,20181213_379_etnp2017_150m_trap.raw,1,1,752,759,,
231,154549,ETNP14_120,K.AGVDTDTK.A,Y,21.27,805.3817,8,12.5,403.7032,2,13.55,6.19E4,13,3300,20181213_379_etnp2017_150m_trap.raw,1,1,46,53,,
250,154619,ADH89144.1,R.QLTPEHR.F,Y,21.10,879.4562,7,-13.6,440.7294,2,17.96,6.7E4,13,4899,20181213_379_etnp2017_150m_trap.raw,1,1,245,251,,
234,154554,ACA20248.1,R.TVEGFLAR.G,Y,21.09,891.4814,8,-2.2,446.7470,2,41.67,1.91E5,13,12005,20181213_379_etnp2017_150m_trap.raw,1,1,309,316,,
232,154552,ETNP_100,G.EAISVGAR.D,Y,21.01,801.4344,8,-6.4,401.7220,2,27.97,6.73E4,13,8066,20181213_379_etnp2017_150m_trap.raw,1,1,31,38,,
237,154573,EJK73438,R.QTSDSLPK.K,Y,20.76,874.4396,8,1.8,438.2278,2,18.90,2.53E5,13,5245,20181213_379_etnp2017_150m_trap.raw,1,1,294,301,,
137,154379,virus_CCADEAMM_39574,G.EPLQTDK.A,Y,20.67,829.4181,7,0.0,415.7163,2,17.28,4.59E5,13,4651,20181213_379_etnp2017_150m_trap.raw,1,1,206,212,,
179,2445,ETNP_180,K.AAPISQPA,Y,20.41,753.4021,8,-2.7,377.7073,2,13.91,1.12E4,13,3409,20181213_379_etnp2017_150m_trap.raw,1,1,794,801,,
194,57190,virus_CCADEAMM_44715,K.RQEEGLK.F,Y,20.36,858.4559,7,-10.8,430.2306,2,24.64,2.19E5,13,7106,20181213_379_etnp2017_150m_trap.raw,1,1,2651,2657,,
178,154561,ETNP_90,S.TEDIEDIK.K,Y,20.35,961.4604,8,-2.6,481.7362,2,25.12,4.76E3,13,7251,20181213_379_etnp2017_150m_trap.raw,1,1,16,23,,
138,2147,CBE69591,N.EALAEVLAR.I,Y,20.29,970.5447,9,-4.0,486.2777,2,54.03,2.89E5,13,15647,20181213_379_etnp2017_150m_trap.raw,1,1,191,199,,
138,1617,WP_015349883,R.EALAEVLAR.L,Y,20.29,970.5447,9,-4.0,486.2777,2,54.03,2.89E5,13,15647,20181213_379_etnp2017_150m_trap.raw,1,1,725,733,,
247,92073,NP_100,K.AIAHVFK.E,Y,20.12,784.4595,7,-8.2,393.2338,2,41.11,2.68E5,13,11844,20181213_379_etnp2017_150m_trap.raw,1,1,30,36,,
236,154569,ETNP_60,E.TLQAVNNHK.Y,Y,20.08,1023.5461,9,-9.2,512.7756,2,29.32,5.34E5,13,8444,20181213_379_etnp2017_150m_trap.raw,1,1,16,24,,
236,154570,ETNP_70,E.TLQAVNNHK.Y,Y,20.08,1023.5461,9,-9.2,512.7756,2,29.32,5.34E5,13,8444,20181213_379_etnp2017_150m_trap.raw,1,1,240,248,,
238,154575,WP_048106170,N.YAEVEDGK.G,Y,20.06,909.4080,8,-2.4,455.7102,2,20.78,3.19E5,13,5903,20181213_379_etnp2017_150m_trap.raw,1,1,115,122,,
