Protein Group,Protein ID,Accession,-10lgP,Coverage (%),#Peptides,#Unique,PTM,Avg. Mass,Description
2,182,ETNP_100m_particle_PROKKA_10535,119.78,25,11,3,,30242,hypothetical protein
2,129,ETNP_120m_PROKKA_318382,119.78,22,11,3,,34262,hypothetical protein
12,1612,ETNP_100m_particle_PROKKA_00069,111.04,55,5,5,,5311,hypothetical protein
7,1906,ETNP_100m_particle_PROKKA_55047,110.06,26,7,7,,9588,hypothetical protein
3,557,ETNP_100m_particle_PROKKA_140022,106.76,48,9,9,,11381,Core histone H2A/H2B/H3/H4
4,261,XP_003056479,102.56,13,9,0,,49615,beta tubulin  Micromonas pusilla CCMP1545
18,304,WP_006169870,95.73,44,5,5,,10584,carbon dioxide-concentrating mechanism protein CcmK Cyanobacteria
18,306,ETNP_90m_PROKKA_129379,95.73,44,5,5,,10571,Major carboxysome shell protein 1A
18,308,ETNP14_68maa_PROKKA_192080,95.73,44,5,5,,10571,Major carboxysome shell protein 1A
18,307,WP_011130577,95.73,44,5,5,,10557,carbon dioxide-concentrating mechanism protein CcmK Prochlorococcus
14,474,ETNP_100m_particle_PROKKA_82300,95.63,26,4,1,,14624,Tubulin/FtsZ family  GTPase domain
5,2932,XP_003058519,92.55,31,5,0,,12701,predicted protein  Micromonas pusilla CCMP1545
5,2931,XP_003062035,92.55,31,5,0,,12701,predicted protein  Micromonas pusilla CCMP1545
5,2933,XP_003055512,92.55,31,5,0,,12701,histone H2B  Micromonas pusilla CCMP1545
5,2934,ETNP_70m_PROKKA_120394,92.55,30,5,0,,13742,Core histone H2A/H2B/H3/H4
5,2935,XP_003080759,92.55,29,5,0,,13731,histone H2B ISS  Ostreococcus tauri
5,2937,XP_003082252,92.55,26,5,0,,15314,histone H2B ISS  Ostreococcus tauri
5,2938,ETNP_70m_PROKKA_54543,92.55,24,5,0,,16840,Core histone H2A/H2B/H3/H4
6,2916,ETNP_70m_PROKKA_90241,91.43,30,5,1,,13147,Core histone H2A/H2B/H3/H4
6,2915,ETNP_90m_PROKKA_183406,91.43,30,5,1,,13120,Core histone H2A/H2B/H3/H4
10,661,XP_003061104,90.84,11,6,6,,41766,actin flagellar inner arm intermediate chain  Micromonas pusilla CCMP1545
8,431,XP_003074279,87.39,10,7,0,,52955,TBB1_VOLCA Tubulin beta chain ISS  Ostreococcus tauri
11,244,XP_003062500,85.40,12,7,2,,49730,alpha tubulin  Micromonas pusilla CCMP1545
11,245,XP_003058621,85.40,12,7,2,,49730,alpha tubulin  Micromonas pusilla CCMP1545
22,2074,XP_002180656,82.93,7,4,1,,49747,predicted protein  Phaeodactylum tricornutum CCAP 1055
26,577,WP_011128866,82.54,24,3,2,,18085,C-phycoerythrin class 2 subunit beta Synechococcus
13,1853,ETNP_70m_PROKKA_134596,79.77,9,5,5,,53644,Ribulose bisphosphate carboxylase large chain
13,1852,ETNP_60m_PROKKA_34876,79.77,9,5,5,,53644,Ribulose bisphosphate carboxylase large chain
9,1712,ETNP_100m_particle_PROKKA_07518,77.93,51,5,2,,7412,Core histone H2A/H2B/H3/H4
23,943,ETNP_100m_particle_PROKKA_145656,73.43,19,4,0,,17714,hypothetical protein
19,85315,XP_002179551,72.10,28,4,2,,12629,histone H2B isoform 1a  Phaeodactylum tricornutum CCAP 1055
19,85316,XP_002179210,72.10,28,4,2,,12629,histone H2B isoform 1b  Phaeodactylum tricornutum CCAP 1055
19,85317,EJK69581,72.10,28,4,2,,12922,hypothetical protein THAOC_09149  Thalassiosira oceanica
19,85318,EJK60528,72.10,28,4,2,,12922,hypothetical protein THAOC_19091  Thalassiosira oceanica
19,85319,EJK52561,72.10,28,4,2,,12922,hypothetical protein THAOC_28149  Thalassiosira oceanica
19,85314,EJK74337,72.10,20,4,2,,17560,hypothetical protein THAOC_03988  Thalassiosira oceanica
19,85322,EJK52043,72.10,13,4,2,,27028,hypothetical protein THAOC_28729 partial  Thalassiosira oceanica
19,85323,EJK62506,72.10,11,4,2,,32474,hypothetical protein THAOC_16881  Thalassiosira oceanica
15,27433,ETNP_70m_PROKKA_20132,68.67,16,4,1,,19618,Core histone H2A/H2B/H3/H4
16,27422,ETNP_70m_PROKKA_64991,68.22,23,4,1,,13534,Core histone H2A/H2B/H3/H4
21,1670,XP_003059221,65.23,18,3,2,,15356,predicted protein  Micromonas pusilla CCMP1545
21,1669,XP_003061754,65.23,18,3,2,,15356,histone H3  Micromonas pusilla CCMP1545
21,1667,XP_003057560,65.23,18,3,2,,15436,histone H3  Micromonas pusilla CCMP1545
21,1668,XP_003061708,65.23,18,3,2,,15356,predicted protein  Micromonas pusilla CCMP1545
21,1672,XP_003082036,65.23,14,3,2,,18865,Histones H3 and H4 ISS  Ostreococcus tauri
21,1674,ETNP_100m_particle_PROKKA_140021,65.23,13,3,2,,21085,Core histone H2A/H2B/H3/H4
21,1675,XP_003079482,65.23,11,3,2,,23974,Histones H3 and H4 ISS  Ostreococcus tauri
47,99498,ETNP_70m_PROKKA_139337,60.80,29,2,1,,6361,hypothetical protein
47,99499,ETNP_120m_PROKKA_206053,60.80,8,2,1,,23591,Core histone H2A/H2B/H3/H4
47,86724,ETNP_120m_free_PROKKA_147607,60.80,8,2,1,,23591,Core histone H2A/H2B/H3/H4
47,86725,ETNP_120m_particle_PROKKA_10426,60.80,8,2,1,,23591,Core histone H2A/H2B/H3/H4
50,2240,ETNP_70m_PROKKA_142252,60.17,4,1,1,,41848,Bacterial actin-related protein
35,1618,WP_011823058,58.13,16,2,1,,13260,50S ribosomal protein L7L12 Prochlorococcus
32,543,WP_011293945,57.81,16,2,2,,12354,transcriptional regulator Prochlorococcus
32,542,ETNP_60m_PROKKA_04448,57.81,16,2,2,,12354,hypothetical protein
33,365,WP_006169762,53.99,16,2,1,,13004,50S ribosomal protein L7L12 Synechococcus
33,1619,WP_011129193,53.99,16,2,1,,13280,50S ribosomal protein L7L12 Synechococcus
33,1620,WP_038547285,53.99,16,2,1,,13267,50S ribosomal protein L7L12 Synechococcus sp KORDI-100
48,139,ETNP_100m_particle_PROKKA_112481,53.58,8,2,1,,19139,C-phycoerythrin class 1 subunit beta
48,140,ETNP_120m_PROKKA_239033,53.58,8,2,1,,19139,C-phycoerythrin class 1 subunit beta
48,138,ETNP_120m_free_PROKKA_147966,53.58,8,2,1,,19139,C-phycoerythrin class 1 subunit beta
48,508,WP_028953685,53.58,8,2,1,,19143,bleomycin hydrolase Synechococcus
49,2723,ETNP_120m_particle_PROKKA_209581,53.12,18,2,0,,14995,hypothetical protein
49,2724,ETNP_120m_particle_PROKKA_30032,53.12,17,2,0,,15516,hypothetical protein
25,970,WP_011128875,46.02,8,2,0,,19147,bleomycin hydrolase Synechococcus
84,2169,EJK44533,44.13,3,1,1,,47126,hypothetical protein THAOC_36915  Thalassiosira oceanica
84,3229,XP_002181593,44.13,3,1,1,,48056,predicted protein  Phaeodactylum tricornutum CCAP 1055
84,3230,XP_002186303,44.13,3,1,1,,48082,translation elongation factor EF-1 alpha subunit  Phaeodactylum tricornutum CCAP 1055
85,166901,ETNP_120m_PROKKA_294605,43.17,7,1,1,,16829,hypothetical protein
34,166894,XP_002179501,43.05,10,2,1,,15312,histone H3 isoform 1a  Phaeodactylum tricornutum CCAP 1055
34,166895,XP_002179289,43.05,10,2,1,,15312,histone H3 isoform 1b  Phaeodactylum tricornutum CCAP 1055
34,166896,EJK62504,43.05,10,2,1,,15312,hypothetical protein THAOC_16879  Thalassiosira oceanica
34,166897,XP_002177514,43.05,10,2,1,,15312,histone H3 isoform 1c  Phaeodactylum tricornutum CCAP 1055
34,166898,EJK60530,43.05,8,2,1,,18999,hypothetical protein THAOC_19093  Thalassiosira oceanica
34,166899,EJK54772,43.05,6,2,1,,24071,hypothetical protein THAOC_25571  Thalassiosira oceanica
27,1634,ETNP_70m_PROKKA_97513,41.93,8,2,1,,19186,R-phycoerythrin subunit beta
147,1673,WP_011128874,40.95,6,1,1,,17817,bleomycin hydrolase Synechococcus
52,1880,WP_011128867,39.98,9,2,2,,17729,C-phycoerythrin class 2 subunit alpha Synechococcus
86,166902,ETNP_120m_particle_PROKKA_101843,39.92,11,1,1,,12507,Chlorophyll A-B binding protein
41,1593,NP_100m_PROKKA_07753,37.56,3,2,1,,55375,ATP synthase subunit alpha
41,1598,NP_100m_PROKKA_09000,37.56,3,2,1,,56093,ATP synthase subunit alpha
28,99505,ETNP_120m_free_PROKKA_133039,37.17,3,1,1,,30958,Alpha-ketoglutarate-dependent taurine dioxygenase
73,662,ETNP14_68maa_PROKKA_191579,36.77,3,1,1,,44777,ATP synthase subunit beta
36,166900,NP_300m_PROKKA_13029,34.64,2,2,2,,99214,Aldehyde oxidoreductase
40,4638,ADB27517,33.91,2,1,1,,51909,photosystem II CP43 chlorophyll apoprotein chloroplast  Thalassiosira oceanica CCMP1005
40,152576,NP_85m_PROKKA_10104,33.91,10,1,1,,8583,Photosystem II 44 kDa reaction center protein
40,152577,ETNP_140m_PROKKA_46149,33.91,10,1,1,,8581,Photosystem II 44 kDa reaction center protein
40,877,ETNP_90m_PROKKA_124006,33.91,7,1,1,,12349,Photosystem II 44 kDa reaction center protein
40,1460,ETNP_100m_PROKKA_28369,33.91,6,1,1,,14777,Photosystem II 44 kDa reaction center protein
40,382,ETNP_120m_particle_PROKKA_151164,33.91,6,1,1,,15917,Photosystem II 44 kDa reaction center protein
40,660,ETNP_70m_PROKKA_51688,33.91,6,1,1,,15870,Photosystem II 44 kDa reaction center protein
40,2384,ETNP_60m_PROKKA_20513,33.91,4,1,1,,20586,Photosystem II 44 kDa reaction center protein
40,246,ETNP_100m_particle_PROKKA_21548,33.91,4,1,1,,22693,Photosystem II 44 kDa reaction center protein
40,250,ETNP_100m_PROKKA_93369,33.91,4,1,1,,23767,Photosystem II 44 kDa reaction center protein
40,988,ETNP_120m_particle_PROKKA_74362,33.91,3,1,1,,27086,Photosystem II 44 kDa reaction center protein
40,901,ETNP_120m_free_PROKKA_35266,33.91,3,1,1,,34936,Photosystem II 44 kDa reaction center protein
40,4636,EJK54215,33.91,2,1,1,,45605,hypothetical protein THAOC_26185  Thalassiosira oceanica
40,4637,EJK52339,33.91,2,1,1,,45605,hypothetical protein THAOC_28386  Thalassiosira oceanica
40,167,ETNP_160m_PROKKA_80027,33.91,2,1,1,,45882,Photosystem II 44 kDa reaction center protein
40,470,WP_006171776,33.91,2,1,1,,49866,photosystem II reaction center protein Synechococcus sp WH 5701
40,152534,ETNP_60m_PROKKA_23721,33.91,2,1,1,,50239,Photosystem II 44 kDa reaction center protein
40,152535,ETNP_70m_PROKKA_100373,33.91,2,1,1,,50239,Photosystem II 44 kDa reaction center protein
40,321,WP_011824174,33.91,2,1,1,,50493,photosystem II reaction center protein Prochlorococcus
40,322,WP_011818757,33.91,2,1,1,,50499,photosystem II reaction center protein Prochlorococcus
40,2414,ETNP14_68maa_PROKKA_144152,33.91,2,1,1,,50539,Photosystem II 44 kDa reaction center protein
40,2415,YP_717204.2,33.91,2,1,1,,50603,PsbC chloroplast  Ostreococcus tauri
40,642,ETNP_120m_PROKKA_226400,33.91,2,1,1,,50697,Photosystem II 44 kDa reaction center protein
40,471,WP_011127543,33.91,2,1,1,,50591,photosystem II reaction center protein Synechococcus
40,472,WP_038546000,33.91,2,1,1,,50721,photosystem II reaction center protein Synechococcus sp KORDI-100
40,643,ETNP_100m_particle_PROKKA_19111,33.91,2,1,1,,50697,Photosystem II 44 kDa reaction center protein
148,99500,ETNP_70m_PROKKA_134597,33.89,9,1,1,,15788,Ribulose bisphosphate carboxylase small chain  chromosomal
148,99501,ETNP_60m_PROKKA_34877,33.89,9,1,1,,15788,Ribulose bisphosphate carboxylase small chain  chromosomal
149,166905,ETNP14_68mB_PROKKA_98835,33.78,17,1,1,,4348,hypothetical protein
51,1625,NP_300m_PROKKA_03667,33.21,3,2,1,,55558,ATP synthase subunit alpha
150,166928,ETNP_120m_particle_PROKKA_240857,32.30,2,1,1,,36302,enterobactin exporter EntS
88,1211,ETNP14_68mB_PROKKA_01574,31.25,9,1,1,,12294,Photosystem II D2 protein
88,166910,ETNP_70m_PROKKA_01185,31.25,6,1,1,,17255,Photosystem II D2 protein
88,166911,ETNP_150m_particle_PROKKA_43283,31.25,4,1,1,,25598,Photosystem II D2 protein
88,166912,ETNP_120m_free_PROKKA_148995,31.25,4,1,1,,25598,Photosystem II D2 protein
88,166913,ETNP_60m_PROKKA_20510,31.25,3,1,1,,39386,Photosystem II D2 protein
88,166914,ETNP_120m_particle_PROKKA_154513,31.25,3,1,1,,39373,Photosystem II D2 protein
88,166915,ETNP_70m_PROKKA_48869,31.25,3,1,1,,39386,Photosystem II D2 protein
88,166916,YP_717205,31.25,3,1,1,,39386,PsbD chloroplast  Ostreococcus tauri
88,1169,ETNP14_68maa_PROKKA_149938,31.25,3,1,1,,39359,Photosystem II D2 protein
88,166929,ETNP_60m_PROKKA_13106,31.25,3,1,1,,36713,Photosystem II D2 protein
89,166919,ETNP14_120mab_PROKKA_20212,30.94,3,1,1,,28311,Methylenetetrahydrofolate--tRNA-(uracil-5-)-methyltransferase TrmFO
89,166930,ETNP_90m_PROKKA_202913,30.94,17,1,1,,4679,hypothetical protein
89,166931,WP_038651132,30.94,12,1,1,,6904,photosystem II reaction center protein H Prochlorococcus sp MIT 0801
89,166932,ETNP14_68maa_PROKKA_164394,30.94,12,1,1,,7023,Photosystem II reaction center protein H
89,166933,WP_002805661,30.94,12,1,1,,6952,photosystem II reaction center protein H Prochlorococcus
89,166934,ETNP_100m_PROKKA_74387,30.94,8,1,1,,10825,Methylenetetrahydrofolate--tRNA-(uracil-5-)-methyltransferase TrmFO
89,166935,ETNP14_120maa_PROKKA_192820,30.94,6,1,1,,14027,hypothetical protein
89,166936,ETNP14_120mab_PROKKA_69829,30.94,6,1,1,,14366,hypothetical protein
89,166937,WP_018048828,30.94,2,1,1,,49349,hypothetical protein Nitrospina sp AB-629-B18
151,166938,ETNP14_68maa_PROKKA_81248,30.49,2,1,1,,33955,Modification methylase DpnIIA
151,166939,ETNP_120m_free_PROKKA_157136,30.49,2,1,1,,36614,hypothetical protein
151,166940,ETNP_120m_PROKKA_319725,30.49,2,1,1,,46685,hypothetical protein
151,166941,ETNP_120m_free_PROKKA_301791,30.49,1,1,1,,50673,hypothetical protein
151,166943,WP_011311705,30.49,1,1,1,,95452,PAS domain-containing two-component system sensor histidine kinase Thiobacillus denitrificans
151,166944,ETNP_160m_PROKKA_204771,30.49,1,1,1,,96421,DNA gyrase subunit A
151,99628,WP_014707780,30.49,1,1,1,,106356,hypothetical protein Methylophaga nitratireducenticrescens
58,27539,ETNP_90m_PROKKA_207390,30.13,6,2,2,,16767,hypothetical protein
46,167040,ETNP14_68maa_PROKKA_132017,29.71,7,2,2,,13902,hypothetical protein
90,1823,ETNP14_68mB_PROKKA_139370,28.26,8,1,1,,12288,Photosystem II D2 protein
90,1825,NP_30m_PROKKA_13747,28.26,4,1,1,,26457,Photosystem II D2 protein
90,1827,ADO99991.1,28.26,3,1,1,,40173,photosystem II D2 protein [Prochlorococcus phage P-HM2]
90,1830,NP_30m_PROKKA_03021,28.26,3,1,1,,39975,Photosystem II D2 protein
90,1828,YP_007673882.1,28.26,3,1,1,,40191,photosystem II reaction center D2 [Prochlorococcus phage MED4-213]
90,1829,AGH26237.1,28.26,3,1,1,,40191,photosystem II reaction center D2 [Prochlorococcus phage MED4-213]
90,1826,YP_004323582.1,28.26,3,1,1,,40173,photosystem II D2 protein [Prochlorococcus phage P-HM2]
90,1832,AIR93570.1,28.26,3,1,1,,40145,photosystem II D2 protein [Prochlorococcus phage P-TIM68]
90,1831,YP_009213745.1,28.26,3,1,1,,40145,photosystem II D2 protein [Prochlorococcus phage P-TIM68]
91,99591,WP_011399595,27.74,2,1,1,,46785,UDP-N-acetylmuramyl pentapeptide synthase Hahella chejuensis
152,99520,ETNP14_68maa_PROKKA_26695,27.74,1,1,1,,150365,PKD domain protein
155,99536,ETNP14_68maa_PROKKA_64575,27.50,3,1,1,,25926,Ubiquinone biosynthesis O-methyltransferase
154,166958,ETNP_120m_free_PROKKA_250553,27.49,4,1,1,,19702,hypothetical protein
154,166966,WP_012564059,27.49,2,1,1,,49730,D-2-hydroxyacid dehydrogenase Oligotropha carboxidovorans
154,166968,ETNP_70m_PROKKA_54088,27.49,1,1,1,,65349,PB1 domain protein
154,166972,EJK77405,27.49,1,1,1,,91444,hypothetical protein THAOC_00767  Thalassiosira oceanica
154,166974,XP_003064165,27.49,1,1,1,,113241,predicted protein  Micromonas pusilla CCMP1545
153,166957,ETNP14_68maa_PROKKA_167038,27.45,12,1,1,,7116,Copper chaperone CopZ
153,166959,ETNP14_120maa_PROKKA_194364,27.45,7,1,1,,10928,3-hydroxy-3-methylglutaryl-coenzyme A reductase
153,166960,ETNP14_68mB_PROKKA_22514,27.45,5,1,1,,16596,3-hydroxy-3-methylglutaryl-coenzyme A reductase
153,166962,ETNP_90m_PROKKA_42652,27.45,3,1,1,,25868,3-hydroxy-3-methylglutaryl-coenzyme A reductase
153,166963,ETNP14_120mab_PROKKA_00954,27.45,3,1,1,,29439,Threonine--tRNA ligase
153,166964,ETNP14_120maa_PROKKA_170745,27.45,2,1,1,,37296,Threonine--tRNA ligase
153,166965,WP_015898229,27.45,2,1,1,,41301,DNA sulfur modification protein DndB Acidobacterium capsulatum
153,166967,ETNP14_120maa_PROKKA_08282,27.45,2,1,1,,45160,3-hydroxy-3-methylglutaryl-coenzyme A reductase
153,166970,WP_013960929,27.45,1,1,1,,73409,threonyl-tRNA synthetase Roseobacter litoralis
37,166973,ETNP14_68mB_PROKKA_46924,27.44,3,1,1,,24210,hypothetical protein
1,107538,ETNP14_68maa_PROKKA_196520,27.17,4,1,1,,22234,Tryptophan synthase alpha chain
1,107540,ETNP14_68maa_PROKKA_42870,27.17,3,1,1,,30458,EamA-like transporter family protein
1,107541,ETNP_100m_PROKKA_21831,27.17,3,1,1,,30458,EamA-like transporter family protein
1,107539,ETNP14_120maa_PROKKA_34391,27.17,3,1,1,,30458,EamA-like transporter family protein
42,166975,ETNP_100m_particle_PROKKA_59060,26.73,12,1,1,,6573,hypothetical protein
92,99518,ETNP14_68maa_PROKKA_174623,25.77,9,1,1,,10654,hypothetical protein
157,166983,ETNP_120m_particle_PROKKA_150654,25.41,3,1,1,,35745,hypothetical protein
158,166985,ETNP_120m_particle_PROKKA_147419,25.38,3,1,1,,26636,hypothetical protein
159,166986,ETNP_300m_PROKKA_59870,25.34,11,1,1,,6664,hypothetical protein
159,166988,WP_006171502,25.34,5,1,1,,15497,hypothetical protein Synechococcus sp WH 5701
159,166989,ETNP_160m_PROKKA_49177,25.34,5,1,1,,16500,hypothetical protein
160,166991,ETNP_300m_PROKKA_87744,25.19,4,1,1,,22859,PGL/p-HBAD biosynthesis glycosyltransferase/MT3031
161,166992,ETNP_100m_PROKKA_54759,25.13,17,1,1,,4687,hypothetical protein
74,166909,ETNP_120m_free_PROKKA_224621,24.09,3,1,1,,28637,Streptothricin hydrolase
163,167000,KUK90712,24.05,4,1,1,,23919,haloacid dehalogenase superfamily protein subfamily IA variant 3 with third motif having DD or ED Marinimicrobia bacterium 46_43
54,99549,WP_011397246,23.78,2,1,1,,45673,hypothetical protein Hahella chejuensis
20,167002,ETNP_140m_PROKKA_140679,23.27,3,1,1,,34012,hypothetical protein
164,167001,ETNP14_68maa_PROKKA_159669,23.25,4,1,1,,21093,hypothetical protein
29,167004,ETNP_120m_free_PROKKA_289373,23.02,7,1,1,,10074,hypothetical protein
24,166995,YP_007677407.1,23.00,1,1,1,,105836,hypothetical protein CYXG_00218 [Synechococcus phage S-SSM4]
24,166996,AGG54360.1,23.00,1,1,1,,105836,hypothetical protein CYWG_00076 [Cyanophage S-SSM6b]
24,166997,AGG54282.1,23.00,1,1,1,,105836,hypothetical protein CYXG_00218 [Synechococcus phage S-SSM4]
55,167006,ETNP_160m_PROKKA_154619,22.60,2,1,1,,46004,selenocysteine synthase
55,167007,ETNP_140m_PROKKA_42487,22.60,2,1,1,,46034,selenocysteine synthase
17,166942,ETNP_160m_PROKKA_144734,22.51,2,1,1,,43418,L-2-hydroxyglutarate oxidase LhgO
165,167008,ETNP_70m_PROKKA_87159,22.50,4,1,1,,21577,Dihydrolipoyllysine-residue acetyltransferase component of pyruvate dehydrogenase complex
94,167014,ETNP14_120mab_PROKKA_104334,22.50,3,1,1,,23987,hypothetical protein
44,167010,ETNP_120m_free_PROKKA_226940,22.42,4,1,1,,21370,hypothetical protein
166,167018,WP_036913118,22.20,3,1,1,,36895,4-hydroxythreonine-4-phosphate dehydrogenase Prochlorococcus
167,167043,ETNP_70m_PROKKA_10188,21.88,2,1,1,,32799,hypothetical protein
167,167047,ETNP_70m_PROKKA_17013,21.88,2,1,1,,43645,Polyribonucleotide nucleotidyltransferase
167,167048,ETNP_180m_PROKKA_106879,21.88,2,1,1,,48297,Ribosomal protein S12 methylthiotransferase RimO
167,167064,ETNP14_68maa_PROKKA_03814,21.88,1,1,1,,85633,Polyribonucleotide nucleotidyltransferase
167,167065,ETNP_90m_PROKKA_33318,21.88,1,1,1,,85633,Polyribonucleotide nucleotidyltransferase
57,167052,NP_100m_PROKKA_06378,21.69,2,1,1,,49172,Periplasmic serine endoprotease DegP precursor
109,6883,ETNP_120m_free_PROKKA_61426,21.66,1,1,1,,84573,SPBc2 prophage-derived glycosyltransferase SunS
56,167045,ETNP14_68mB_PROKKA_138428,21.50,8,1,1,,9690,hypothetical protein
56,167046,ETNP14_68mB_PROKKA_158046,21.50,8,1,1,,9744,hypothetical protein
56,167049,ETNP_120m_free_PROKKA_219005,21.50,3,1,1,,22904,Malate dehydrogenase
56,167050,ETNP_140m_PROKKA_121449,21.50,3,1,1,,28367,Malate dehydrogenase
56,167051,ETNP_300m_PROKKA_91576,21.50,2,1,1,,32665,Malate dehydrogenase
56,167053,ETNP_160m_PROKKA_158642,21.50,2,1,1,,35707,Malate dehydrogenase
30,167062,WP_011129412,21.32,2,1,1,,36934,4-hydroxythreonine-4-phosphate dehydrogenase Prochlorococcus marinus
176,167081,ETNP14_68maa_PROKKA_05270,21.20,1,1,1,,85367,Ribonucleoside-diphosphate reductase 1 subunit alpha
170,167063,ETNP_100m_particle_PROKKA_98460,20.94,8,1,1,,10038,hypothetical protein
170,167066,ETNP14_120maa_PROKKA_114182,20.94,4,1,1,,17646,hypothetical protein
171,167067,ETNP14_68mB_PROKKA_29730,20.65,4,1,1,,20128,hypothetical protein
103,167030,XP_003064239,20.53,2,1,1,,71635,heat shock protein 70kDa  Micromonas pusilla CCMP1545
103,167068,XP_003083987,20.53,2,1,1,,72284,putative hsp70 ISS  Ostreococcus tauri
103,167069,XP_002177351,20.53,2,1,1,,70962,protein heat shock protein Hsp70  Phaeodactylum tricornutum CCAP 1055
103,167070,EJK51576,20.53,2,1,1,,71288,hypothetical protein THAOC_29236  Thalassiosira oceanica
103,167071,EJK52355,20.53,2,1,1,,71288,hypothetical protein THAOC_28380  Thalassiosira oceanica
172,167074,XP_003078492,20.42,2,1,1,,52928,Dystonin GAS Growth-arrest-specific protein and related proteins ISS  Ostreococcus tauri
174,167078,ETNP14_68maa_PROKKA_168043,20.42,4,1,1,,20185,2-amino-4-hydroxy-6-hydroxymethyldihydropteridine pyrophosphokinase
174,167080,ETNP14_68maa_PROKKA_162301,20.42,4,1,1,,20305,2-amino-4-hydroxy-6-hydroxymethyldihydropteridine pyrophosphokinase
174,167082,ETNP_300m_PROKKA_137793,20.42,4,1,1,,21759,Bifunctional folate synthesis protein
174,167083,ETNP_120m_free_PROKKA_88304,20.42,4,1,1,,21789,Bifunctional folate synthesis protein
174,167084,ETNP_160m_PROKKA_76681,20.42,4,1,1,,21789,Bifunctional folate synthesis protein
173,167075,ETNP_120m_particle_PROKKA_203977,20.32,4,1,1,,22660,2-hydroxypropyl-CoM lyase
173,167076,ETNP_180m_PROKKA_186439,20.32,2,1,1,,35929,5-methyltetrahydropteroyltriglutamate--homocysteine methyltransferase
173,167077,NP_300m_PROKKA_18185,20.32,2,1,1,,38774,5-methyltetrahydropteroyltriglutamate--homocysteine methyltransferase
96,167017,ETNP_300m_PROKKA_189353,20.22,2,1,1,,41780,hypothetical protein
96,167087,ETNP14_68mB_PROKKA_87826,20.22,3,1,1,,23299,Adenylate cyclase 2
178,167091,ETNP_150m_particle_PROKKA_40253,20.22,2,1,1,,45507,Putative oxidoreductase/MT0587
43,167009,ETNP_100m_particle_PROKKA_113414,20.19,7,1,1,,16767,Transcriptional activator protein CzcR
