Pressure [dbar],StartTime,depSMignore,latitude,longitude,t090C,t190C,potemp090C,sal00,sal11,density00,sigma-t00,flSP,sbox0Mm/Kg,oxsolMm/Kg,CStarAt0,CStarTr0,v2,v3,par,scan,nbin,flag
73.0,2017-01-09 12:22:53,72.555,16.53064,-107.10372,19.5797,19.5786,19.5665,34.571,34.5799,1024.8635,24.5443,0.42699,29.805,227.89982999999998,0.1425,96.4994,0.0332,0.0357,0.01284,4762.0,39.0,False
74.0,2017-01-09 12:22:53,73.54899999999999,16.53064,-107.10372,19.422,19.4146,19.4087,34.5737,34.5845,1024.9108,24.5871,0.4209,24.631999999999998,228.55192000000002,0.1409,96.5388,0.0332,0.0357,0.013227000000000001,4804.0,45.0,False
75.0,2017-01-09 12:22:53,74.543,16.53064,-107.10372,19.1535,19.1435,19.1401,34.5899,34.6004,1024.9969,24.6685,0.4182,22.711,229.65152,0.1411,96.5327,0.0333,0.0355,0.012981,4851.0,50.0,False
76.0,2017-01-09 12:22:53,75.536,16.53064,-107.10372,18.905,18.8985,18.8916,34.6137,34.6221,1025.083,24.7501,0.41241000000000005,17.377,230.66495,0.1393,96.577,0.0332,0.0357,0.012974000000000001,4907.0,66.0,False
77.0,2017-01-09 12:22:53,76.53,16.53064,-107.10372,18.8011,18.809,18.7876,34.6036,34.6094,1025.1061,24.7686,0.39242,13.825,231.12222000000003,0.1372,96.6275,0.0332,0.0356,0.01311,4973.0,52.0,False
78.0,2017-01-09 12:22:53,77.524,16.53064,-107.10372,18.7702,18.7701,18.7565,34.6003,34.6093,1025.1158,24.774,0.38819000000000004,13.687999999999999,231.259,0.1375,96.6206,0.0332,0.0356,0.012816999999999999,5014.0,35.0,False
79.0,2017-01-09 12:22:53,78.517,16.53064,-107.10372,18.7317,18.7309,18.7178,34.6003,34.6096,1025.1299,24.7837,0.39352,13.107999999999999,231.42356,0.1382,96.6043,0.0331,0.0354,0.012779,5048.0,34.0,False
80.0,2017-01-09 12:22:53,79.51100000000001,16.53064,-107.10372,18.6998,18.6995,18.6858,34.603,34.6127,1025.1445,24.7938,0.40614,12.642999999999999,231.55518999999998,0.1423,96.505,0.0332,0.0354,0.012721,5092.0,57.0,False
81.0,2017-01-09 12:22:53,80.505,16.53064,-107.10372,18.6949,18.6946,18.6807,34.6001,34.609,1025.1478,24.7928,0.38937,11.929,231.58085,0.1373,96.6254,0.0331,0.0353,0.012602,5148.0,48.0,False
82.0,2017-01-09 12:22:53,81.498,16.53064,-107.10372,18.6906,18.6907,18.6762,34.5989,34.608,1025.1525,24.793,0.38348000000000004,11.940999999999999,231.60112999999998,0.1375,96.6212,0.0332,0.0353,0.013080000000000001,5190.0,40.0,False
83.0,2017-01-09 12:22:53,82.492,16.53064,-107.10372,18.6888,18.6888,18.6742,34.5988,34.6082,1025.1572,24.7933,0.39885,11.835999999999999,231.60896,0.1398,96.5664,0.0332,0.0352,0.012792,5239.0,56.0,False
84.0,2017-01-09 12:22:53,83.486,16.53064,-107.10372,18.6828,18.6823,18.6681,34.5973,34.6065,1025.1619,24.7937,0.3807,11.645999999999999,231.6368,0.1367,96.6408,0.0331,0.0352,0.012819,5293.0,46.0,False
85.0,2017-01-09 12:22:53,84.479,16.53064,-107.10372,18.5768,18.5766,18.562,34.6022,34.6119,1025.1968,24.8241,0.38921999999999995,11.612,232.08357,0.1387,96.5912,0.0331,0.0351,0.012806,5331.0,38.0,False
86.0,2017-01-09 12:22:53,85.473,16.53064,-107.10372,18.5044,18.504,18.4894,34.6101,34.6189,1025.2255,24.8483,0.42975,10.452,232.38245,0.1415,96.5237,0.0332,0.0353,0.012787999999999999,5380.0,61.0,False
87.0,2017-01-09 12:22:53,86.46700000000001,16.53064,-107.10372,18.4125,18.4124,18.3974,34.6223,34.6312,1025.2623,24.8806,0.4235,9.062999999999999,232.75976,0.1503,96.3119,0.0331,0.0351,0.012691,5437.0,45.0,False
88.0,2017-01-09 12:22:53,87.46,16.53064,-107.10372,18.2682,18.2677,18.253,34.6368,34.646,1025.3138,24.9276,0.41661000000000004,6.879,233.36137999999997,0.1509,96.2979,0.0334,0.035,0.012759999999999999,5479.0,43.0,False
89.0,2017-01-09 12:22:53,88.454,16.53064,-107.10372,18.2294,18.2301,18.2141,34.6404,34.6491,1025.3306,24.94,0.41452,4.204,233.52426,0.1453,96.4331,0.0331,0.0353,0.012641,5531.0,56.0,False
90.0,2017-01-09 12:22:53,89.448,16.53064,-107.10372,18.0565,18.0544,18.0411,34.6524,34.6619,1025.3871,24.9919,0.41444,4.0969999999999995,234.25918,0.1528,96.2507,0.0331,0.0352,0.012577,5583.0,49.0,False
91.0,2017-01-09 12:22:53,90.44200000000001,16.53064,-107.10372,17.8696,17.8677,17.8541,34.6688,34.6783,1025.4503,25.0504,0.40944,3.398,235.05272000000002,0.145,96.4392,0.033,0.0351,0.012654,5624.0,38.0,False
92.0,2017-01-09 12:22:53,91.435,16.53064,-107.10372,17.7723,17.7724,17.7567,34.677,34.6855,1025.4848,25.0804,0.38995,2.141,235.46867000000003,0.1442,96.4599,0.0331,0.0349,0.012597,5665.0,43.0,False
93.0,2017-01-09 12:22:53,92.429,16.53064,-107.10372,17.621,17.6217,17.6053,34.6863,34.6945,1025.5334,25.1244,0.37239,2.36,236.12332,0.1373,96.6266,0.0331,0.0349,0.012505,5711.0,45.0,False
94.0,2017-01-09 12:22:53,93.42200000000001,16.53064,-107.10372,17.4656,17.4653,17.4498,34.6935,34.701,1025.5811,25.1676,0.3174,2.206,236.80354,0.1357,96.665,0.033,0.0348,0.012584,5760.0,52.0,False
95.0,2017-01-09 12:22:53,94.416,16.53064,-107.10372,17.3044,17.3021,17.2886,34.7075,34.7159,1025.6352,25.2171,0.28217,1.379,237.50237,0.1318,96.759,0.033,0.0347,0.012309,5824.0,68.0,False
96.0,2017-01-09 12:22:53,95.41,16.53064,-107.10372,17.2438,17.2426,17.2279,34.6956,34.7046,1025.6451,25.2225,0.24766999999999997,0.996,237.79345,0.1277,96.8575,0.033,0.0348,0.012265999999999999,5885.0,50.0,False
97.0,2017-01-09 12:22:53,96.40299999999999,16.53064,-107.10372,17.0999,17.0985,17.0839,34.7053,34.7154,1025.6915,25.2643,0.24685,0.981,238.42718,0.1278,96.8553,0.033,0.0348,0.012192,5925.0,34.0,False
98.0,2017-01-09 12:22:53,97.397,16.53064,-107.10372,16.9645,16.9633,16.9484,34.7138,34.7225,1025.7348,25.303,0.24197,0.975,239.02714,0.1293,96.8196,0.033,0.0346,0.012091,5953.0,28.0,False
99.0,2017-01-09 12:22:53,98.39,16.53064,-107.10372,16.8085,16.8089,16.7924,34.7277,34.7352,1025.7869,25.3505,0.21675999999999998,1.037,239.7151,0.1294,96.8178,0.033,0.0347,0.011895999999999999,5986.0,40.0,False
100.0,2017-01-09 12:22:53,99.384,16.53064,-107.10372,16.8386,16.8434,16.8223,34.7252,34.7343,1025.7822,25.3415,0.21343,0.951,239.58212000000003,0.1275,96.8629,0.0331,0.0347,0.011685,6051.0,78.0,False
101.0,2017-01-09 12:22:53,100.37799999999999,16.53064,-107.10372,16.6987,16.6987,16.6823,34.7296,34.7384,1025.8232,25.3778,0.18124,0.9179999999999999,240.2145,0.1234,96.9609,0.0331,0.0346,0.011602,6111.0,48.0,False
102.0,2017-01-09 12:22:53,101.37100000000001,16.53064,-107.10372,16.5967,16.5985,16.5803,34.7373,34.7417,1025.8575,25.4076,0.1719,0.875,240.6706,0.1242,96.9421,0.033,0.0347,0.011358,6162.0,53.0,False
103.0,2017-01-09 12:22:53,102.365,16.53064,-107.10372,16.4006,16.3985,16.384,34.7468,34.7556,1025.9152,25.4606,0.17006,0.82,241.56072999999998,0.1224,96.9856,0.0331,0.0347,0.011307,6214.0,45.0,False
104.0,2017-01-09 12:22:53,103.35799999999999,16.53064,-107.10372,16.346,16.3457,16.3294,34.7488,34.7581,1025.9339,25.4748,0.15863,0.8190000000000001,241.81058,0.1226,96.9803,0.033,0.0347,0.011319,6253.0,34.0,False
105.0,2017-01-09 12:22:53,104.352,16.53064,-107.10372,16.1924,16.1959,16.1758,34.7524,34.7607,1025.9767,25.5129,0.18745,0.794,242.52135,0.1225,96.9846,0.033,0.0345,0.011278,6288.0,38.0,False
106.0,2017-01-09 12:22:53,105.346,16.53064,-107.10372,15.8421,15.8432,15.8255,34.7656,34.7747,1026.0719,25.6032,0.34889000000000003,0.935,244.14558,0.1306,96.7882,0.033,0.0348,0.011257,6340.0,69.0,False
107.0,2017-01-09 12:22:53,106.339,16.53064,-107.10372,15.7208,15.7216,15.7041,34.7629,34.7714,1026.1019,25.6286,0.34767,0.9179999999999999,244.72465,0.1313,96.7717,0.0331,0.0345,0.011278,6400.0,43.0,False
108.0,2017-01-09 12:22:53,107.333,16.53064,-107.10372,15.6701,15.6702,15.6533,34.7636,34.7725,1026.1185,25.6407,0.35875999999999997,0.8220000000000001,244.96455,0.1311,96.7771,0.0329,0.0344,0.011142,6438.0,40.0,False
109.0,2017-01-09 12:22:53,108.32600000000001,16.53064,-107.10372,15.613,15.6133,15.5961,34.7693,34.7778,1026.1402,25.6579,0.33257,0.765,245.2267,0.1314,96.7693,0.033,0.0345,0.010775,6485.0,51.0,False
110.0,2017-01-09 12:22:53,109.32,16.53064,-107.10372,15.563,15.563,15.546,34.7695,34.7784,1026.1561,25.6693,0.30603,0.8,245.46523,0.1304,96.7929,0.0329,0.0345,0.010329999999999999,6528.0,32.0,False
111.0,2017-01-09 12:22:53,110.31299999999999,16.53064,-107.10372,15.5369,15.5367,15.5197,34.7702,34.779,1026.167,25.6757,0.29352,0.804,245.58909,0.1295,96.8155,0.0329,0.0342,0.010215,6555.0,24.0,False
112.0,2017-01-09 12:22:53,111.307,16.53064,-107.10372,15.509,15.5086,15.4917,34.7701,34.7792,1026.1776,25.6819,0.29064,0.805,245.7223,0.1302,96.7985,0.033,0.0344,0.0103,6580.0,26.0,False
113.0,2017-01-09 12:22:53,112.301,16.53064,-107.10372,15.4455,15.4449,15.4281,34.772,34.7812,1026.1978,25.6975,0.29796999999999996,0.7809999999999999,246.0238,0.132,96.7533,0.033,0.0344,0.01035,6608.0,32.0,False
114.0,2017-01-09 12:22:53,113.294,16.53064,-107.10372,15.2267,15.2238,15.2093,34.7657,34.775,1026.2464,25.7413,0.41768,0.8,247.09046,0.1337,96.7135,0.033,0.0344,0.010065000000000001,6642.0,34.0,False
115.0,2017-01-09 12:22:53,114.287,16.53064,-107.10372,14.9879,14.987,14.9706,34.7696,34.7786,1026.3069,25.7969,0.47988000000000003,0.815,248.24302999999998,0.1407,96.5444,0.0329,0.0344,0.010158,6674.0,29.0,False
116.0,2017-01-09 12:22:53,115.281,16.53064,-107.10372,14.9337,14.9336,14.9162,34.7689,34.7774,1026.3228,25.8083,0.47112,0.825,248.50932999999998,0.141,96.5354,0.0329,0.0342,0.010101,6699.0,24.0,False
117.0,2017-01-09 12:22:53,116.274,16.53064,-107.10372,14.8989,14.8986,14.8813,34.7656,34.7743,1026.3324,25.8134,0.4866,0.815,248.68536,0.1424,96.5024,0.0329,0.0342,0.0099823,6724.0,24.0,False
118.0,2017-01-09 12:22:53,117.26799999999999,16.53064,-107.10372,14.8664,14.8661,14.8488,34.763,34.7718,1026.3419,25.8184,0.5078199999999999,0.816,248.84887,0.1436,96.4747,0.033,0.0342,0.0099154,6749.0,28.0,False
119.0,2017-01-09 12:22:53,118.262,16.53064,-107.10372,14.8316,14.8312,14.8138,34.7605,34.7693,1026.352,25.8241,0.52159,0.816,249.02438999999998,0.1443,96.458,0.0329,0.0342,0.0098069,6775.0,24.0,False
120.0,2017-01-09 12:22:53,119.255,16.53064,-107.10372,14.8022,14.8022,14.7843,34.7582,34.7669,1026.3612,25.8287,0.5342899999999999,0.805,249.17233,0.1454,96.4314,0.0329,0.0344,0.0098008,6799.0,22.0,False
121.0,2017-01-09 12:22:53,120.249,16.53064,-107.10372,14.7745,14.7736,14.7565,34.7557,34.7644,1026.3697,25.8328,0.54627,0.753,249.31312999999997,0.1456,96.4242,0.0328,0.0343,0.009729999999999999,6820.0,21.0,False
122.0,2017-01-09 12:22:53,121.242,16.53064,-107.10372,14.7147,14.7138,14.6966,34.7554,34.7641,1026.387,25.8455,0.56471,0.725,249.60821,0.1463,96.4076,0.0329,0.0341,0.009802600000000002,6842.0,22.0,False
123.0,2017-01-09 12:22:53,122.236,16.53064,-107.10372,14.6568,14.6544,14.6385,34.7566,34.7655,1026.405,25.859,0.58091,0.675,249.89227999999997,0.147,96.3921,0.0328,0.0343,0.0095881,6866.0,26.0,False
124.0,2017-01-09 12:22:53,123.229,16.53064,-107.10372,14.6312,14.6308,14.6128,34.7562,34.765,1026.4148,25.8643,0.58521,0.642,250.01962999999998,0.147,96.3916,0.033,0.0342,0.009562799999999998,6893.0,28.0,False
125.0,2017-01-09 12:22:53,124.223,16.53064,-107.10372,14.5706,14.5687,14.5521,34.7561,34.7652,1026.4322,25.8772,0.5809300000000001,0.6890000000000001,250.32009,0.1467,96.3984,0.033,0.0339,0.009327,6919.0,26.0,False
126.0,2017-01-09 12:22:53,125.21600000000001,16.53064,-107.10372,14.4222,14.4199,14.4037,34.7627,34.7722,1026.474,25.9142,0.57296,0.655,251.04654,0.147,96.391,0.0328,0.0338,0.009525299999999999,6945.0,25.0,False
127.0,2017-01-09 12:22:53,126.21,16.53064,-107.10372,14.3558,14.3554,14.3372,34.7672,34.7757,1026.4962,25.9319,0.58141,0.701,251.37015,0.1454,96.4302,0.0326,0.0339,0.0093941,6971.0,27.0,False
128.0,2017-01-09 12:22:53,127.20299999999999,16.53064,-107.10372,14.3183,14.3181,14.2996,34.7675,34.776,1026.509,25.9401,0.58175,0.6859999999999999,251.55717,0.1451,96.4367,0.0325,0.0337,0.0090236,6998.0,27.0,False
129.0,2017-01-09 12:22:53,128.196,16.53064,-107.10372,14.2756,14.2753,14.2568,34.7678,34.7762,1026.5228,25.9494,0.57596,0.685,251.77086,0.1455,96.4275,0.0327,0.0337,0.0089422,7025.0,26.0,False
130.0,2017-01-09 12:22:53,129.19,16.53064,-107.10372,14.2275,14.2274,14.2086,34.7678,34.7759,1026.5376,25.9596,0.5832,0.6779999999999999,252.01207999999997,0.1462,96.4108,0.0327,0.0334,0.008890299999999999,7050.0,26.0,False
131.0,2017-01-09 12:22:53,130.183,16.53064,-107.10372,14.1426,14.1424,14.1236,34.7724,34.7808,1026.5637,25.9811,0.58658,0.627,252.43156000000002,0.1475,96.3805,0.0327,0.0337,0.0088851,7075.0,23.0,False
132.0,2017-01-09 12:22:53,131.17700000000002,16.53064,-107.10372,14.0562,14.056,14.0372,34.7741,34.7823,1026.5879,26.0007,0.61961,0.633,252.8642,0.1482,96.3619,0.0327,0.0338,0.008672599999999999,7100.0,25.0,False
133.0,2017-01-09 12:22:53,132.17,16.53064,-107.10372,13.9581,13.9578,13.939,34.7765,34.7849,1026.615,26.0232,0.66869,0.677,253.35677,0.1481,96.3659,0.0325,0.0336,0.008765,7124.0,23.0,False
134.0,2017-01-09 12:22:53,133.164,16.53064,-107.10372,13.8778,13.8772,13.8586,34.7794,34.7878,1026.6387,26.0422,0.7281,0.7140000000000001,253.76032999999998,0.1478,96.3734,0.0326,0.0337,0.0085199,7145.0,21.0,False
135.0,2017-01-09 12:22:53,134.157,16.53064,-107.10372,13.8149,13.8143,13.7956,34.7828,34.791,1026.659,26.0579,0.76546,0.6709999999999999,254.07462999999998,0.1485,96.356,0.0324,0.0337,0.008523600000000001,7166.0,21.0,False
136.0,2017-01-09 12:22:53,135.15,16.53064,-107.10372,13.7129,13.7112,13.6936,34.7829,34.7914,1026.685,26.0792,0.7331,0.7020000000000001,254.59576,0.147,96.3922,0.0324,0.0338,0.0084572,7186.0,20.0,False
137.0,2017-01-09 12:22:53,136.144,16.53064,-107.10372,13.6303,13.6299,13.611,34.7886,34.7968,1026.7111,26.1007,0.69882,0.674,255.0091,0.1487,96.3505,0.0323,0.0336,0.0084565,7209.0,24.0,False
138.0,2017-01-09 12:22:53,137.137,16.53064,-107.10372,13.6019,13.6026,13.5824,34.7868,34.795,1026.7201,26.1053,0.69115,0.7140000000000001,255.15863,0.1476,96.3777,0.0328,0.034,0.0084565,7235.0,29.0,False
139.0,2017-01-09 12:22:53,138.131,16.53064,-107.10372,13.5588,13.5589,13.5392,34.7858,34.7938,1026.7327,26.1133,0.66622,0.675,255.38203,0.1475,96.3804,0.0326,0.0338,0.0084565,7263.0,27.0,False
140.0,2017-01-09 12:22:53,139.124,16.53064,-107.10372,13.4617,13.4618,13.442,34.7885,34.7961,1026.7595,26.1354,0.58332,0.654,255.87864,0.1471,96.3889,0.0323,0.0336,0.0084565,7289.0,25.0,False
141.0,2017-01-09 12:22:53,140.11700000000002,16.53064,-107.10372,13.3981,13.398,13.3784,34.791,34.7991,1026.779,26.1503,0.53473,0.563,256.20284,0.1463,96.4072,0.0326,0.0336,0.0084565,7315.0,25.0,False
142.0,2017-01-09 12:22:53,141.111,16.53064,-107.10372,13.3571,13.3572,13.3373,34.7928,34.8007,1026.7933,26.1601,0.49778,0.621,256.41228,0.1474,96.3825,0.0326,0.0337,0.0083131,7342.0,29.0,False
143.0,2017-01-09 12:22:53,142.10399999999998,16.53064,-107.10372,13.2983,13.299,13.2784,34.7933,34.8011,1026.8103,26.1725,0.44515,0.534,256.71722,0.1454,96.4313,0.0326,0.0338,0.0083558,7370.0,28.0,False
144.0,2017-01-09 12:22:53,143.09799999999998,16.53064,-107.10372,13.2194,13.2192,13.1995,34.7933,34.8012,1026.831,26.1885,0.38255,0.544,257.12811,0.1424,96.5038,0.0324,0.0336,0.008403,7398.0,26.0,False
145.0,2017-01-09 12:22:53,144.091,16.53064,-107.10372,13.1857,13.1854,13.1656,34.7939,34.8023,1026.8428,26.1958,0.34763,0.583,257.30325,0.1432,96.4841,0.0323,0.0337,0.0080912,7422.0,23.0,False
146.0,2017-01-09 12:22:53,145.085,16.53064,-107.10372,13.13,13.1295,13.1099,34.796,34.8043,1026.8603,26.2087,0.29764,0.552,257.59067000000005,0.1417,96.5197,0.0322,0.0334,0.0078217,7444.0,20.0,False
147.0,2017-01-09 12:22:53,146.078,16.53064,-107.10372,13.0823,13.0824,13.0621,34.7973,34.8056,1026.8755,26.2193,0.26593,0.565,257.83838,0.1401,96.5583,0.0323,0.0336,0.0081294,7465.0,21.0,False
148.0,2017-01-09 12:22:53,147.071,16.53064,-107.10372,13.0682,13.0683,13.0478,34.7958,34.8041,1026.8816,26.221,0.25592,0.5870000000000001,257.9151,0.1388,96.5902,0.0321,0.0336,0.0077155,7485.0,21.0,False
149.0,2017-01-09 12:22:53,148.065,16.53064,-107.10372,13.0498,13.0498,13.0293,34.7948,34.803,1026.8891,26.2239,0.2511,0.5479999999999999,258.01358,0.1392,96.5787,0.0325,0.0336,0.0080841,7507.0,22.0,False
150.0,2017-01-09 12:22:53,149.058,16.53064,-107.10372,13.0225,13.0228,13.0019,34.7938,34.8019,1026.8983,26.2286,0.24270999999999998,0.5489999999999999,258.15887999999995,0.1391,96.5815,0.0324,0.0335,0.0079131,7531.0,26.0,False
151.0,2017-01-09 12:22:53,150.05100000000002,16.53064,-107.10372,12.9823,12.9821,12.9616,34.7934,34.8013,1026.9106,26.2364,0.22361,0.556,258.37116000000003,0.1386,96.5941,0.0322,0.0334,0.0079048,7557.0,28.0,False
152.0,2017-01-09 12:22:53,151.045,16.53064,-107.10372,12.9374,12.9376,12.9167,34.7927,34.8008,1026.9236,26.2448,0.19959000000000002,0.5589999999999999,258.60866,0.139,96.5838,0.0324,0.0336,0.0072516,7586.0,28.0,False
153.0,2017-01-09 12:22:53,152.03799999999998,16.53064,-107.10372,12.9132,12.9131,12.8923,34.7932,34.8016,1026.9334,26.2501,0.18487,0.5579999999999999,258.73561,0.1401,96.5591,0.0322,0.0335,0.0073512000000000004,7614.0,28.0,False
154.0,2017-01-09 12:22:53,153.031,16.53064,-107.10372,12.9026,12.9025,12.8816,34.7928,34.8012,1026.9397,26.2518,0.17809,0.561,258.79251,0.1383,96.6024,0.0322,0.0335,0.007108,7642.0,27.0,False
155.0,2017-01-09 12:22:53,154.025,16.53064,-107.10372,12.8894,12.8893,12.8683,34.792,34.8005,1026.9462,26.2538,0.1701,0.532,258.86376,0.1385,96.5969,0.0322,0.0336,0.0072419,7666.0,22.0,False
156.0,2017-01-09 12:22:53,155.018,16.53064,-107.10372,12.8669,12.8669,12.8456,34.792,34.8005,1026.9552,26.2583,0.15884,0.51,258.98272000000003,0.1372,96.629,0.032,0.0332,0.0070479,7688.0,21.0,False
157.0,2017-01-09 12:22:53,156.011,16.53064,-107.10372,12.8505,12.8507,12.8292,34.7926,34.8009,1026.9634,26.2621,0.15027000000000001,0.565,259.06818,0.1374,96.6229,0.0321,0.0335,0.0071809,7710.0,22.0,False
158.0,2017-01-09 12:22:53,157.005,16.53064,-107.10372,12.8309,12.831,12.8095,34.7934,34.8018,1026.9725,26.2667,0.14082,0.54,259.17022000000003,0.1377,96.6158,0.0321,0.0337,0.0070518,7732.0,22.0,False
159.0,2017-01-09 12:22:53,157.998,16.53064,-107.10372,12.8202,12.8203,12.7986,34.7935,34.8019,1026.9791,26.2688,0.13665,0.46799999999999997,259.22677999999996,0.1375,96.6207,0.0323,0.0337,0.0070521,7756.0,26.0,False
160.0,2017-01-09 12:22:53,158.991,16.53064,-107.10372,12.811,12.8111,12.7893,34.7931,34.8016,1026.9852,26.2703,0.13512000000000002,0.507,259.27632,0.1371,96.6302,0.032,0.0334,0.007,7782.0,27.0,False
161.0,2017-01-09 12:22:53,159.985,16.53064,-107.10372,12.7882,12.788,12.7664,34.7934,34.802,1026.9944,26.2751,0.12684,0.45799999999999996,259.39689,0.137,96.6333,0.0321,0.0336,0.0067045,7809.0,28.0,False
162.0,2017-01-09 12:22:53,160.97799999999998,16.53064,-107.10372,12.7651,12.765,12.7431,34.7984,34.8068,1027.0074,26.2836,0.11072,0.40399999999999997,259.51046,0.1367,96.6407,0.032,0.0334,0.0066444,7835.0,24.0,False
163.0,2017-01-09 12:22:53,161.971,16.53064,-107.10372,12.7558,12.7562,12.7338,34.7998,34.8081,1027.0148,26.2864,0.10727,0.42,259.55712,0.1357,96.6649,0.0319,0.0335,0.0065847,7860.0,24.0,False
164.0,2017-01-09 12:22:53,162.964,16.53064,-107.10372,12.7333,12.7332,12.7111,34.8014,34.8098,1027.0251,26.2922,0.097785,0.40700000000000003,259.67368,0.1357,96.6648,0.032,0.0334,0.0066041,7884.0,25.0,False
165.0,2017-01-09 12:22:53,163.958,16.53064,-107.10372,12.7197,12.7197,12.6974,34.8042,34.8128,1027.0345,26.2971,0.093363,0.43,259.74089,0.1349,96.6823,0.032,0.0335,0.0060179,7910.0,27.0,False
166.0,2017-01-09 12:22:53,164.951,16.53064,-107.10372,12.7002,12.7002,12.6778,34.8148,34.8234,1027.051,26.3091,0.076488,0.435,259.82527000000005,0.1344,96.6952,0.032,0.0333,0.006176600000000001,7935.0,24.0,False
167.0,2017-01-09 12:22:53,165.94400000000002,16.53064,-107.10372,12.6917,12.6918,12.6692,34.8168,34.8254,1027.0587,26.3124,0.075653,0.408,259.8669,0.1353,96.6738,0.032,0.0333,0.0060178,7959.0,23.0,False
168.0,2017-01-09 12:22:53,166.938,16.53064,-107.10372,12.6817,12.6819,12.659,34.8163,34.8252,1027.0649,26.314,0.07270700000000001,0.441,259.92114,0.1322,96.7501,0.0318,0.0333,0.0058739,7980.0,19.0,False
169.0,2017-01-09 12:22:53,167.93099999999998,16.53064,-107.10372,12.6652,12.6658,12.6424,34.815,34.8234,1027.0716,26.3162,0.070815,0.434,260.01153999999997,0.1323,96.7478,0.032,0.0333,0.0060313,8000.0,19.0,False
170.0,2017-01-09 12:22:53,168.924,16.53064,-107.10372,12.6499,12.6505,12.627,34.8139,34.8225,1027.0783,26.3184,0.072354,0.43700000000000006,260.09479,0.1323,96.7464,0.032,0.0334,0.0058275,8022.0,23.0,False
171.0,2017-01-09 12:22:53,169.918,16.53064,-107.10372,12.638,12.6382,12.615,34.8139,34.8224,1027.0851,26.3207,0.07184700000000001,0.409,260.15826,0.1322,96.7504,0.0319,0.0334,0.0057042,8046.0,26.0,False
172.0,2017-01-09 12:22:53,170.91099999999997,16.53064,-107.10372,12.6316,12.6316,12.6084,34.8133,34.8218,1027.0904,26.3215,0.07191399999999999,0.42,260.19382,0.132,96.7547,0.032,0.0334,0.005653899999999999,8073.0,30.0,False
173.0,2017-01-09 12:22:53,171.90400000000002,16.53064,-107.10372,12.6227,12.6229,12.5995,34.8132,34.8219,1027.0966,26.3232,0.07282000000000001,0.423,260.24093999999997,0.1321,96.753,0.0321,0.0334,0.0056516000000000005,8106.0,34.0,False
174.0,2017-01-09 12:22:53,172.89700000000002,16.53064,-107.10372,12.6134,12.6135,12.59,34.8136,34.8223,1027.1032,26.3253,0.070845,0.415,260.2903,0.132,96.7543,0.0319,0.0333,0.0056516000000000005,8138.0,29.0,False
175.0,2017-01-09 12:22:53,173.891,16.53064,-107.10372,12.6053,12.6053,12.5818,34.8143,34.8229,1027.1098,26.3274,0.07046799999999999,0.419,260.33217,0.1311,96.7752,0.0319,0.0331,0.0056516000000000005,8163.0,21.0,False
176.0,2017-01-09 12:22:53,174.88400000000001,16.53064,-107.10372,12.5956,12.5956,12.5719,34.8139,34.8225,1027.1159,26.3291,0.070759,0.43200000000000005,260.38496000000004,0.1311,96.7756,0.032,0.0331,0.0055768,8183.0,19.0,False
177.0,2017-01-09 12:22:53,175.878,16.53064,-107.10372,12.576,12.576,12.5522,34.8123,34.8209,1027.1231,26.3317,0.068222,0.425,260.49246,0.1308,96.7825,0.0318,0.0332,0.005578100000000001,8202.0,19.0,False
178.0,2017-01-09 12:22:53,176.87,16.53064,-107.10372,12.5461,12.5462,12.5223,34.8111,34.8196,1027.1326,26.3367,0.067852,0.424,260.6545,0.1306,96.7889,0.0318,0.0331,0.005585100000000001,8222.0,21.0,False
179.0,2017-01-09 12:22:53,177.863,16.53064,-107.10372,12.5218,12.522,12.4978,34.8107,34.8192,1027.1415,26.3411,0.069453,0.425,260.78577,0.1314,96.7683,0.0319,0.0335,0.0054839,8245.0,25.0,False
180.0,2017-01-09 12:22:53,178.857,16.53064,-107.10372,12.5018,12.5018,12.4777,34.8105,34.8191,1027.1499,26.3449,0.06906699999999999,0.425,260.89327000000003,0.131,96.7782,0.0318,0.033,0.0054515,8272.0,28.0,False
181.0,2017-01-09 12:22:53,179.85,16.53064,-107.10372,12.4905,12.4905,12.4663,34.8098,34.8184,1027.156,26.3465,0.069469,0.39799999999999996,260.95508,0.1262,96.8951,0.0319,0.0332,0.0053097000000000005,8299.0,25.0,False
182.0,2017-01-09 12:22:53,180.843,16.53064,-107.10372,12.4775,12.4775,12.4532,34.8091,34.8177,1027.1625,26.3485,0.070254,0.441,261.02619,0.0775,98.082,0.0317,0.0331,0.0050997,8324.0,23.0,False
183.0,2017-01-09 12:22:53,181.83700000000002,16.53064,-107.10372,12.4662,12.4663,12.4418,34.8088,34.8174,1027.169,26.3505,0.06767100000000001,0.418,261.08722,0.1132,97.2108,0.0318,0.033,0.0048157,8346.0,22.0,False
184.0,2017-01-09 12:22:53,182.83,16.53064,-107.1037,12.4583,12.4583,12.4337,34.8084,34.817,1027.1747,26.3517,0.06699,0.36700000000000005,261.13055,0.1297,96.8081,0.0318,0.0332,0.0045414999999999995,8369.0,24.0,False
185.0,2017-01-09 12:22:53,183.82299999999998,16.53064,-107.1037,12.4479,12.448,12.4232,34.8079,34.8166,1027.1809,26.3534,0.06855399999999999,0.434,261.18731,0.1293,96.8182,0.0317,0.0328,0.0048743,8394.0,29.0,False
186.0,2017-01-09 12:22:53,184.81599999999997,16.53064,-107.10371,12.437,12.4371,12.4122,34.8073,34.816,1027.187,26.355,0.069354,0.381,261.24698,0.1154,97.158,0.0318,0.033,0.004580300000000001,8425.0,30.0,False
187.0,2017-01-09 12:22:53,185.80900000000003,16.53064,-107.10372,12.4264,12.4265,12.4015,34.8066,34.8151,1027.193,26.3566,0.066495,0.39399999999999996,261.30519,0.0912,97.7457,0.0317,0.033,0.0043950000000000005,8456.0,29.0,False
188.0,2017-01-09 12:22:53,186.80200000000002,16.53064,-107.10372,12.4168,12.4168,12.3918,34.8057,34.8144,1027.1987,26.3578,0.06851900000000001,0.436,261.35852,0.0742,98.161,0.0317,0.0328,0.0043142,8481.0,23.0,False
189.0,2017-01-09 12:22:53,187.795,16.53064,-107.10372,12.3924,12.3926,12.3673,34.8035,34.8118,1027.2062,26.3608,0.06868099999999999,0.38799999999999996,261.49379,0.0769,98.0952,0.0317,0.0325,0.0042553,8502.0,20.0,False
190.0,2017-01-09 12:22:53,188.78799999999998,16.53064,-107.10372,12.3186,12.3191,12.2934,34.798,34.8059,1027.2211,26.3709,0.06882100000000001,0.413,261.90258,0.1165,97.1297,0.0318,0.0327,0.0042551,8521.0,19.0,False
191.0,2017-01-09 12:22:53,189.782,16.53064,-107.10372,12.2422,12.2421,12.2171,34.7953,34.8036,1027.2385,26.3835,0.07032200000000001,0.435,262.32026,0.1104,97.2775,0.0317,0.0328,0.004326399999999999,8540.0,19.0,False
192.0,2017-01-09 12:22:53,190.775,16.53064,-107.10372,12.2082,12.208,12.1829,34.7924,34.8008,1027.2474,26.3879,0.067767,0.43200000000000005,262.51042,0.1146,97.1754,0.0318,0.0328,0.0042551,8561.0,22.0,False
193.0,2017-01-09 12:22:53,191.768,16.53064,-107.10372,12.1889,12.1886,12.1635,34.7904,34.7988,1027.2542,26.3901,0.069352,0.429,262.6186,0.1287,96.8332,0.0318,0.0329,0.0042551,8586.0,25.0,False
194.0,2017-01-09 12:22:53,192.761,16.53064,-107.10372,12.1737,12.174,12.1482,34.7887,34.7972,1027.2603,26.3917,0.06868300000000001,0.43200000000000005,262.70448999999996,0.1286,96.8349,0.0317,0.033,0.0042551,8612.0,28.0,False
195.0,2017-01-09 12:22:53,193.75400000000002,16.53064,-107.10372,12.1578,12.1577,12.1323,34.7871,34.7956,1027.2666,26.3934,0.068713,0.424,262.79337000000004,0.1282,96.8462,0.0317,0.0329,0.004207,8641.0,29.0,False
196.0,2017-01-09 12:22:53,194.748,16.53064,-107.10372,12.1554,12.1555,12.1297,34.7865,34.7949,1027.271,26.3935,0.069009,0.41100000000000003,262.80781,0.1299,96.8047,0.0317,0.0327,0.0039832,8671.0,31.0,False
197.0,2017-01-09 12:22:53,195.74099999999999,16.53064,-107.10372,12.1544,12.1546,12.1285,34.7858,34.7943,1027.2752,26.3931,0.06815800000000001,0.287,262.81462999999997,0.13,96.8025,0.0317,0.0326,0.0037095999999999995,8701.0,26.0,False
198.0,2017-01-09 12:22:53,196.734,16.53064,-107.10372,12.1536,12.1536,12.1276,34.7854,34.794,1027.2795,26.393,0.069518,0.41200000000000003,262.81976000000003,0.1073,97.3559,0.0318,0.0326,0.0037756,8727.0,26.0,False
199.0,2017-01-09 12:22:53,197.727,16.53064,-107.10372,12.1524,12.1527,12.1263,34.7851,34.7937,1027.2839,26.3929,0.067951,0.348,262.82649,0.0736,98.1772,0.0316,0.0327,0.0030802,8751.0,23.0,False
200.0,2017-01-09 12:22:53,198.72,16.53064,-107.10372,12.1514,12.1516,12.1251,34.7848,34.7934,1027.2884,26.393,0.06675299999999999,0.371,262.83262,0.0744,98.1555,0.0317,0.0326,0.0033364,8773.0,21.0,False
201.0,2017-01-09 12:22:53,199.713,16.53064,-107.10372,12.1509,12.1504,12.1245,34.7846,34.7931,1027.2928,26.3929,0.069451,0.302,262.83601,0.0749,98.1439,0.0316,0.0326,0.0032595999999999997,8793.0,21.0,False
202.0,2017-01-09 12:22:53,200.706,16.53064,-107.10372,12.1454,12.1472,12.1189,34.7837,34.7924,1027.2977,26.3932,0.06729500000000001,0.284,262.86728999999997,0.0754,98.132,0.0316,0.0325,0.0031452,8813.0,20.0,False
203.0,2017-01-09 12:22:53,201.7,16.53064,-107.10372,12.1373,12.1382,12.1107,34.7834,34.792,1027.3035,26.3945,0.069963,0.361,262.91187,0.0754,98.1315,0.0317,0.0323,0.0030029,8833.0,21.0,False
204.0,2017-01-09 12:22:53,202.692,16.53064,-107.10372,12.1312,12.1307,12.1044,34.7827,34.7911,1027.3086,26.3952,0.067781,0.32899999999999996,262.94657,0.0749,98.1456,0.0317,0.0326,0.002984,8855.0,23.0,False
205.0,2017-01-09 12:22:53,203.685,16.53064,-107.10372,12.1207,12.1209,12.0939,34.7819,34.7905,1027.3145,26.3966,0.068857,0.307,263.00495,0.075,98.1428,0.0317,0.0326,0.0029739000000000002,8880.0,25.0,False
206.0,2017-01-09 12:22:53,204.678,16.53064,-107.10372,12.1009,12.1006,12.0739,34.7806,34.789,1027.3218,26.3993,0.067625,0.436,263.11557,0.0753,98.1347,0.0317,0.0324,0.002921,8905.0,24.0,False
207.0,2017-01-09 12:22:53,205.672,16.53064,-107.10372,12.0718,12.0723,12.0447,34.7796,34.7881,1027.3313,26.4042,0.06855499999999999,0.297,263.27599,0.0745,98.1533,0.0317,0.0326,0.0028575,8931.0,23.0,False
208.0,2017-01-09 12:22:53,206.665,16.53064,-107.10372,12.0455,12.0453,12.0183,34.7784,34.7869,1027.3399,26.4083,0.068108,0.34600000000000003,263.42163999999997,0.0749,98.145,0.0317,0.0324,0.0028624,8960.0,32.0,False
209.0,2017-01-09 12:22:53,207.658,16.53064,-107.10372,12.0247,12.0244,11.9974,34.7775,34.7861,1027.3478,26.4116,0.06918099999999999,0.35700000000000004,263.53693,0.0752,98.1362,0.0317,0.0324,0.0028225999999999998,8994.0,35.0,False
210.0,2017-01-09 12:22:53,208.65099999999998,16.53064,-107.10372,12.015,12.0152,11.9877,34.7768,34.7854,1027.3536,26.4129,0.070287,0.32,263.5909,0.0749,98.1455,0.0317,0.0326,0.0028125,9027.0,28.0,False
211.0,2017-01-09 12:22:53,209.644,16.53064,-107.10372,12.011,12.0115,11.9835,34.7765,34.7851,1027.3586,26.4134,0.068616,0.384,263.61335,0.0742,98.161,0.0316,0.0323,0.0028645,9051.0,20.0,False
212.0,2017-01-09 12:22:53,210.637,16.53064,-107.10372,12.0074,12.0078,11.9798,34.7762,34.7848,1027.3635,26.4139,0.070561,0.358,263.63352000000003,0.0736,98.1774,0.0316,0.0322,0.0028624,9069.0,17.0,False
213.0,2017-01-09 12:22:53,211.63,16.53064,-107.10372,12.0041,12.0047,11.9764,34.776,34.7844,1027.3685,26.4143,0.070681,0.34700000000000003,263.65217,0.0744,98.1573,0.0316,0.0326,0.0028624,9086.0,17.0,False
214.0,2017-01-09 12:22:53,212.623,16.53064,-107.10372,12.0012,12.0016,11.9734,34.7757,34.7842,1027.3732,26.4146,0.068297,0.306,263.66848999999996,0.0748,98.1472,0.0316,0.0322,0.0025346,9102.0,17.0,False
215.0,2017-01-09 12:22:53,213.61599999999999,16.53064,-107.10372,11.9955,11.9952,11.9675,34.7748,34.7833,1027.3781,26.415,0.068721,0.29100000000000004,263.7017,0.0753,98.1354,0.0316,0.0323,0.0026628,9121.0,21.0,False
216.0,2017-01-09 12:22:53,214.61,16.53064,-107.10372,11.9811,11.9814,11.953,34.7741,34.7826,1027.3848,26.4172,0.068982,0.35100000000000003,263.7819,0.0754,98.1321,0.0317,0.0325,0.0025404,9146.0,30.0,False
217.0,2017-01-09 12:22:53,215.602,16.53064,-107.10372,11.9691,11.9692,11.9409,34.7732,34.7818,1027.3909,26.4188,0.068192,0.249,263.84885,0.0749,98.1438,0.0316,0.0325,0.0024238000000000003,9179.0,32.0,False
218.0,2017-01-09 12:22:53,216.595,16.53064,-107.10372,11.9585,11.9601,11.9301,34.7729,34.7812,1027.3972,26.4206,0.067979,0.345,263.90789,0.0743,98.1578,0.0316,0.0323,0.0021899000000000003,9208.0,25.0,False
219.0,2017-01-09 12:22:53,217.58900000000003,16.53064,-107.10372,11.9408,11.9404,11.9123,34.7718,34.7802,1027.4043,26.4231,0.069127,0.308,264.00709,0.0745,98.1539,0.0316,0.0324,0.0019081,9231.0,22.0,False
220.0,2017-01-09 12:22:53,218.581,16.53064,-107.10372,11.9277,11.9296,11.8992,34.7715,34.7799,1027.4111,26.4254,0.067973,0.282,264.07923,0.075,98.1413,0.0316,0.0323,0.0018337,9254.0,23.0,False
221.0,2017-01-09 12:22:53,219.575,16.53064,-107.10372,11.9062,11.9068,11.8776,34.7721,34.7805,1027.4202,26.4299,0.068841,0.312,264.19603,0.075,98.1416,0.0316,0.0324,0.0017988,9280.0,30.0,False
222.0,2017-01-09 12:22:53,220.56799999999998,16.53064,-107.10372,11.8892,11.8893,11.8605,34.772,34.7805,1027.4279,26.4331,0.067979,0.297,264.28946,0.0746,98.1508,0.0317,0.0325,0.0016221,9309.0,29.0,False
223.0,2017-01-09 12:22:53,221.56099999999998,16.53064,-107.10372,11.8743,11.8743,11.8455,34.7708,34.7793,1027.4343,26.435,0.068219,0.268,264.3736,0.0746,98.1521,0.0317,0.0323,0.0015331,9336.0,24.0,False
224.0,2017-01-09 12:22:53,222.554,16.53064,-107.10372,11.8589,11.859,11.83,34.7701,34.7785,1027.4412,26.4373,0.068492,0.282,264.4596,0.0742,98.1627,0.0315,0.0322,0.0016106999999999998,9358.0,20.0,False
225.0,2017-01-09 12:22:53,223.546,16.53064,-107.10372,11.8382,11.8385,11.8092,34.7697,34.7782,1027.4494,26.441,0.068982,0.29100000000000004,264.57422,0.0744,98.1565,0.0314,0.0323,0.001475,9377.0,18.0,False
226.0,2017-01-09 12:22:53,224.53900000000002,16.53064,-107.10372,11.8132,11.8135,11.784,34.7699,34.7784,1027.4589,26.4459,0.070457,0.314,264.71173999999996,0.0744,98.1564,0.0316,0.0322,0.0013943,9396.0,18.0,False
227.0,2017-01-09 12:22:53,225.533,16.53064,-107.10372,11.8079,11.8082,11.7787,34.7694,34.7776,1027.464,26.4465,0.068746,0.331,264.74169,0.0743,98.1601,0.0316,0.0324,0.0014076,9416.0,21.0,False
228.0,2017-01-09 12:22:53,226.52599999999998,16.53064,-107.10372,11.7974,11.7968,11.7681,34.769,34.7774,1027.4701,26.4481,0.07044199999999999,0.285,264.80023,0.0742,98.1626,0.0316,0.0324,0.0014724,9439.0,25.0,False
229.0,2017-01-09 12:22:53,227.519,16.53064,-107.10372,11.7792,11.779,11.7497,34.7694,34.7779,1027.4785,26.4519,0.068241,0.28,264.90016,0.0738,98.1709,0.0317,0.0327,0.0011942,9468.0,34.0,False
230.0,2017-01-09 12:22:53,228.511,16.53064,-107.10372,11.7753,11.7754,11.7457,34.7693,34.7777,1027.4836,26.4525,0.06842100000000001,0.29600000000000004,264.92185,0.0734,98.1838,0.0316,0.0326,0.00083909,9502.0,31.0,False
231.0,2017-01-09 12:22:53,229.505,16.53064,-107.10371,11.7733,11.7733,11.7435,34.7692,34.7777,1027.4884,26.4529,0.06979500000000001,0.287,264.93305,0.0734,98.1826,0.0313,0.0323,0.0013160000000000001,9529.0,24.0,False
232.0,2017-01-09 12:22:53,230.497,16.53064,-107.1037,11.7667,11.7668,11.7368,34.7691,34.7775,1027.4941,26.454,0.070668,0.28,264.96967,0.0726,98.2005,0.0314,0.0323,0.00046262,9552.0,21.0,False
233.0,2017-01-09 12:22:53,231.49,16.53064,-107.1037,11.7612,11.7613,11.7312,34.7691,34.7775,1027.4995,26.455,0.070099,0.28600000000000003,265.00003,0.0729,98.1945,0.0315,0.0324,0.00052932,9572.0,22.0,False
234.0,2017-01-09 12:22:53,232.483,16.53064,-107.10372,11.7489,11.7489,11.7188,34.7681,34.7766,1027.5057,26.4566,0.068999,0.28800000000000003,265.06989,0.0731,98.1907,0.0316,0.0324,0.00027842,9594.0,23.0,False
235.0,2017-01-09 12:22:53,233.476,16.53064,-107.10372,11.723,11.7229,11.6928,34.7678,34.7761,1027.5148,26.4612,0.068147,0.28800000000000003,265.21355,0.0721,98.2125,0.0312,0.0322,0.00014659,9619.0,25.0,False
236.0,2017-01-09 12:22:53,234.46900000000002,16.53064,-107.10372,11.707,11.7071,11.6768,34.7673,34.7756,1027.522,26.4638,0.069011,0.28800000000000003,265.30279,0.0742,98.1617,0.0311,0.0322,0.00029808,9645.0,26.0,False
237.0,2017-01-09 12:22:53,235.46200000000002,16.53064,-107.10372,11.7016,11.7017,11.6712,34.7669,34.7752,1027.5272,26.4645,0.070137,0.289,265.33362,0.0711,98.2382,0.0314,0.0324,0.00014554,9671.0,26.0,False
238.0,2017-01-09 12:22:53,236.455,16.53064,-107.10372,11.6971,11.6973,11.6666,34.7662,34.7746,1027.532,26.4649,0.06792000000000001,0.289,265.3595,0.0705,98.2537,0.0314,0.0321,0.00020714,9695.0,23.0,False
239.0,2017-01-09 12:22:53,237.44799999999998,16.53064,-107.10372,11.6927,11.6928,11.6621,34.7659,34.7742,1027.5371,26.4655,0.067932,0.289,265.38462000000004,0.0706,98.2515,0.0315,0.0324,8.8489e-05,9719.0,22.0,False
240.0,2017-01-09 12:22:53,238.44099999999997,16.53064,-107.10372,11.6826,11.6825,11.6519,34.765,34.7735,1027.5428,26.4667,0.06675700000000001,0.289,265.44229,0.0705,98.2527,0.0315,0.0326,8.8881e-05,9741.0,22.0,False
241.0,2017-01-09 12:22:53,239.43400000000003,16.53064,-107.1037,11.6752,11.6751,11.6444,34.7647,34.7732,1027.5485,26.4678,0.069223,0.289,265.48368,0.0703,98.2575,0.0313,0.0322,8.510200000000001e-05,9763.0,23.0,False
242.0,2017-01-09 12:22:53,240.42700000000002,16.53064,-107.1037,11.6716,11.6715,11.6406,34.7643,34.7728,1027.5533,26.4682,0.069003,0.289,265.50486,0.0703,98.2577,0.0312,0.0322,8.866299999999999e-05,9785.0,24.0,False
243.0,2017-01-09 12:22:53,241.42,16.53064,-107.1037,11.6673,11.6676,11.6362,34.7639,34.7724,1027.5583,26.4687,0.068871,0.289,265.52926,0.0705,98.2539,0.0314,0.0324,8.5504e-05,9810.0,25.0,False
244.0,2017-01-09 12:22:53,242.41299999999998,16.53064,-107.10371,11.6656,11.6656,11.6344,34.7636,34.7721,1027.5629,26.4687,0.068962,0.282,265.53912,0.0705,98.252,0.0314,0.0324,8.58e-05,9837.0,29.0,False
245.0,2017-01-09 12:22:53,243.405,16.53064,-107.10372,11.6627,11.6627,11.6313,34.7632,34.7717,1027.5676,26.469,0.069316,0.285,265.5559,0.0715,98.2277,0.0314,0.0323,8.203899999999999e-05,9866.0,26.0,False
246.0,2017-01-09 12:22:53,244.399,16.53064,-107.10372,11.6602,11.6603,11.6287,34.7631,34.7715,1027.5725,26.4694,0.066951,0.298,265.56987999999996,0.0715,98.2283,0.0313,0.0325,8.1462e-05,9891.0,24.0,False
247.0,2017-01-09 12:22:53,245.391,16.53064,-107.10372,11.6558,11.6558,11.6242,34.7627,34.7712,1027.5774,26.4699,0.069262,0.29,265.59514,0.071,98.2396,0.031,0.0322,8.0801e-05,9913.0,22.0,False
248.0,2017-01-09 12:22:53,246.38400000000001,16.53064,-107.10372,11.6485,11.6489,11.6168,34.7622,34.7705,1027.583,26.4709,0.06827799999999999,0.29,265.63635,0.071,98.2407,0.031,0.0321,8.0801e-05,9935.0,22.0,False
249.0,2017-01-09 12:22:53,247.377,16.53064,-107.10372,11.6414,11.6416,11.6096,34.7617,34.7702,1027.5885,26.4719,0.06852899999999999,0.304,265.67652999999996,0.0702,98.2599,0.0311,0.0319,6.6657e-05,9959.0,24.0,False
250.0,2017-01-09 12:22:53,248.37,16.53064,-107.10371,11.6318,11.6319,11.5999,34.761,34.7694,1027.5942,26.473,0.070713,0.287,265.73142,0.0705,98.254,0.0314,0.0324,3.7755e-05,9983.0,26.0,False
251.0,2017-01-09 12:22:53,249.363,16.53064,-107.1037,11.6089,11.609,11.5769,34.7595,34.768,1027.6019,26.4762,0.068285,0.28600000000000003,265.86112,0.0703,98.2576,0.0314,0.0321,3.0809e-05,10008.0,23.0,False
252.0,2017-01-09 12:22:53,250.356,16.53064,-107.1037,11.5852,11.5853,11.5531,34.7588,34.7671,1027.6103,26.4801,0.068329,0.278,265.99447000000004,0.0711,98.2375,0.0309,0.032,5.1627e-05,10034.0,26.0,False
253.0,2017-01-09 12:22:53,251.34799999999998,16.53064,-107.1037,11.5663,11.5662,11.5341,34.7577,34.7662,1027.6176,26.4828,0.06855,0.28600000000000003,266.10157999999996,0.0712,98.2348,0.0311,0.0322,1.91e-05,10061.0,28.0,False
254.0,2017-01-09 12:22:53,252.34099999999998,16.53064,-107.1037,11.537,11.5364,11.5047,34.7565,34.7648,1027.6268,26.4873,0.068036,0.285,266.2667,0.0711,98.2369,0.0313,0.0323,3.0637999999999998e-06,10089.0,26.0,False
255.0,2017-01-09 12:22:53,253.334,16.53064,-107.10372,11.5219,11.5212,11.4895,34.7556,34.7638,1027.6333,26.4894,0.06776,0.299,266.35285,0.0706,98.2514,0.0309,0.0321,1.5018e-05,10114.0,24.0,False
256.0,2017-01-09 12:22:53,254.327,16.53064,-107.10372,11.5108,11.5116,11.4783,34.7549,34.7632,1027.6394,26.4909,0.06983500000000001,0.28,266.41611,0.0707,98.2492,0.0309,0.0324,4.1610000000000005e-06,10136.0,20.0,False
257.0,2017-01-09 12:22:53,255.32,16.53064,-107.10372,11.5061,11.5062,11.4734,34.7542,34.7624,1027.6443,26.4913,0.070923,0.287,266.44381,0.0702,98.2601,0.0308,0.0319,4.4441e-06,10156.0,20.0,False
258.0,2017-01-09 12:22:53,256.313,16.53064,-107.10372,11.5004,11.5005,11.4677,34.7538,34.7621,1027.6495,26.492,0.06794700000000001,0.3,266.47618,0.0709,98.2427,0.0309,0.032,-2.137e-09,10176.0,20.0,False
259.0,2017-01-09 12:22:53,257.306,16.53064,-107.10372,11.4923,11.4923,11.4595,34.7539,34.7624,1027.6556,26.4936,0.069733,0.294,266.52089,0.0712,98.235,0.031,0.032,1e-12,10194.0,19.0,False
260.0,2017-01-09 12:22:53,258.29900000000004,16.53064,-107.10372,11.4897,11.4897,11.4567,34.7547,34.7632,1027.6612,26.4947,0.070285,0.292,266.53441000000004,0.0715,98.2287,0.0309,0.0318,1e-12,10215.0,21.0,False
261.0,2017-01-09 12:22:53,259.291,16.53064,-107.1037,11.479,11.4791,11.4459,34.7546,34.7631,1027.6676,26.4966,0.070539,0.284,266.59387999999996,0.0707,98.248,0.0309,0.032,1e-12,10241.0,31.0,False
262.0,2017-01-09 12:22:53,260.284,16.53064,-107.10371,11.4682,11.4684,11.435,34.754,34.7624,1027.6737,26.4982,0.06927799999999999,0.278,266.65562,0.0709,98.2425,0.0309,0.032,1e-12,10278.0,40.0,False
