Peptide,-10lgP,Mass,Length,ppm,m/z,RT,Area,Fraction,Scan,Source File,Accession,PTM,AScore
AFVFYPER,54.36,1027.5127,8,1.5,514.7644,72.55,4.8E4,2,19376,20170411_ETNP_83_01.raw,ETNP14_68maa_PROKKA_160822:ETNP14_120mab_PROKKA_23097:ETNP14_68maa_PROKKA_48494:ETNP14_120mab_PROKKA_23601:ETNP14_120mab_PROKKA_169361:ETNP14_120maa_PROKKA_63501:ETNP14_120maa_PROKKA_172763:ETNP14_120mac_PROKKA_34623:ETNP14_120maa_PROKKA_193676:NP_85m_PROKKA_31507:ETNP14_120maa_PROKKA_177270:ETNP14_68maa_PROKKA_186974:ETNP14_68maa_PROKKA_26350:ETNP14_120maa_PROKKA_57538:ETNP14_120mac_PROKKA_69912:NP_30m_PROKKA_09697:ETNP14_120mac_PROKKA_80038:ETNP14_120maa_PROKKA_139783:ETNP14_120maa_PROKKA_59144:ETNP14_68maa_PROKKA_28192:ETNP14_120mab_PROKKA_99293:NP_85m_PROKKA_14190:ETNP14_120maa_PROKKA_58157:ETNP14_68maa_PROKKA_41253:ETNP14_68maa_PROKKA_53527:ETNP14_120maa_PROKKA_193228:ETNP14_120mab_PROKKA_65627:ETNP14_68maa_PROKKA_08605:ETNP14_120mab_PROKKA_129778:ETNP14_120mab_PROKKA_129766,,
INVYYNEATGGR,53.01,1355.6470,12,2.8,678.8326,52.43,3.33E5,2,13836,20170411_ETNP_83_01.raw,ETNP_100m_particle_PROKKA_82300,,
LAGPVGPQQ,40.67,865.4658,9,-0.1,433.7401,23.23,1.6E6,2,6160,20170411_ETNP_83_01.raw,ETNP14_120mab_PROKKA_11938,,
LAGPVGPQQ,34.64,865.4658,9,1.2,433.7407,23.74,9.11E5,2,6281,20170411_ETNP_83_01.raw,ETNP14_120mab_PROKKA_11938,,
VVVHPYR,38.20,868.4919,7,10.7,435.2578,66.72,4.69E5,2,17797,20170411_ETNP_83_01.raw,ETNP_120m_PROKKA_122378,,
AGLQFPVGR,37.80,943.5239,9,3.3,472.7708,65.09,7.61E5,2,17326,20170411_ETNP_83_01.raw,ETNP_70m_PROKKA_66181:EJK66680:EJK52562:XP_003054974:XP_003058884:EJK63752:ETNP_60m_PROKKA_16910:XP_003063220:XP_002179427:ETNP_100m_particle_PROKKA_07520:XP_002179202:ETNP_70m_PROKKA_64991:ETNP_120m_particle_PROKKA_169132:EJK74336:ETNP_70m_PROKKA_29157:XP_002180358:XP_002181345:XP_003059832:XP_003074738:XP_003082251:XP_003080758:EJK72006:ETNP_70m_PROKKA_20132:EJK65157:EJK60529,,
SKAENEIFLSQK,36.91,1392.7249,12,2.7,465.2502,49.43,6.23E5,2,13012,20170411_ETNP_83_01.raw,ETNP_70m_PROKKA_85163,,
SKAENEIFLSQK,16.21,1392.7249,12,0.7,697.3702,49.34,2.74E4,2,12987,20170411_ETNP_83_01.raw,ETNP_70m_PROKKA_85163,,
LPKRFTVK,35.78,987.6229,8,-0.6,494.8185,87.30,,2,23250,20170411_ETNP_83_01.raw,ETNP_70m_PROKKA_22747,,
LPKRFTVK,30.28,987.6229,8,-1.5,494.8180,86.14,8.4E3,2,22959,20170411_ETNP_83_01.raw,ETNP_70m_PROKKA_22747,,
TNKPEVYKPK,35.28,1202.6659,10,1.8,401.8966,20.49,1.39E6,2,5400,20170411_ETNP_83_01.raw,YP_003097385.1:CAR63348.1,,
MGCHGAPGVR,34.17,983.4429,10,-10.3,492.7237,25.12,6.5E5,2,6632,20170411_ETNP_83_01.raw,ETNP14_120mab_PROKKA_159684,,
NKTVISPR,31.18,913.5345,8,-9.2,457.7703,55.04,3.61E5,2,14546,20170411_ETNP_83_01.raw,ETNP14_68maa_PROKKA_42892,,
NKTVISPR,24.37,913.5345,8,1.3,457.7751,51.02,1.32E6,2,13455,20170411_ETNP_83_01.raw,ETNP14_68maa_PROKKA_42892,,
TSEILLR,31.13,830.4861,7,0.2,416.2504,56.17,,2,14846,20170411_ETNP_83_01.raw,ETNP14_68mB_PROKKA_91372,,
TSELLIR,31.13,830.4861,7,0.2,416.2504,56.17,,2,14846,20170411_ETNP_83_01.raw,NP_300m_PROKKA_53280,,
TSELILR,31.13,830.4861,7,0.2,416.2504,56.17,,2,14846,20170411_ETNP_83_01.raw,ETNP14_120maa_PROKKA_96867:ETNP14_120maa_PROKKA_138628,,
TSELLLR,31.13,830.4861,7,0.2,416.2504,56.17,,2,14846,20170411_ETNP_83_01.raw,ETNP_70m_PROKKA_59385:ETNP14_68maa_PROKKA_23208:EJK52917,,
TSELIIR,31.13,830.4861,7,0.2,416.2504,56.17,,2,14846,20170411_ETNP_83_01.raw,ETNP14_68maa_PROKKA_43463:ETNP14_120maa_PROKKA_156779:ETNP14_120maa_PROKKA_35544,,
TSEILIR,31.13,830.4861,7,0.2,416.2504,56.17,,2,14846,20170411_ETNP_83_01.raw,ETNP14_120maa_PROKKA_20599,,
AQDFEGR,30.52,821.3668,7,4.3,411.6924,26.88,2.39E5,2,7116,20170411_ETNP_83_01.raw,ETNP_160m_PROKKA_175780,,
FPSLPPK,29.68,784.4483,7,1.9,393.2322,69.65,3.43E4,2,18605,20170411_ETNP_83_01.raw,ETNP_120m_particle_PROKKA_196777,,
NDLWNEFK,29.39,1064.4927,8,-13.6,533.2464,44.45,1.49E5,2,11703,20170411_ETNP_83_01.raw,ETNP_160m_PROKKA_53064:ETNP_140m_PROKKA_142323,,
GNQEIPR,29.37,812.4141,7,1.5,407.2149,28.58,5.41E5,2,7607,20170411_ETNP_83_01.raw,ETNP_160m_PROKKA_79707,,
AAFGGSNR,29.26,778.3722,8,1.3,390.1939,24.80,4.7E5,2,6552,20170411_ETNP_83_01.raw,ETNP_70m_PROKKA_55707:ETNP_90m_PROKKA_211128,,
VATVTVPR,28.60,841.5021,8,2.7,421.7595,50.52,3.49E8,2,13316,20170411_ETNP_83_01.raw,ETNP_300m_PROKKA_171973,,
VATVTVPR,27.64,841.5021,8,1.9,421.7591,50.01,3.49E8,2,13171,20170411_ETNP_83_01.raw,ETNP_300m_PROKKA_171973,,
VATVTVPR,27.56,841.5021,8,1.7,421.7591,51.02,3.49E8,2,13453,20170411_ETNP_83_01.raw,ETNP_300m_PROKKA_171973,,
LVTDITK,28.03,788.4644,7,1.7,395.2401,40.21,1.3E6,2,10603,20170411_ETNP_83_01.raw,ETNP_300m_PROKKA_59645,,
ISVGIQSK,27.76,830.4861,8,-0.3,416.2502,49.59,9.02E5,2,13055,20170411_ETNP_83_01.raw,ETNP14_68maa_PROKKA_21807,,
TALDVARASK,26.40,1030.5770,10,-8.8,516.2913,37.36,2.94E4,2,9821,20170411_ETNP_83_01.raw,EJK70347,,
VLYTKK,26.16,750.4639,6,-0.1,376.2392,79.24,8E5,2,21170,20170411_ETNP_83_01.raw,ETNP_120m_PROKKA_267994,,
VLYTKK,19.29,750.4639,6,-0.6,376.2390,80.44,4.43E5,2,21489,20170411_ETNP_83_01.raw,ETNP_120m_PROKKA_267994,,
VVTVLPDR,25.52,897.5283,8,2.5,449.7726,55.00,2.29E6,2,14533,20170411_ETNP_83_01.raw,WP_011341262,,
VVTVLPDR,18.73,897.5283,8,1.0,449.7719,54.49,2.29E6,2,14393,20170411_ETNP_83_01.raw,WP_011341262,,
IVDELTILN,24.94,1028.5753,9,13.7,515.3020,66.60,7.63E5,2,17763,20170411_ETNP_83_01.raw,ETNP14_68maa_PROKKA_144733,,
VDDVEVR,24.57,830.4134,7,2.0,416.2148,32.25,2.78E5,2,8519,20170411_ETNP_83_01.raw,ETNP_120m_free_PROKKA_296942:ETNP_120m_PROKKA_54134:ETNP_160m_PROKKA_111048:ETNP_180m_PROKKA_188549:ETNP_140m_PROKKA_93364:ETNP_300m_PROKKA_127442:ETNP_120m_free_PROKKA_113323:ETNP_120m_free_PROKKA_213930:EJK49742:ETNP_120m_free_PROKKA_136514:ETNP_120m_PROKKA_98001:WP_014436912,,
LATSVLPR,24.46,855.5178,8,1.7,428.7669,51.79,1.36E8,2,13653,20170411_ETNP_83_01.raw,BAL59475,,
LATSVLPR,21.11,855.5178,8,2.2,428.7671,51.29,1.36E8,2,13521,20170411_ETNP_83_01.raw,BAL59475,,
LATSVLPR,20.60,855.5178,8,3.5,428.7676,52.30,1.36E8,2,13794,20170411_ETNP_83_01.raw,BAL59475,,
WMCGNKPR,24.35,990.4528,8,1.0,496.2341,31.66,2E5,2,8369,20170411_ETNP_83_01.raw,ETNP_70m_PROKKA_120585,,
LTTVSTR,24.31,776.4392,7,2.4,389.2278,32.46,4.65E5,2,8570,20170411_ETNP_83_01.raw,AGL62355,,
DLAEAGLEVAK,24.05,1114.5869,11,12.4,558.3076,32.09,1.36E6,2,8479,20170411_ETNP_83_01.raw,ETNP14_68maa_PROKKA_195091:ETNP14_120mab_PROKKA_10922:NP_30m_PROKKA_05872:NP_300m_PROKKA_35167:NP_300m_PROKKA_16726,,
VPTVISPR,23.95,867.5178,8,4.5,434.7681,67.80,6.41E5,2,18095,20170411_ETNP_83_01.raw,ETNP_100m_particle_PROKKA_67654,,
IDAGYTAGN,23.83,880.3926,9,13.6,441.2096,21.67,5.49E5,2,5765,20170411_ETNP_83_01.raw,ETNP_120m_free_PROKKA_154957,,
MALLRPR,23.62,855.5112,7,9.6,428.7670,38.95,1.7E5,2,10258,20170411_ETNP_83_01.raw,ETNP_100m_particle_PROKKA_102870:WP_011783555,,
MALIRPR,23.62,855.5112,7,9.6,428.7670,38.95,1.7E5,2,10258,20170411_ETNP_83_01.raw,ETNP_90m_PROKKA_36252,,
MAIIRPR,23.62,855.5112,7,9.6,428.7670,38.95,1.7E5,2,10258,20170411_ETNP_83_01.raw,XP_002177923,,
KQIAIIPV,23.22,880.5746,8,7.0,441.2977,9.15,,2,2395,20170411_ETNP_83_01.raw,ETNP14_68mB_PROKKA_19563,,
KQIAIIPV,20.51,880.5746,8,7.4,441.2978,12.77,,2,3312,20170411_ETNP_83_01.raw,ETNP14_68mB_PROKKA_19563,,
KQIAIIPV,20.31,880.5746,8,7.7,441.2979,2.34,,2,568,20170411_ETNP_83_01.raw,ETNP14_68mB_PROKKA_19563,,
QGNQIEPR,23.10,940.4726,8,6.4,471.2466,29.26,3.01E5,2,7777,20170411_ETNP_83_01.raw,ETNP_300m_PROKKA_130209,,
QHINKMFAEAAR,22.83,1414.7139,12,7.4,708.3694,35.70,8.69E5,2,9382,20170411_ETNP_83_01.raw,ETNP14_68maa_PROKKA_71285,,
LGINSHR,22.71,795.4351,7,0.9,398.7252,22.29,7.21E4,2,5937,20170411_ETNP_83_01.raw,ETNP_120m_free_PROKKA_22907,,
LGLNSHR,22.71,795.4351,7,0.9,398.7252,22.29,7.21E4,2,5937,20170411_ETNP_83_01.raw,ETNP_120m_free_PROKKA_46965:ETNP_300m_PROKKA_79398:ETNP_120m_free_PROKKA_205383:ETNP_160m_PROKKA_85961:ETNP_140m_PROKKA_69214:ETNP_120m_PROKKA_140621:ETNP_180m_PROKKA_52106,,
EAMQNITQR,22.66,1089.5237,9,2.7,545.7706,41.14,1.02E6,2,10865,20170411_ETNP_83_01.raw,ETNP_100m_particle_PROKKA_18672,,
AFAEAER,22.66,792.3766,7,-8.4,397.1923,37.97,1.56E6,2,9985,20170411_ETNP_83_01.raw,ETNP_160m_PROKKA_98455:ETNP_120m_free_PROKKA_218708,,
AFAEAER,16.26,792.3766,7,-6.9,397.1928,37.46,1.56E6,2,9849,20170411_ETNP_83_01.raw,ETNP_160m_PROKKA_98455:ETNP_120m_free_PROKKA_218708,,
IDAGAATATYAADSTLSDLNFR,22.55,2243.0706,22,-4.2,748.6943,37.72,1.27E5,2,9919,20170411_ETNP_83_01.raw,EHR76589,,
IDAGAATATYAADSTLSDLNFR,15.44,2243.0706,22,-4.1,748.6944,37.65,1.27E5,2,9900,20170411_ETNP_83_01.raw,EHR76589,,
DVTGGIGLK,22.54,858.4811,9,2.4,430.2488,30.75,5.73E6,2,8140,20170411_ETNP_83_01.raw,ETNP14_68maa_PROKKA_130778:ETNP14_68maa_PROKKA_09781,,
LILPWVGR,22.45,952.5858,8,11.1,477.3055,70.55,2.13E5,2,18851,20170411_ETNP_83_01.raw,ETNP_120m_free_PROKKA_101754,,
VANNIAAR,21.96,827.4613,8,-11.8,414.7331,21.92,1.91E4,2,5834,20170411_ETNP_83_01.raw,ETNP14_68maa_PROKKA_108404,,
VPGSVIPR,21.93,823.4916,8,0.5,412.7533,50.71,1.56E6,2,13369,20170411_ETNP_83_01.raw,ETNP14_68mB_PROKKA_60156,,
ALTVLSPR,21.52,855.5178,8,1.2,428.7667,50.78,1.36E8,2,13388,20170411_ETNP_83_01.raw,ETNP14_68maa_PROKKA_38284:ETNP14_120maa_PROKKA_128722:ETNP14_120maa_PROKKA_185758,,
ALTVLSPR,17.56,855.5178,8,3.3,428.7675,53.61,,2,14155,20170411_ETNP_83_01.raw,ETNP14_68maa_PROKKA_38284:ETNP14_120maa_PROKKA_128722:ETNP14_120maa_PROKKA_185758,,
SPATQVSR,21.37,844.4402,8,2.0,423.2282,24.42,5.85E5,2,6453,20170411_ETNP_83_01.raw,ETNP_90m_PROKKA_207390,,
NIRGMFMGGHR,21.05,1274.6124,11,-9.9,425.8739,20.77,1.91E3,2,5494,20170411_ETNP_83_01.raw,ETNP14_68mB_PROKKA_113969,,
AVTSCQSVK,20.69,921.4590,9,7.5,461.7402,28.35,2.79E6,2,7539,20170411_ETNP_83_01.raw,ETNP14_68maa_PROKKA_131241,,
LEISEINR,20.67,972.5240,8,3.2,487.2708,54.54,4.43E5,2,14407,20170411_ETNP_83_01.raw,ETNP_70m_PROKKA_48647:WP_042850585,,
AVFPVPTPK,20.57,954.5538,9,1.4,478.2849,69.62,3.66E7,2,18593,20170411_ETNP_83_01.raw,ETNP_90m_PROKKA_77675,,
AVFPVPTPK,18.87,954.5538,9,1.4,478.2849,70.12,3.66E7,2,18737,20170411_ETNP_83_01.raw,ETNP_90m_PROKKA_77675,,
AVFPVPTPK,18.75,954.5538,9,1.8,478.2850,69.11,3.66E7,2,18458,20170411_ETNP_83_01.raw,ETNP_90m_PROKKA_77675,,
TIDQPEK,20.41,829.4181,7,4.1,415.7180,22.29,5.14E4,2,5938,20170411_ETNP_83_01.raw,ETNP_70m_PROKKA_15299,,
IEGGLEQYTR,20.07,1164.5775,10,3.0,583.2978,46.30,2.49E5,2,12179,20170411_ETNP_83_01.raw,ETNP14_120maa_PROKKA_28205,,
QNQKLK,20.06,757.4446,6,2.5,379.7306,20.05,1.88E4,2,5263,20170411_ETNP_83_01.raw,ETNP14_68maa_PROKKA_190422,,
TITQALGR,19.75,858.4923,8,-11.3,430.2486,31.26,5.73E6,2,8270,20170411_ETNP_83_01.raw,,,
EDVVNYSSLK,19.62,1152.5663,10,2.9,577.2921,68.64,8.56E5,2,18331,20170411_ETNP_83_01.raw,,,
VVTVPISR,19.51,869.5334,8,2.4,435.7751,51.95,3.2E8,2,13697,20170411_ETNP_83_01.raw,,,
CIMVRCTKSK,19.51,1167.5927,10,-13.3,584.7958,51.81,6.44E6,2,13658,20170411_ETNP_83_01.raw,,,
AYAAMVK,19.47,752.3891,7,-13.4,377.1968,64.80,4.95E4,2,17238,20170411_ETNP_83_01.raw,,,
NEVYMLPK,19.41,992.5001,8,7.7,497.2611,31.35,1.11E6,2,8294,20170411_ETNP_83_01.raw,,,
LTLDIDGSAR,19.33,1059.5560,10,2.6,530.7867,61.84,1.02E6,2,16426,20170411_ETNP_83_01.raw,,,
LTLDIDGSAR,19.25,1059.5560,10,-0.5,530.7850,61.33,1.02E6,2,16282,20170411_ETNP_83_01.raw,,,
LDPTYSSA,19.16,852.3865,8,3.9,427.2022,69.26,3.25E4,2,18499,20170411_ETNP_83_01.raw,,,
VVEVTVPR,19.12,897.5283,8,2.0,449.7723,56.69,1.49E6,2,14989,20170411_ETNP_83_01.raw,,,
TDEPPLK,19.12,798.4123,7,1.1,400.2139,27.19,1.07E6,2,7203,20170411_ETNP_83_01.raw,,,
NTFEDLAKQ,19.07,1064.5138,9,1.8,533.2651,36.97,1.81E6,2,9715,20170411_ETNP_83_01.raw,,,
SGQAPGTAAHLSGR,18.78,1308.6534,14,13.8,655.3430,59.47,3.09E4,2,15775,20170411_ETNP_83_01.raw,,,
VLGVLVHAR,18.75,962.6025,9,-1.5,482.3078,75.36,6.02E5,2,20144,20170411_ETNP_83_01.raw,,,
DDADWYYGVT,18.63,1203.4720,10,0.8,602.7438,28.83,4.66E4,2,7674,20170411_ETNP_83_01.raw,,,
LSGGGNAFGYDVVK,18.59,1382.6830,14,2.6,692.3506,79.79,2.5E5,2,21321,20170411_ETNP_83_01.raw,,,
AGADEEQISASVRRR,18.40,1643.8339,15,-2.3,411.9648,22.15,1.22E5,2,5897,20170411_ETNP_83_01.raw,,,
YGADFLK,18.17,812.4068,7,-2.7,407.2096,24.61,5.58E4,2,6503,20170411_ETNP_83_01.raw,,,
ITKPGSR,18.17,757.4446,7,-12.5,379.7248,27.83,5.58E5,2,7393,20170411_ETNP_83_01.raw,,,
LTKPGSR,18.17,757.4446,7,-12.5,379.7248,27.83,5.58E5,2,7393,20170411_ETNP_83_01.raw,,,
PLRLASFR,17.78,958.5712,8,-14.1,480.2861,71.49,9.5E5,2,19100,20170411_ETNP_83_01.raw,,,
NQRPKR,17.60,797.4620,6,2.6,399.7393,75.11,1.02E5,2,20072,20170411_ETNP_83_01.raw,,,
GTLLLLR,17.42,784.5170,7,2.9,393.2669,59.68,1.16E6,2,15833,20170411_ETNP_83_01.raw,ETNP14_120maa_PROKKA_56425,,
GTLILIR,17.42,784.5170,7,2.9,393.2669,59.68,1.16E6,2,15833,20170411_ETNP_83_01.raw,,,
GTLLLIR,17.42,784.5170,7,2.9,393.2669,59.68,1.16E6,2,15833,20170411_ETNP_83_01.raw,,,
GTILLIR,17.42,784.5170,7,2.9,393.2669,59.68,1.16E6,2,15833,20170411_ETNP_83_01.raw,,,
GTILLLR,17.42,784.5170,7,2.9,393.2669,59.68,1.16E6,2,15833,20170411_ETNP_83_01.raw,,,
GTILILR,17.42,784.5170,7,2.9,393.2669,59.68,1.16E6,2,15833,20170411_ETNP_83_01.raw,,,
GTLLILR,17.42,784.5170,7,2.9,393.2669,59.68,1.16E6,2,15833,20170411_ETNP_83_01.raw,,,
GTLILLR,17.42,784.5170,7,2.9,393.2669,59.68,1.16E6,2,15833,20170411_ETNP_83_01.raw,,,
AADILKPQGTLLIMHPDGENQGLMDLIAESR,17.30,3345.7061,31,14.5,1116.2588,112.10,,2,29239,20170411_ETNP_83_01.raw,,,
LGAGRAAHR,17.22,907.5100,9,-12.6,454.7566,80.50,8.59E3,2,21506,20170411_ETNP_83_01.raw,,,
KMPSNGTGSK,17.18,1005.4913,10,-1.2,503.7523,20.78,7.42E3,2,5499,20170411_ETNP_83_01.raw,,,
IATVLPSR,17.13,855.5178,8,2.3,428.7671,54.61,,2,14425,20170411_ETNP_83_01.raw,,,
VVLSTVPR,17.06,869.5334,8,2.4,435.7751,52.46,3.2E8,2,13843,20170411_ETNP_83_01.raw,,,
TGLDELLQEAMGR,16.99,1431.7028,13,-2.0,478.2406,19.36,5.13E3,2,5033,20170411_ETNP_83_01.raw,,,
LSKQFPK,16.94,846.4963,7,2.3,424.2564,31.82,5.05E5,2,8409,20170411_ETNP_83_01.raw,,,
NKIGAPVK,16.91,825.5072,8,11.8,413.7657,40.22,,2,10608,20170411_ETNP_83_01.raw,,,
SSHGY,16.76,549.2183,5,-14.1,550.2178,17.55,5.02E5,2,4463,20170411_ETNP_83_01.raw,,,
SSHGY,15.80,549.2183,5,-11.8,550.2191,1.34,1.02E5,2,331,20170411_ETNP_83_01.raw,,,
NPVSSKK,16.74,758.4286,7,1.2,380.2220,74.42,8.48E4,2,19878,20170411_ETNP_83_01.raw,,,
NLALSPPL,16.68,823.4803,8,-0.4,412.7473,72.73,2.83E4,2,19421,20170411_ETNP_83_01.raw,ETNP14_120maa_PROKKA_56425,,
LPSALDNRPLR,16.62,1250.7095,11,2.4,626.3635,81.92,,2,21888,20170411_ETNP_83_01.raw,,,
ADDFQEAFDVLESGECGK,16.61,1958.8203,18,6.5,653.9516,19.40,1.87E4,2,5046,20170411_ETNP_83_01.raw,,,
IPLVDIQDYLVEMTISEDSTLVGK,16.55,2677.3772,24,-7.6,893.4595,61.15,,2,16232,20170411_ETNP_83_01.raw,,,
MFPLGDVTVN,16.41,1091.5321,10,-5.2,546.7705,77.69,1.81E4,2,20750,20170411_ETNP_83_01.raw,,,
SIVNNLSK,16.35,873.4919,8,2.4,437.7543,51.38,1.71E6,2,13550,20170411_ETNP_83_01.raw,,,
SIVNNLSK,15.51,873.4919,8,2.2,437.7542,50.84,1.71E6,2,13405,20170411_ETNP_83_01.raw,,,
DIMEFLDSR,16.35,1124.5172,9,5.6,375.8484,19.79,4.28E3,2,5175,20170411_ETNP_83_01.raw,,,
EICGVSIP,16.16,816.4052,8,-6.2,409.2073,28.84,9.46E4,2,7677,20170411_ETNP_83_01.raw,,,
VVTVPSIR,16.11,869.5334,8,2.6,435.7751,53.46,3.2E8,2,14117,20170411_ETNP_83_01.raw,,,
VVTVPSIR,15.01,869.5334,8,2.9,435.7753,52.96,3.2E8,2,13980,20170411_ETNP_83_01.raw,,,
SIDSQTALDWKLIDSVVPSS,16.03,2160.0950,20,4.0,1081.0591,49.25,2.67E4,2,12963,20170411_ETNP_83_01.raw,,,
KSGESLQDVLK,16.00,1202.6506,11,12.1,602.3398,20.56,3.81E4,2,5426,20170411_ETNP_83_01.raw,,,
SLSLSGIR,15.87,831.4814,8,2.2,416.7489,50.69,2E6,2,13363,20170411_ETNP_83_01.raw,,,
STPTVTVPR,15.87,956.5291,9,13.6,479.2783,67.23,1.85E4,2,17939,20170411_ETNP_83_01.raw,,,
IGISGHGR,15.81,795.4351,8,2.1,398.7257,25.19,5.52E4,2,6650,20170411_ETNP_83_01.raw,,,
HIDSHNTHSNAEEAEEMWMNRCQGLCK,15.81,3169.3223,27,-3.8,1057.4440,17.79,1.06E5,2,4531,20170411_ETNP_83_01.raw,,,
LDALNSEDFK,15.80,1150.5505,10,1.1,576.2832,46.48,1.86E5,2,12226,20170411_ETNP_83_01.raw,,,
LPAYSSIVGGG,15.48,1019.5287,11,12.7,510.7781,84.51,1.18E5,2,22551,20170411_ETNP_83_01.raw,,,
IATVIPDK,15.43,855.5065,8,9.2,428.7645,52.80,,2,13939,20170411_ETNP_83_01.raw,,,
AAAVAAGNLK,15.06,884.5079,10,2.5,443.2624,67.70,1.77E7,2,18070,20170411_ETNP_83_01.raw,,,
AKASLLSPR,15.03,941.5658,9,3.3,471.7917,52.96,2.51E5,2,13981,20170411_ETNP_83_01.raw,,,
CCTVAVHVAWE,15.01,1216.5369,11,2.3,406.5205,24.76,,2,6542,20170411_ETNP_83_01.raw,,,
