Fraction,Scan,Source File,Peptide,Tag Length,ALC (%),length,m/z,z,RT,Area,Mass,ppm,Accession,PTM,local confidence (%),tag (>=0%),mode
9,22096,20170411_ETNP_63_01.raw,FFDLPK,6,97,6,383.7108,2,72.05,1.08E6,765.4061,1.4,,,99 99 99 98 92 95,FFDLPK,CID
9,23840,20170411_ETNP_63_01.raw,LDYMYFPK,8,96,8,538.7615,2,75.63,1.51E6,1075.5049,3.3,,,95 97 100 97 97 97 97 92,LDYMYFPK,CID
9,14423,20170411_ETNP_63_01.raw,LDYNYVPK,8,96,8,506.2622,2,54.25,5.32E6,1010.5073,2.5,,,97 98 98 92 98 98 98 95,LDYNYVPK,CID
9,21502,20170411_ETNP_63_01.raw,ALQFFR,6,96,6,391.2226,2,70.87,9.45E5,780.4282,3.1,,,97 99 98 97 96 91,ALQFFR,CID
9,20741,20170411_ETNP_63_01.raw,FLALDYAK,8,96,8,470.7626,2,69.28,1.05E5,939.5065,4.3,,,95 99 99 96 95 96 98 92,FLALDYAK,CID
9,25583,20170411_ETNP_63_01.raw,LFLLRL,6,96,6,387.7625,2,79.29,3.11E5,773.5163,-7.7,,,92 96 98 98 95 97,LFLLRL,CID
9,27062,20170411_ETNP_63_01.raw,SHPGGELVPALKK,13,96,13,666.8813,2,82.35,5.83E6,1331.7561,-6.0,NP_85m_PROKKA_14278:NP_300m_PROKKA_22657:NP_85m_PROKKA_09702:NP_125m_PROKKA_07506:ETNP14_120maa_PROKKA_147628:NP_85m_PROKKA_10653:NP_125m_PROKKA_02672:ETNP14_68maa_PROKKA_78515:ETNP14_68maa_PROKKA_58668:ETNP14_120maa_PROKKA_54071:ETNP_120m_PROKKA_78196:NP_100m_PROKKA_18521:NP_85m_PROKKA_05533:NP_100m_PROKKA_09018:NP_300m_PROKKA_20959:ETNP_100m_particle_PROKKA_120937:ETNP_300m_PROKKA_116083:ETNP14_120mab_PROKKA_13393:ETNP_120m_PROKKA_51847:ETNP_180m_PROKKA_32538:ETNP_160m_PROKKA_195160:ETNP_120m_free_PROKKA_239923:NP_300m_PROKKA_27639:ETNP_160m_PROKKA_208095:ETNP_300m_PROKKA_156689:ETNP_140m_PROKKA_69877:ETNP_100m_PROKKA_87174:ETNP14_120maa_PROKKA_92245:ETNP_120m_free_PROKKA_148225:ETNP14_120maa_PROKKA_108374:NP_300m_PROKKA_20973:ETNP_120m_PROKKA_74307:NP_85m_PROKKA_11169:NP_100m_PROKKA_06558:NP_300m_PROKKA_11637:ETNP_110m_PROKKA_31734:ETNP14_120maa_PROKKA_156631,,83 86 99 99 98 100 100 98 93 97 98 99 98,SHPGGELVPALKK,CID
9,10703,20170411_ETNP_63_01.raw,TLLEGEESR,9,95,9,517.2615,2,42.49,2.4E6,1032.5088,-0.4,,,99 100 100 99 85 97 97 95 89,TLLEGEESR,CID
9,18529,20170411_ETNP_63_01.raw,YGFYKLAK,8,95,8,495.2820,2,64.62,2.35E5,988.5381,11.5,ETNP_120m_PROKKA_24459:ETNP_160m_PROKKA_188359:ETNP_140m_PROKKA_160529:ETNP_300m_PROKKA_19830:ETNP_120m_free_PROKKA_61385:ETNP_120m_PROKKA_306054,,95 95 99 94 94 96 97 92,YGFYKLAK,CID
9,16568,20170411_ETNP_63_01.raw,FASFLAAT,8,95,8,414.2195,2,60.01,1.01E6,826.4225,2.3,ETNP_110m_PROKKA_21843:NP_125m_PROKKA_06923:ETNP_100m_PROKKA_85620:NP_300m_PROKKA_14486:NP_85m_PROKKA_10440:ETNP14_120maa_PROKKA_29432,,93 97 99 97 98 95 97 89,FASFLAAT,CID
9,16674,20170411_ETNP_63_01.raw,TFLDVR,6,95,6,375.7119,2,60.28,5.95E5,749.4072,2.9,,,99 99 97 95 94 88,TFLDVR,CID
9,19108,20170411_ETNP_63_01.raw,YTLADVATVNK,11,95,11,597.8232,2,65.85,1.62E6,1193.6292,2.3,ETNP_300m_PROKKA_60330,,99 100 100 98 97 96 95 93 95 95 82,YTLADVATVNK,CID
9,17345,20170411_ETNP_63_01.raw,GPVEDLLR,8,95,8,449.7542,2,61.95,1.26E6,897.4919,2.1,NP_85m_PROKKA_24083,,79 96 99 100 98 98 99 92,GPVEDLLR,CID
9,11125,20170411_ETNP_63_01.raw,DDSLTLK,7,95,7,396.2125,2,43.91,6.74E5,790.4072,4.1,,,90 96 94 95 96 97 95,DDSLTLK,CID
9,19848,20170411_ETNP_63_01.raw,YTLADVATVNK,11,94,11,597.8240,2,67.39,2.89E5,1193.6292,3.7,ETNP_300m_PROKKA_60330,,93 98 99 98 97 96 95 95 96 95 81,YTLADVATVNK,CID
9,16324,20170411_ETNP_63_01.raw,NFPTFK,6,94,6,377.2014,2,59.42,2.24E5,752.3857,3.5,,,94 96 94 96 95 93,NFPTFK,CID
9,20740,20170411_ETNP_63_01.raw,WLTYAMPR,8,94,8,519.2695,2,69.28,2.19E6,1036.5164,7.7,,,98 100 100 95 95 93 95 83,WLTYAMPR,CID
9,25255,20170411_ETNP_63_01.raw,VEFTLLPR,8,94,8,487.7879,2,78.61,3.99E5,973.5596,1.7,,,93 99 98 97 98 97 94 82,VEFTLLPR,CID
9,20420,20170411_ETNP_63_01.raw,WLSFSK,6,94,6,384.2080,2,68.62,7.19E4,766.4014,0.2,,,97 97 94 94 94 92,WLSFSK,CID
9,17528,20170411_ETNP_63_01.raw,YTLSDVVSVNK,11,94,11,612.8298,2,62.39,7.15E5,1223.6396,4.5,,,95 99 99 97 97 96 94 93 95 94 79,YTLSDVVSVNK,CID
9,12608,20170411_ETNP_63_01.raw,KLNDCVT,7,94,7,396.7045,2,48.91,6.9E5,791.3847,12.3,,,92 96 93 96 97 95 91,KLNDCVT,CID
9,24835,20170411_ETNP_63_01.raw,FEGEFVEWLT,10,94,10,628.8026,2,77.77,1.11E6,1255.5762,11.5,,,89 99 98 100 98 97 94 88 95 84,FEGEFVEWLT,CID
9,14236,20170411_ETNP_63_01.raw,STDLLMR,7,94,7,418.2216,2,53.69,6.12E5,834.4269,2.1,,,97 98 100 99 94 90 81,STDLLMR,CID
9,16296,20170411_ETNP_63_01.raw,TTELLLR,7,94,7,423.2603,2,59.34,2.15E5,844.5018,5.0,XP_002181134,,99 99 99 96 93 90 81,TTELLLR,CID
9,14146,20170411_ETNP_63_01.raw,TLVELACGR,9,93,9,481.2624,2,53.45,1.41E7,960.5062,4.1,NP_85m_PROKKA_14278:NP_300m_PROKKA_22657:NP_85m_PROKKA_09702:NP_125m_PROKKA_07506:ETNP14_120maa_PROKKA_147628:NP_85m_PROKKA_10653:NP_125m_PROKKA_02672:ETNP14_68maa_PROKKA_78515:ETNP14_68maa_PROKKA_58668:ETNP14_120maa_PROKKA_54071:ETNP_120m_PROKKA_78196:NP_100m_PROKKA_18521:NP_100m_PROKKA_09018:ETNP_100m_particle_PROKKA_120937:ETNP14_120mab_PROKKA_13393:NP_300m_PROKKA_27639:ETNP_300m_PROKKA_156689:ETNP_120m_free_PROKKA_148225:ETSP_PROKKA_00299:ETNP14_120maa_PROKKA_108374:NP_300m_PROKKA_20973:ETNP_120m_PROKKA_74307:ETNP_110m_PROKKA_40671:NP_300m_PROKKA_09456:ETNP14_120mab_PROKKA_80611:NP_85m_PROKKA_21996:ETNP14_120mab_PROKKA_70952:ETNP_120m_free_PROKKA_148224,,99 100 100 100 98 93 95 78 82,TLVELACGR,CID
9,26622,20170411_ETNP_63_01.raw,YTLSDVLTVNK,11,93,11,626.8452,2,81.43,1.35E6,1251.6711,3.7,,,95 99 99 97 97 96 97 92 93 93 74,YTLSDVLTVNK,CID
9,20558,20170411_ETNP_63_01.raw,LVMVLPR,7,93,7,414.2628,2,68.90,2.42E5,826.5099,1.5,,,96 97 99 97 95 89 83,LVMVLPR,CID
9,5323,20170411_ETNP_63_01.raw,AADSALTK,8,93,8,388.7112,2,22.16,1.65E5,775.4075,0.5,,,86 93 96 94 93 96 98 93,AADSALTK,CID
9,18607,20170411_ETNP_63_01.raw,MTLDDFR,7,93,7,449.2116,2,64.78,2.62E6,896.4062,2.8,,,96 98 98 95 92 92 82,MTLDDFR,CID
9,14680,20170411_ETNP_63_01.raw,LAAPVDYEVR,10,93,10,566.8054,2,54.98,9.28E5,1131.5923,3.5,,,97 98 100 98 98 97 90 96 87 74,LAAPVDYEVR,CID
9,17290,20170411_ETNP_63_01.raw,YLYFAK,6,93,6,402.7191,2,61.83,2.19E5,803.4218,2.5,,,92 97 95 92 93 93,YLYFAK,CID
9,13785,20170411_ETNP_63_01.raw,ASRLNVT,7,93,7,380.7219,2,52.45,8.64E4,759.4239,7.0,,,94 98 94 96 91 93 87,ASRLNVT,CID
9,25309,20170411_ETNP_63_01.raw,LFLLRL,6,93,6,387.7623,2,78.73,3.11E5,773.5163,-8.2,,,91 96 98 95 81 98,LFLLRL,CID
9,26131,20170411_ETNP_63_01.raw,LNKFDLAMT,9,93,9,526.7814,2,80.42,1.8E5,1051.5371,10.5,,,94 95 99 97 95 92 86 92 89,LNKFDLAMT,CID
9,13741,20170411_ETNP_63_01.raw,LGLVERALS,9,93,9,479.2889,2,52.34,6.4E5,956.5654,-2.2,NP_300m_PROKKA_25308:ETNP14_120mac_PROKKA_38713:NP_100m_PROKKA_28737,,90 90 99 97 98 86 91 96 93,LGLVERALS,CID
9,16411,20170411_ETNP_63_01.raw,MQLFVK,6,93,6,383.2212,2,59.63,6.17E5,764.4255,3.0,,,83 91 99 96 96 94,MQLFVK,CID
9,12517,20170411_ETNP_63_01.raw,LASGYDALAQR,11,93,11,582.8056,2,48.60,5.09E5,1163.5935,2.7,,,98 99 100 96 98 97 96 97 90 85 67,LASGYDALAQR,CID
9,18692,20170411_ETNP_63_01.raw,RAETWFGK,8,92,8,497.7544,2,64.97,5.78E5,993.5032,-9.1,,,80 94 98 94 95 96 95 91,RAETWFGK,CID
9,21067,20170411_ETNP_63_01.raw,TLDNDLFLLR,10,92,10,610.3362,2,69.96,4.07E6,1218.6609,-2.5,,,92 95 99 92 94 96 89 95 95 81,TLDNDLFLLR,CID
9,16173,20170411_ETNP_63_01.raw,QLGFAYNPR,9,92,9,533.2787,2,59.05,6.53E5,1064.5403,2.5,ETNP14_120maa_PROKKA_167511,,96 99 99 97 89 89 92 90 83,QLGFAYNPR,CID
9,11885,20170411_ETNP_63_01.raw,WFNDSK,6,92,6,398.6856,2,46.43,7.85E5,795.3552,1.8,,,98 96 91 92 92 88,WFNDSK,CID
9,12839,20170411_ETNP_63_01.raw,VTLLTGR,7,92,7,380.2408,2,49.65,2.3E6,758.4650,2.6,,,97 98 100 100 90 77 86,VTLLTGR,CID
9,26032,20170411_ETNP_63_01.raw,LPLLLVH,7,92,7,402.7717,2,80.21,3.64E4,803.5269,2.4,,,90 92 99 99 89 84 95,LPLLLVH,CID
9,18966,20170411_ETNP_63_01.raw,AAVFELK,7,92,7,389.2296,2,65.56,4.12E5,776.4432,2.0,,,95 96 92 86 98 95 86,AAVFELK,CID
9,6007,20170411_ETNP_63_01.raw,QSLTADNAR,9,92,9,488.2473,2,24.96,5.13E5,974.4781,2.0,,,85 98 100 98 97 96 85 91 82,QSLTADNAR,CID
9,16673,20170411_ETNP_63_01.raw,TLLELACGR,9,92,9,488.2693,2,60.28,6.28E6,974.5219,2.2,NP_300m_PROKKA_20959:ETNP_120m_PROKKA_51847:ETNP_180m_PROKKA_32538:ETNP_160m_PROKKA_195160:ETNP_120m_free_PROKKA_239923:ETNP_160m_PROKKA_208095:ETNP_120m_particle_PROKKA_191004,,96 98 100 100 98 93 88 79 81,TLLELACGR,CID
9,26819,20170411_ETNP_63_01.raw,YTLSDVLTLNN,11,92,11,626.8209,2,81.86,3.34E5,1251.6348,-6.1,,,95 98 98 96 95 94 96 92 93 90 70,YTLSDVLTLNN,CID
9,19286,20170411_ETNP_63_01.raw,EGEAWFNEK,9,92,9,555.2496,2,66.23,3.19E6,1108.4824,2.1,,,96 83 100 100 98 96 89 97 73,EGEAWFNEK,CID
9,10245,20170411_ETNP_63_01.raw,LSSPATLNSR,10,92,10,523.2867,2,40.94,2.88E7,1044.5564,2.4,,,97 98 99 98 97 96 89 89 89 72,LSSPATLNSR,CID
9,7544,20170411_ETNP_63_01.raw,VYYGDGR,7,92,7,415.1966,2,30.70,1.1E6,828.3766,2.5,,,93 97 97 93 95 86 85,VYYGDGR,CID
9,14957,20170411_ETNP_63_01.raw,YEELQLTQR,9,92,9,590.3052,2,55.79,1.07E6,1178.5930,2.4,,,97 100 100 100 94 97 92 84 68,YEELQLTQR,CID
9,13761,20170411_ETNP_63_01.raw,VVTVLSPR,8,92,8,435.7751,2,52.39,1.29E8,869.5334,2.6,,,99 99 98 95 92 86 88 82,VVTVLSPR,CID
9,16920,20170411_ETNP_63_01.raw,FNQLFR,6,92,6,412.7251,2,60.89,1.16E6,823.4340,2.0,,,94 96 98 97 92 77,FNQLFR,CID
9,15889,20170411_ETNP_63_01.raw,VVWDNLQK,8,92,8,501.2755,2,58.28,1.54E6,1000.5342,2.2,ETNP14_120maa_PROKKA_147628:ETSP_PROKKA_00299,,98 99 97 95 85 91 90 83,VVWDNLQK,CID
9,22467,20170411_ETNP_63_01.raw,FDHRLL,6,92,6,400.7219,2,72.83,2.63E5,799.4340,-6.0,,,86 87 98 91 95 95,FDHRLL,CID
9,11674,20170411_ETNP_63_01.raw,LGDVDLSEH,9,92,9,492.7367,2,45.77,1.32E5,983.4560,3.0,,,95 93 98 95 93 95 92 93 75,LGDVDLSEH,CID
9,13655,20170411_ETNP_63_01.raw,TGWRVKT,7,92,7,424.2391,2,52.11,2.15E5,846.4712,-8.9,,,97 96 98 88 93 90 82,TGWRVKT,CID
9,17568,20170411_ETNP_63_01.raw,NGFAYAEVR,9,92,9,513.7546,2,62.48,3.27E5,1025.4929,1.6,,,88 95 99 100 97 95 95 91 68,NGFAYAEVR,CID
9,24816,20170411_ETNP_63_01.raw,TLDQTLMLLR,10,92,10,602.3379,2,77.73,1.13E7,1202.6692,-6.6,,,97 98 98 78 80 97 95 97 96 85,TLDQTLMLLR,CID
9,13812,20170411_ETNP_63_01.raw,LDYLERT,7,91,7,455.2387,2,52.53,5.74E4,908.4603,2.8,,,96 98 99 96 95 79 79,LDYLERT,CID
9,9863,20170411_ETNP_63_01.raw,LLTPEER,7,91,7,429.2412,2,39.60,7.33E5,856.4654,3.0,,,98 99 99 93 93 93 66,LLTPEER,CID
9,14244,20170411_ETNP_63_01.raw,TLVELACGR,9,91,9,481.2617,2,53.72,1.41E7,960.5062,2.8,NP_85m_PROKKA_14278:NP_300m_PROKKA_22657:NP_85m_PROKKA_09702:NP_125m_PROKKA_07506:ETNP14_120maa_PROKKA_147628:NP_85m_PROKKA_10653:NP_125m_PROKKA_02672:ETNP14_68maa_PROKKA_78515:ETNP14_68maa_PROKKA_58668:ETNP14_120maa_PROKKA_54071:ETNP_120m_PROKKA_78196:NP_100m_PROKKA_18521:NP_100m_PROKKA_09018:ETNP_100m_particle_PROKKA_120937:ETNP14_120mab_PROKKA_13393:NP_300m_PROKKA_27639:ETNP_300m_PROKKA_156689:ETNP_120m_free_PROKKA_148225:ETSP_PROKKA_00299:ETNP14_120maa_PROKKA_108374:NP_300m_PROKKA_20973:ETNP_120m_PROKKA_74307:ETNP_110m_PROKKA_40671:NP_300m_PROKKA_09456:ETNP14_120mab_PROKKA_80611:NP_85m_PROKKA_21996:ETNP14_120mab_PROKKA_70952:ETNP_120m_free_PROKKA_148224,,99 99 99 100 98 90 93 72 77,TLVELACGR,CID
9,22347,20170411_ETNP_63_01.raw,WAVVFQ,6,91,6,375.2032,2,72.58,3.83E4,748.3908,1.5,,,99 97 97 95 90 70,WAVVFQ,CID
9,20798,20170411_ETNP_63_01.raw,FPSRFM,6,91,6,392.6959,2,69.40,2.85E5,783.3738,4.5,,,93 95 98 86 91 85,FPSRFM,CID
9,18148,20170411_ETNP_63_01.raw,YLYFAAK,7,91,7,438.2359,2,63.83,1.65E5,874.4589,-1.8,,,86 95 94 94 90 90 90,YLYFAAK,CID
9,12529,20170411_ETNP_63_01.raw,LLSAEVK,7,91,7,380.2369,2,48.64,2.96E5,758.4538,7.1,,,92 92 95 94 92 88 86,LLSAEVK,CID
9,29318,20170411_ETNP_63_01.raw,YTLADVLTLDL,11,91,11,618.8461,2,87.48,1.14E5,1235.6648,10.4,,,93 97 98 94 89 86 93 90 95 85 82,YTLADVLTLDL,CID
9,11657,20170411_ETNP_63_01.raw,LKEWYEK,7,91,7,498.2643,2,45.72,1.87E5,994.5123,1.8,,,96 96 100 85 87 92 82,LKEWYEK,CID
9,27004,20170411_ETNP_63_01.raw,EDGGWFFR,8,91,8,507.2300,2,82.23,2.12E5,1012.4402,5.2,,,99 99 86 86 94 91 95 78,EDGGWFFR,CID
9,23304,20170411_ETNP_63_01.raw,LGFELYAPPK,10,91,10,567.8138,2,74.56,1.86E6,1133.6121,0.9,,,95 95 99 100 98 91 82 84 90 75,LGFELYAPPK,CID
9,18078,20170411_ETNP_63_01.raw,EVPLVAW,7,90,7,407.2301,2,63.67,,812.4432,3.0,,,94 89 94 93 86 91 87,EVPLVAW,CID
9,15989,20170411_ETNP_63_01.raw,LVLTLPK,7,90,7,392.2711,2,58.54,1.86E5,782.5266,1.5,,,88 96 97 94 93 81 85,LVLTLPK,CID
9,29338,20170411_ETNP_63_01.raw,LSFGDLHSF,9,90,9,511.7520,2,87.51,2.7E5,1021.4869,2.5,,,94 95 98 86 91 94 86 89 83,LSFGDLHSF,CID
9,13818,20170411_ETNP_63_01.raw,FGAVLTKT,8,90,8,418.7482,2,52.55,1.06E5,835.4803,1.9,,,92 92 99 89 88 82 91 90,FGAVLTKT,CID
9,11515,20170411_ETNP_63_01.raw,LAEEPLR,7,90,7,414.2354,2,45.25,1.98E5,826.4548,1.8,,,93 93 99 98 81 89 80,LAEEPLR,CID
9,23924,20170411_ETNP_63_01.raw,VVSMDDLQEFR,11,90,11,669.8204,2,75.79,1.54E6,1337.6284,-1.6,NP_85m_PROKKA_10653:NP_125m_PROKKA_02672:NP_85m_PROKKA_05533:NP_100m_PROKKA_09018:ETNP_100m_particle_PROKKA_120937:ETNP14_120mab_PROKKA_13393:ETNP_180m_PROKKA_32538:ETNP_160m_PROKKA_195160:ETNP_120m_free_PROKKA_239923:ETNP_140m_PROKKA_69877:ETNP14_120maa_PROKKA_92245:ETNP_120m_free_PROKKA_148225:NP_300m_PROKKA_09456:ETNP_120m_free_PROKKA_148224:NP_300m_PROKKA_45804,,97 97 87 87 95 95 95 87 98 92 63,VVSMDDLQEFR,CID
9,16539,20170411_ETNP_63_01.raw,LVVDWK,6,90,6,380.2243,2,59.94,9.74E4,758.4327,1.7,,,97 96 91 87 86 85,LVVDWK,CID
9,15278,20170411_ETNP_63_01.raw,LLDFKST,7,90,7,412.2317,2,56.73,1.93E4,822.4487,0.2,,,96 95 88 85 87 91 90,LLDFKST,CID
9,19210,20170411_ETNP_63_01.raw,TMFDLR,6,90,6,391.6982,2,66.08,1.97E5,781.3793,3.2,,,98 98 93 85 88 79,TMFDLR,CID
9,14819,20170411_ETNP_63_01.raw,LDYNYVPR,8,90,8,520.2650,2,55.38,7.34E5,1038.5134,2.0,,,93 96 97 92 92 91 92 69,LDYNYVPR,CID
9,16742,20170411_ETNP_63_01.raw,FDAGLVVW,8,90,8,453.7394,2,60.46,5.47E5,905.4647,-0.5,,,92 96 99 97 92 71 84 90,FDAGLVVW,CID
9,22040,20170411_ETNP_63_01.raw,QSFVDLRVT,9,90,9,532.7916,2,71.94,9.58E5,1063.5662,2.4,,,80 98 99 98 88 90 79 96 83,QSFVDLRVT,CID
9,30815,20170411_ETNP_63_01.raw,FFGLQLVATMT,11,90,11,614.3274,2,91.29,6.71E5,1226.6370,2.7,,,97 98 90 90 90 94 90 86 91 92 73,FFGLQLVATMT,CID
9,12953,20170411_ETNP_63_01.raw,TAAENDFVTLKK,12,90,12,446.2425,3,50.02,1.26E6,1335.7034,1.7,,,98 97 75 89 89 97 88 88 90 92 90 89,TAAENDFVTLKK,CID
9,13778,20170411_ETNP_63_01.raw,TSELDLVK,8,90,8,452.7536,2,52.44,2.58E5,903.4913,1.5,,,82 81 88 92 93 95 97 92,TSELDLVK,CID
9,20603,20170411_ETNP_63_01.raw,TVLFVPK,7,90,7,402.2561,2,68.99,5.65E4,802.4952,2.9,ETNP_70m_PROKKA_129052,,82 85 96 94 94 90 89,TVLFVPK,CID
9,6585,20170411_ETNP_63_01.raw,QLVFEQ,6,90,6,382.2049,2,27.19,4.45E4,762.3912,5.3,,,93 99 95 86 95 71,QLVFEQ,CID
9,4913,20170411_ETNP_63_01.raw,YNNTVDK,7,90,7,427.2122,2,20.55,9.64E4,852.3978,14.1,,,96 95 95 96 91 79 79,YNNTVDK,CID
9,28532,20170411_ETNP_63_01.raw,LDWLWEAL,8,90,8,523.2766,2,85.65,1.16E4,1044.5281,10.1,,,90 93 98 97 92 90 86 74,LDWLWEAL,CID
9,18063,20170411_ETNP_63_01.raw,WWETTVKKN,9,90,9,596.3059,2,63.63,1.22E6,1190.6084,-9.4,ETNP_300m_PROKKA_60330,,93 97 98 95 93 93 81 85 73,WWETTVKKN,CID
9,19693,20170411_ETNP_63_01.raw,ALQFHVDW,8,90,8,508.2509,2,67.05,7.73E5,1014.4923,-5.0,,,66 88 96 92 86 96 99 97,ALQFHVDW,CID
9,9255,20170411_ETNP_63_01.raw,KAYEDLAQQ,9,90,9,533.2653,2,37.36,1.93E6,1064.5139,1.9,ETNP_120m_particle_PROKKA_104136:ETNP_180m_PROKKA_19977:ETNP_120m_PROKKA_94179:ETNP_120m_free_PROKKA_286157:ETNP_300m_PROKKA_185810:ETNP_160m_PROKKA_145456,,93 92 99 99 96 99 93 90 48,KAYEDLAQQ,CID
9,13381,20170411_ETNP_63_01.raw,LLPELAK,7,90,7,392.2532,2,51.30,6.4E5,782.4902,2.1,,,95 96 90 95 86 84 82,LLPELAK,CID
9,16064,20170411_ETNP_63_01.raw,LLPEASVVT,9,89,9,464.7771,2,58.75,1.39E5,927.5276,12.9,,,97 98 95 96 80 78 86 95 82,LLPEASVVT,CID
9,23999,20170411_ETNP_63_01.raw,LFPWPK,6,89,6,394.2310,2,75.93,9.34E4,786.4428,5.8,,,93 92 87 90 85 90,LFPWPK,CID
9,19045,20170411_ETNP_63_01.raw,EVTDYLFQ,8,89,8,507.7452,2,65.73,1.05E6,1013.4705,5.2,,,87 87 99 95 94 96 95 63,EVTDYLFQ,CID
9,23950,20170411_ETNP_63_01.raw,AEDVLDGLL,9,89,9,472.7474,2,75.84,5.73E5,943.4862,-6.3,,,90 99 99 99 90 83 62 93 90,AEDVLDGLL,CID
9,19137,20170411_ETNP_63_01.raw,QSYNLYLYK,9,89,9,596.3077,2,65.92,2.99E4,1190.5972,3.2,,,66 70 90 93 97 96 97 98 97,QSYNLYLYK,CID
9,6036,20170411_ETNP_63_01.raw,TEATDLR,7,89,7,403.2070,2,25.07,5.25E4,804.3977,2.1,,,88 93 88 93 91 93 80,TEATDLR,CID
9,19446,20170411_ETNP_63_01.raw,WDNLKEFR,8,89,8,554.2893,2,66.55,2.97E5,1106.5508,12.0,ETNP14_120maa_PROKKA_147628:ETSP_PROKKA_00299,,95 97 86 91 88 93 90 74,WDNLKEFR,CID
9,16905,20170411_ETNP_63_01.raw,YTLSDVATLVE,11,89,11,605.8206,2,60.86,1.63E6,1209.6128,11.4,WP_009603635,,95 98 98 97 97 93 93 92 89 44 84,YTLSDVATLVE,CID
9,20724,20170411_ETNP_63_01.raw,KNVDLTMPR,9,89,9,537.2953,2,69.25,2.45E5,1072.5698,5.8,,,85 85 96 95 95 91 89 90 74,KNVDLTMPR,CID
9,17260,20170411_ETNP_63_01.raw,EPMSVMAPLL,10,89,10,544.2796,2,61.77,3.85E4,1086.5454,-0.7,,,80 69 89 95 95 96 92 90 95 92,EPMSVMAPLL,CID
9,14862,20170411_ETNP_63_01.raw,LAAPVDFAVET,11,89,11,566.8051,2,55.50,9.28E5,1131.5811,12.9,,,90 96 99 96 96 95 80 73 90 97 69,LAAPVDFAVET,CID
9,17855,20170411_ETNP_63_01.raw,VTVLDKKN,8,89,8,458.7725,2,63.14,1.11E6,915.5389,-9.2,,,87 95 96 93 89 87 92 75,VTVLDKKN,CID
9,13293,20170411_ETNP_63_01.raw,LLLNYK,6,89,6,382.2406,2,51.04,8.45E4,762.4639,3.5,,,79 99 91 84 92 90,LLLNYK,CID
9,9771,20170411_ETNP_63_01.raw,RDKLDPQ,7,89,7,436.2308,2,39.26,4.29E5,870.4559,-10.2,,,96 96 96 92 85 86 72,RDKLDPQ,CID
9,17853,20170411_ETNP_63_01.raw,KNLGFAK,7,89,7,389.2297,2,63.14,2.51E5,776.4544,-12.4,,,82 81 96 86 93 94 91,KNLGFAK,CID
9,22264,20170411_ETNP_63_01.raw,TLPTFKLT,8,89,8,460.7776,2,72.39,2.56E5,919.5378,3.0,,,93 95 91 91 85 84 93 79,TLPTFKLT,CID
9,18528,20170411_ETNP_63_01.raw,TGAFHPF,7,89,7,388.6910,2,64.62,7.57E5,775.3653,2.7,,,91 91 99 96 93 71 81,TGAFHPF,CID
9,25207,20170411_ETNP_63_01.raw,QEYALTFLPQ,10,89,10,605.3124,2,78.50,6.76E5,1208.6077,2.1,,,79 88 97 96 98 86 91 97 92 63,QEYALTFLPQ,CID
9,19780,20170411_ETNP_63_01.raw,TCGFLALT,8,89,8,413.2161,2,67.24,1.07E6,824.4102,9.0,,,90 90 97 99 92 78 91 74,TCGFLALT,CID
9,27746,20170411_ETNP_63_01.raw,LGVNLVPFPR,10,89,10,556.3364,2,83.87,1.76E6,1110.6550,2.9,XP_003074486:XP_003074279:NP_300m_PROKKA_19538,,95 87 97 98 100 99 69 74 81 89,LGVNLVPFPR,CID
9,19903,20170411_ETNP_63_01.raw,LVYPDKVL,8,89,8,473.7852,2,67.54,1.83E5,945.5535,2.4,,,95 96 98 95 88 85 77 77,LVYPDKVL,CID
9,11571,20170411_ETNP_63_01.raw,SYLLEK,6,89,6,376.7132,2,45.44,3.6E4,751.4116,0.5,XP_003074464,,88 89 95 93 93 75,SYLLEK,CID
9,27495,20170411_ETNP_63_01.raw,KLVPFSGL,8,88,8,430.7666,2,83.31,1.73E6,859.5167,2.2,,,89 92 74 65 96 98 99 99,KLVPFSGL,CID
9,9893,20170411_ETNP_63_01.raw,DVDQYMTK,8,88,8,500.2278,2,39.72,3.95E5,998.4379,3.3,,,77 77 96 90 95 95 95 86,DVDQYMTK,CID
9,21942,20170411_ETNP_63_01.raw,FFGLKR,6,88,6,384.2372,2,71.75,2.82E5,766.4490,14.1,,,96 96 88 86 85 79,FFGLKR,CID
9,24768,20170411_ETNP_63_01.raw,YYYQMLSVT,9,88,9,584.2766,2,77.62,7E4,1166.5317,5.9,,,80 92 94 89 84 88 90 96 84,YYYQMLSVT,CID
9,20267,20170411_ETNP_63_01.raw,KNFFDHFT,8,88,8,528.2464,2,68.30,1.44E5,1054.4873,-8.6,,,77 77 97 95 93 91 95 85,KNFFDHFT,CID
9,14487,20170411_ETNP_63_01.raw,TPEWLQLT,8,88,8,494.2621,2,54.44,4.68E6,986.5073,2.4,WP_011282049,,93 91 94 79 84 85 96 86,TPEWLQLT,CID
9,17930,20170411_ETNP_63_01.raw,QLDATEFSFPALDQ,14,88,14,791.3783,2,63.33,2.24E6,1580.7358,3.9,NP_85m_PROKKA_14278:NP_300m_PROKKA_22657:NP_85m_PROKKA_09702:NP_125m_PROKKA_07506:ETNP14_120maa_PROKKA_147628:NP_85m_PROKKA_10653:NP_125m_PROKKA_02672:ETNP14_68maa_PROKKA_78515:ETNP14_68maa_PROKKA_58668:ETNP14_120maa_PROKKA_54071:ETNP_120m_PROKKA_78196:NP_100m_PROKKA_18521:NP_85m_PROKKA_05533:NP_100m_PROKKA_09018:NP_300m_PROKKA_20959:ETNP_100m_particle_PROKKA_120937:ETNP_300m_PROKKA_116083:ETNP14_120mab_PROKKA_13393:ETNP_120m_PROKKA_51847:ETNP_180m_PROKKA_32538:ETNP_160m_PROKKA_195160:ETNP_120m_free_PROKKA_239923:NP_300m_PROKKA_27639:ETNP_160m_PROKKA_208095:ETNP_300m_PROKKA_156689:ETNP_140m_PROKKA_69877:ETNP_100m_PROKKA_87174:ETNP14_120maa_PROKKA_92245:ETNP_120m_free_PROKKA_148225:ETSP_PROKKA_00299:NP_85m_PROKKA_07022:ETNP_120m_free_PROKKA_72733:NP_85m_PROKKA_11169:NP_100m_PROKKA_06558:NP_300m_PROKKA_11637:ETNP_110m_PROKKA_31734:ETNP14_68maa_PROKKA_27470:NP_85m_PROKKA_02682:NP_125m_PROKKA_00202:ETNP_120m_particle_PROKKA_184419:ETNP14_120maa_PROKKA_07471:NP_100m_PROKKA_00367:ETNP_110m_PROKKA_38395:ETNP_100m_particle_PROKKA_40531:NP_300m_PROKKA_43196:NP_300m_PROKKA_37106:ETNP14_120maa_PROKKA_156631:ETNP14_120mab_PROKKA_11207:ETNP_120m_PROKKA_24459:ETNP_160m_PROKKA_188359:NP_300m_PROKKA_44350:ETNP_140m_PROKKA_160529:ETNP_300m_PROKKA_19830:ETNP_120m_free_PROKKA_61385:ETNP_120m_PROKKA_306054:WP_007280551:ETNP14_68mB_PROKKA_33969:ETNP14_68maa_PROKKA_18828:WP_009603635,,74 86 99 99 100 99 95 88 87 80 87 94 90 60,QLDATEFSFPALDQ,CID
9,11291,20170411_ETNP_63_01.raw,LTLTGPR,7,88,7,379.2324,2,44.49,2.51E4,756.4494,1.2,,,95 95 97 87 73 86 85,LTLTGPR,CID
9,13230,20170411_ETNP_63_01.raw,KWVVDNH,7,88,7,449.2326,2,50.85,2.66E5,896.4504,0.2,,,81 91 93 89 89 88 88,KWVVDNH,CID
9,25214,20170411_ETNP_63_01.raw,VEFTLLPR,8,88,8,487.7877,2,78.52,3.99E5,973.5596,1.2,,,92 99 98 97 97 87 74 65,VEFTLLPR,CID
9,15851,20170411_ETNP_63_01.raw,FLDGVALT,8,88,8,418.2328,2,58.18,1.74E5,834.4487,2.9,,,88 95 91 71 84 89 98 91,FLDGVALT,CID
9,13798,20170411_ETNP_63_01.raw,TDELYFSGK,9,88,9,530.2560,2,52.49,6.43E4,1058.4919,5.2,,,85 67 96 95 90 90 90 92 88,TDELYFSGK,CID
9,26149,20170411_ETNP_63_01.raw,VGGCDEGLFEELPR,14,88,14,760.8577,2,80.46,3.4E6,1519.6978,2.1,NP_300m_PROKKA_19608:ETNP_120m_PROKKA_307121:NP_300m_PROKKA_06204:ETNP_120m_particle_PROKKA_168206:ETNP_140m_PROKKA_80561:ETNP_110m_PROKKA_21843:NP_125m_PROKKA_06923:NP_100m_PROKKA_07350:ETNP_100m_PROKKA_85620:NP_300m_PROKKA_14486:NP_85m_PROKKA_10440:ETNP14_120maa_PROKKA_29432:ETNP_120m_PROKKA_117417:NP_85m_PROKKA_10662:NP_100m_PROKKA_06649:NP_85m_PROKKA_09331:ETNP14_68maa_PROKKA_113506:NP_300m_PROKKA_27730:NP_85m_PROKKA_08216:ETNP_180m_PROKKA_181026:ETNP_120m_PROKKA_44499:ETNP14_68maa_PROKKA_154991:ETNP_100m_PROKKA_91883:NP_300m_PROKKA_30411:ETNP14_120maa_PROKKA_70246,,89 79 46 79 100 100 93 98 98 99 99 99 81 73,VGGCDEGLFEELPR,CID
9,17127,20170411_ETNP_63_01.raw,GPVEDLLR,8,88,8,449.7545,2,61.45,1.26E6,897.4919,2.8,NP_85m_PROKKA_24083,,90 97 99 99 89 78 87 66,GPVEDLLR,CID
9,15364,20170411_ETNP_63_01.raw,TCPDGTLLK,9,88,9,474.2479,2,56.98,2.53E5,946.4794,1.9,,,91 91 95 97 86 91 85 85 70,TCPDGTLLK,CID
9,12504,20170411_ETNP_63_01.raw,FVSPLKT,7,88,7,396.2380,2,48.57,7.53E5,790.4589,3.2,,,90 95 88 82 89 89 82,FVSPLKT,CID
9,13254,20170411_ETNP_63_01.raw,SLVNLGGSK,9,88,9,437.7545,2,50.93,3.89E6,873.4919,2.9,,,81 91 99 95 96 77 72 92 88,SLVNLGGSK,CID
9,17131,20170411_ETNP_63_01.raw,FNKLAMT,7,88,7,412.7237,2,61.45,1.16E6,823.4262,8.1,,,90 91 92 93 80 80 88,FNKLAMT,CID
9,11678,20170411_ETNP_63_01.raw,WFLACL,6,88,6,376.6906,2,45.78,4.53E5,751.3727,-8.0,,,93 96 95 82 82 79,WFLACL,CID
9,20486,20170411_ETNP_63_01.raw,TVVLELNPL,9,88,9,499.3072,2,68.75,2.27E5,996.5855,14.3,KUK50408:KUK91805,,88 90 99 95 96 86 59 86 91,TVVLELNPL,CID
9,20083,20170411_ETNP_63_01.raw,VYSLMLVT,8,88,8,463.2597,2,67.93,2.1E5,924.4990,6.4,,,93 93 86 90 89 90 86 76,VYSLMLVT,CID
9,19357,20170411_ETNP_63_01.raw,VLDELTVQL,9,88,9,515.3019,2,66.38,2.01E6,1028.5754,13.4,WP_013045597,,94 98 99 99 98 72 54 83 93,VLDELTVQL,CID
9,9956,20170411_ETNP_63_01.raw,LSSPATLNSR,10,88,10,523.2863,2,39.93,2.88E7,1044.5564,1.6,,,95 97 99 98 98 95 87 61 62 86,LSSPATLNSR,CID
9,23053,20170411_ETNP_63_01.raw,KVLSPPCL,8,87,8,428.7564,2,74.05,8.98E4,855.4888,11.2,,,89 93 99 94 90 63 90 81,KVLSPPCL,CID
9,14254,20170411_ETNP_63_01.raw,LDYNYVPK,8,87,8,506.2614,2,53.74,5.32E6,1010.5073,1.0,,,96 95 92 86 90 79 85 78,LDYNYVPK,CID
9,23629,20170411_ETNP_63_01.raw,LDFLRL,6,87,6,388.7348,2,75.24,2.01E4,775.4592,-5.2,,,92 93 92 88 73 88,LDFLRL,CID
9,18866,20170411_ETNP_63_01.raw,TYLADVLSANK,11,87,11,597.8240,2,65.35,1.62E6,1193.6292,3.6,,,92 93 98 96 95 90 78 70 89 93 67,TYLADVLSANK,CID
9,25616,20170411_ETNP_63_01.raw,FAALLTAEVAT,11,87,11,553.8043,2,79.35,3.17E4,1105.6018,-7.0,ETNP_300m_PROKKA_135134,,89 95 100 99 97 89 57 79 79 95 81,FAALLTAEVAT,CID
9,24982,20170411_ETNP_63_01.raw,KMVSNVMQ,8,87,8,468.7342,2,78.07,1.07E6,935.4568,-3.2,,,88 89 87 83 86 90 95 81,KMVSNVMQ,CID
9,15443,20170411_ETNP_63_01.raw,LTYACLLT,8,87,8,449.2472,2,57.17,2.22E5,896.4677,13.6,,,94 96 97 95 70 77 91 79,LTYACLLT,CID
9,10597,20170411_ETNP_63_01.raw,SPLGDAVR,8,87,8,407.7256,2,42.12,,813.4344,2.7,,,96 98 99 94 92 71 82 66,SPLGDAVR,CID
9,9889,20170411_ETNP_63_01.raw,AQYEELAQR,9,87,9,554.2765,2,39.70,1.32E6,1106.5356,2.5,,,75 73 100 99 99 96 88 87 69,AQYEELAQR,CID
9,20624,20170411_ETNP_63_01.raw,FGGLKMT,7,87,7,377.2069,2,69.03,7.89E4,752.3891,13.6,,,95 93 97 95 79 69 83,FGGLKMT,CID
9,25521,20170411_ETNP_63_01.raw,TSLTALFRT,9,87,9,505.2819,2,79.16,1.1E5,1008.5604,-11.0,,,99 99 98 95 88 90 62 67 85,TSLTALFRT,CID
9,15066,20170411_ETNP_63_01.raw,STGFFGR,7,87,7,386.1935,2,56.10,2.57E6,770.3711,1.7,,,91 93 99 98 90 70 69,STGFFGR,CID
9,16845,20170411_ETNP_63_01.raw,AALDLLNVGT,10,87,10,493.7803,2,60.71,4.31E5,985.5444,1.7,ETNP_300m_PROKKA_112215,,97 98 99 99 98 92 67 79 70 71,AALDLLNVGT,CID
9,9328,20170411_ETNP_63_01.raw,VALVEASK,8,87,8,408.7459,2,37.63,3.57E5,815.4752,2.6,,,89 95 98 95 97 67 79 77,VALVEASK,CID
9,13936,20170411_ETNP_63_01.raw,MLFSSPT,7,87,7,391.6967,2,52.88,6.4E5,781.3680,14.0,,,95 99 97 73 70 80 93,MLFSSPT,CID
9,18362,20170411_ETNP_63_01.raw,VSFFRT,6,87,6,378.7003,2,64.25,9.18E4,755.3966,-13.8,,,87 90 87 90 79 88,VSFFRT,CID
9,15491,20170411_ETNP_63_01.raw,LNYFTPR,7,87,7,455.7440,2,57.28,2.04E5,909.4708,3.0,,,88 86 96 92 88 80 78,LNYFTPR,CID
9,15207,20170411_ETNP_63_01.raw,LAALLTR,7,86,7,379.2452,2,56.52,1.08E4,756.4858,-13.0,,,93 92 95 93 89 74 71,LAALLTR,CID
9,21052,20170411_ETNP_63_01.raw,EVGFELR,7,86,7,425.2285,2,69.93,2.83E5,848.4391,4.0,,,85 67 97 96 98 92 72,EVGFELR,CID
9,15241,20170411_ETNP_63_01.raw,STGFFGR,7,86,7,386.1935,2,56.61,2.57E6,770.3711,1.9,,,89 92 99 99 85 65 77,STGFFGR,CID
9,9531,20170411_ETNP_63_01.raw,ALYVDGK,7,86,7,383.2117,2,38.35,,764.4068,2.7,,,77 93 90 88 92 80 85,ALYVDGK,CID
9,31207,20170411_ETNP_63_01.raw,TLTPSEVV,8,86,8,423.2323,2,92.37,1.33E7,844.4542,-4.9,,,74 75 81 83 88 97 97 96,TLTPSEVV,CID
9,17725,20170411_ETNP_63_01.raw,AFEELVKAT,9,86,9,504.2747,2,62.84,6.51E5,1006.5334,1.4,,,97 99 100 97 92 71 56 89 76,AFEELVKAT,CID
9,15755,20170411_ETNP_63_01.raw,QFELVR,6,86,6,396.2242,2,57.94,4.34E5,790.4337,0.3,,,71 85 96 93 91 82,QFELVR,CID
9,12678,20170411_ETNP_63_01.raw,TNAENEFVTLKK,12,86,12,465.2499,3,49.14,2.95E6,1392.7249,2.2,,,91 96 92 85 68 98 93 90 90 89 86 57,TNAENEFVTLKK,CID
9,20035,20170411_ETNP_63_01.raw,QHLADVAEAQN,11,86,11,598.2914,2,67.83,1.67E4,1194.5630,4.5,,,51 56 95 96 96 94 93 97 95 89 85,QHLADVAEAQN,CID
9,13999,20170411_ETNP_63_01.raw,ALVELTCGK,9,86,9,467.2596,2,53.09,4.65E5,932.5001,4.8,NP_85m_PROKKA_11169:NP_100m_PROKKA_06558:NP_300m_PROKKA_11637:ETNP_110m_PROKKA_31734:ETNP14_120maa_PROKKA_156631:NP_300m_PROKKA_44350:AOO12278.1,,82 95 99 99 95 89 73 68 73,ALVELTCGK,CID
9,15526,20170411_ETNP_63_01.raw,SVFAFFA,7,86,7,394.7016,2,57.36,6.23E5,787.3904,-2.2,,,91 89 97 95 80 62 86,SVFAFFA,CID
9,12668,20170411_ETNP_63_01.raw,QLPFKR,6,86,6,394.7435,2,49.11,1.9E6,787.4704,2.6,,,89 99 90 81 79 78,QLPFKR,CID
9,26763,20170411_ETNP_63_01.raw,EPQLLPSVSMVPLCSK,16,86,16,864.4490,2,81.73,4.63E6,1726.8997,-9.4,,,95 79 79 99 100 95 93 90 82 76 81 74 95 87 83 67,EPQLLPSVSMVPLCSK,CID
9,16410,20170411_ETNP_63_01.raw,AVTDQVLER,9,86,9,515.7820,2,59.63,4.52E5,1029.5454,3.9,ETNP_120m_free_PROKKA_223647,,66 81 97 97 90 93 94 96 59,AVTDQVLER,CID
9,17293,20170411_ETNP_63_01.raw,FASFLKTPAT,10,86,10,541.8057,2,61.84,5.02E5,1081.5808,14.8,,,95 97 99 96 94 66 63 70 93 85,FASFLKTPAT,CID
9,27592,20170411_ETNP_63_01.raw,TFLL,4,86,4,493.3036,1,83.53,5.65E4,492.2948,3.1,,,75 74 98 97,TFLL,CID
9,12457,20170411_ETNP_63_01.raw,WFPAAVT,7,86,7,396.2077,2,48.41,2.16E5,790.4014,-0.6,,,98 96 88 72 71 88 89,WFPAAVT,CID
9,13876,20170411_ETNP_63_01.raw,WFNPAK,6,86,6,381.7008,2,52.72,8.06E5,761.3860,1.3,,,98 99 86 59 89 84,WFNPAK,CID
9,22150,20170411_ETNP_63_01.raw,LVSLGPKVL,9,86,9,463.3085,2,72.15,8.36E5,924.6008,1.8,ETNP_150m_particle_PROKKA_20236:ETNP_180m_PROKKA_86331:NP_300m_PROKKA_08375:NP_85m_PROKKA_03144:ETNP14_120maa_PROKKA_05361:NP_125m_PROKKA_01168:ETNP14_120maa_PROKKA_32935:ETNP14_120maa_PROKKA_27079:ETNP_180m_PROKKA_232357,,95 97 99 97 85 74 74 76 77,LVSLGPKVL,CID
9,10111,20170411_ETNP_63_01.raw,CTLKRGT,7,85,7,389.7141,2,40.51,1.33E5,777.4167,-3.8,,,69 89 97 97 89 78 81,CTLKRGT,CID
9,27087,20170411_ETNP_63_01.raw,VLFADDLSSWT,11,85,11,627.3117,2,82.41,2.56E6,1252.5977,8.9,,,96 97 81 82 91 93 95 86 68 72 81,VLFADDLSSWT,CID
9,18240,20170411_ETNP_63_01.raw,ADDLKLT,7,85,7,388.2094,2,64.01,4.86E4,774.4123,-10.5,,,67 89 98 93 83 87 82,ADDLKLT,CID
9,12861,20170411_ETNP_63_01.raw,SGPLDVADNK,10,85,10,508.2578,2,49.73,2.79E6,1014.4982,2.9,EJK62463,,85 80 99 99 90 66 68 90 92 88,SGPLDVADNK,CID
9,25325,20170411_ETNP_63_01.raw,DFGERLLAK,9,85,9,524.7889,2,78.76,1.2E5,1047.5713,-7.7,,,67 82 85 91 68 91 97 97 91,DFGERLLAK,CID
9,26611,20170411_ETNP_63_01.raw,LLDLAGFPK,9,85,9,487.2895,2,81.41,5.19E5,972.5644,0.0,ETNP_120m_PROKKA_200056,,90 94 97 98 83 54 75 91 88,LLDLAGFPK,CID
9,11506,20170411_ETNP_63_01.raw,EDPFVKVK,8,85,8,481.2698,2,45.22,6.2E4,960.5280,-3.0,,,95 95 90 89 72 70 92 81,EDPFVKVK,CID
9,17231,20170411_ETNP_63_01.raw,TLLDLDNTR,9,85,9,530.7861,2,61.70,2.84E6,1059.5559,1.7,,,82 92 100 100 97 92 67 79 62,TLLDLDNTR,CID
9,18916,20170411_ETNP_63_01.raw,SRELEFLK,8,85,8,511.2915,2,65.45,,1020.5604,7.9,,,69 57 98 90 96 91 97 85,SRELEFLK,CID
9,21074,20170411_ETNP_63_01.raw,SVTLLLR,7,85,7,401.2584,2,69.98,1.86E4,800.5120,-12.2,,,92 90 94 95 93 71 62,SVTLLLR,CID
9,19615,20170411_ETNP_63_01.raw,VLDELTLAR,9,85,9,515.3035,2,66.89,2.01E6,1028.5867,5.6,WP_013045597,,95 98 99 100 94 73 72 77 60,VLDELTLAR,CID
9,17753,20170411_ETNP_63_01.raw,AMPLVLR,7,85,7,400.2473,2,62.90,1.14E5,798.4786,1.8,,,68 84 91 96 90 90 79,AMPLVLR,CID
9,20996,20170411_ETNP_63_01.raw,TVSEAWK,7,85,7,410.7139,2,69.82,,819.4127,0.8,,,89 90 92 94 81 78 73,TVSEAWK,CID
9,13560,20170411_ETNP_63_01.raw,TVYNLDLT,8,85,8,469.7520,2,51.82,5.2E3,937.4756,14.6,,,85 87 94 87 90 79 88 73,TVYNLDLT,CID
9,19697,20170411_ETNP_63_01.raw,TYLADVVSLEV,11,85,11,604.8313,2,67.06,1.03E6,1207.6335,12.0,,,69 78 97 94 94 95 95 93 90 70 62,TYLADVVSLEV,CID
9,23678,20170411_ETNP_63_01.raw,ALLDFVK,7,85,7,403.2455,2,75.33,5.31E4,804.4745,2.4,,,78 93 94 91 79 76 86,ALLDFVK,CID
9,19379,20170411_ETNP_63_01.raw,LLDEAVWGR,9,85,9,529.7860,2,66.42,5.08E5,1057.5557,1.7,,,98 99 100 99 90 69 68 80 63,LLDEAVWGR,CID
9,22386,20170411_ETNP_63_01.raw,EVVSSLSVAL,10,85,10,502.2881,2,72.67,9.67E4,1002.5597,2.0,,,92 81 97 90 78 82 77 85 86 84,EVVSSLSVAL,CID
9,27258,20170411_ETNP_63_01.raw,KLVPFSGL,8,85,8,430.7668,2,82.80,1.73E6,859.5167,2.6,,,84 88 67 56 93 98 98 98,KLVPFSGL,CID
9,11660,20170411_ETNP_63_01.raw,EVTLAGLK,8,85,8,415.7537,2,45.73,1.83E5,829.4909,2.3,ETNP_120m_PROKKA_164900:ETNP_120m_free_PROKKA_289365:ETNP_120m_particle_PROKKA_50105,,77 78 93 95 88 72 95 82,EVTLAGLK,CID
9,27242,20170411_ETNP_63_01.raw,EPMTFAMT,8,85,8,464.2065,2,82.77,3.9E5,926.3878,11.6,,,88 39 83 99 97 93 95 86,EPMTFAMT,CID
9,24038,20170411_ETNP_63_01.raw,KNDFVNLL,8,85,8,481.7701,2,75.99,9.34E4,961.5233,2.4,,,79 78 92 91 89 79 92 81,KNDFVNLL,CID
9,18580,20170411_ETNP_63_01.raw,WGDLEYR,7,85,7,469.7238,2,64.73,4.23E4,937.4294,3.8,,,85 75 97 90 95 84 69,WGDLEYR,CID
9,25118,20170411_ETNP_63_01.raw,VVSMDDLKAAMT,12,85,12,640.8185,2,78.33,2.12E6,1279.6152,5.7,,,97 96 62 65 96 95 95 92 94 79 79 72,VVSMDDLKAAMT,CID
9,9100,20170411_ETNP_63_01.raw,EFADSGAVRQ,10,85,10,540.2593,2,36.78,1.47E5,1078.5044,-0.2,,,90 79 97 97 97 84 91 95 68 51,EFADSGAVRQ,CID
9,15322,20170411_ETNP_63_01.raw,TGFMKNK,7,85,7,413.2134,2,56.86,,824.4214,-11.2,,,79 66 92 93 92 89 84,TGFMKNK,CID
9,22858,20170411_ETNP_63_01.raw,LLVPWK,6,85,6,378.2452,2,73.65,1.05E5,754.4741,2.3,,,98 98 96 76 69 73,LLVPWK,CID
9,12494,20170411_ETNP_63_01.raw,LAADYLECL,9,85,9,505.7535,2,48.53,1.13E5,1009.4790,13.3,,,94 96 95 95 94 93 89 54 54,LAADYLECL,CID
9,19193,20170411_ETNP_63_01.raw,NYSMPALAAT,10,85,10,519.7564,2,66.04,,1037.4851,12.7,,,50 56 94 96 94 96 97 94 94 78,NYSMPALAAT,CID
9,22296,20170411_ETNP_63_01.raw,KSLELNNVPK,10,85,10,571.3290,2,72.47,2.71E5,1140.6501,-5.8,,,88 88 98 99 91 65 69 76 90 84,KSLELNNVPK,CID
9,15772,20170411_ETNP_63_01.raw,MMPGLGTVANK,11,84,11,559.7866,2,57.99,7.35E5,1117.5625,-3.4,,,89 89 94 90 96 73 79 67 79 86 91,MMPGLGTVANK,CID
9,18243,20170411_ETNP_63_01.raw,EGDLKLT,7,84,7,388.2090,2,64.02,4.86E4,774.4123,-11.4,,,92 59 98 92 84 87 81,EGDLKLT,CID
9,24468,20170411_ETNP_63_01.raw,LNYEWGRF,8,84,8,542.7665,2,76.94,,1083.5137,4.4,,,79 86 90 96 88 76 88 76,LNYEWGRF,CID
9,20529,20170411_ETNP_63_01.raw,FGGFLDTVET,10,84,10,543.2675,2,68.83,1.62E5,1084.5076,11.8,,,87 82 98 99 95 86 57 72 91 78,FGGFLDTVET,CID
9,17838,20170411_ETNP_63_01.raw,LVPAMALVLK,10,84,10,527.8305,2,63.10,1.05E6,1053.6621,-14.9,,,82 81 94 93 85 80 85 70 92 82,LVPAMALVLK,CID
9,18100,20170411_ETNP_63_01.raw,EVPLVTR,7,84,7,407.2459,2,63.71,2.14E5,812.4756,2.0,,,95 90 94 97 89 74 52,EVPLVTR,CID
9,17922,20170411_ETNP_63_01.raw,NFLLDGDK,8,84,8,461.2431,2,63.30,2.19E5,920.4603,12.3,,,86 95 97 97 95 55 85 66,NFLLDGDK,CID
9,23433,20170411_ETNP_63_01.raw,ALLFLPK,7,84,7,401.2664,2,74.84,4.07E4,800.5160,2.8,,,76 94 98 79 82 77 85,ALLFLPK,CID
9,19140,20170411_ETNP_63_01.raw,LVLTSLDAVP,10,84,10,514.3118,2,65.93,6.32E4,1026.5961,12.7,,,73 91 98 96 89 66 73 85 89 85,LVLTSLDAVP,CID
9,19341,20170411_ETNP_63_01.raw,PSWHTLLY,8,84,8,508.7638,2,66.35,2.39E4,1015.5127,0.4,,,61 73 88 94 95 93 91 80,PSWHTLLY,CID
9,17300,20170411_ETNP_63_01.raw,VYHVLLHPDT,10,84,10,597.3206,2,61.85,2.8E3,1192.6240,2.1,,,85 94 96 97 96 76 61 71 93 74,VYHVLLHPDT,CID
9,13629,20170411_ETNP_63_01.raw,MLVAVLEVET,10,84,10,552.3056,2,52.03,2.22E5,1102.5945,2.0,WP_013261954,,46 57 82 93 91 93 96 95 99 90,MLVAVLEVET,CID
9,11664,20170411_ETNP_63_01.raw,LLAEGTPK,8,84,8,414.7508,2,45.74,2.56E5,827.4752,14.3,,,99 99 96 96 50 69 83 82,LLAEGTPK,CID
9,13277,20170411_ETNP_63_01.raw,SLVNLGGSK,9,84,9,437.7545,2,51.00,3.89E6,873.4919,2.8,,,66 82 99 93 95 73 70 92 87,SLVNLGGSK,CID
9,13709,20170411_ETNP_63_01.raw,LGLVPGLSDS,10,84,10,479.2730,2,52.26,3.01E5,956.5178,14.3,,,87 74 97 89 68 37 96 98 99 98,LGLVPGLSDS,CID
9,18864,20170411_ETNP_63_01.raw,LYFPYKGT,8,84,8,494.7609,2,65.35,1.81E6,987.5065,0.7,,,97 98 98 92 86 73 68 62,LYFPYKGT,CID
9,22484,20170411_ETNP_63_01.raw,EDWAYLPAGEPQ,12,84,12,688.3060,2,72.87,,1374.6091,-8.5,,,93 60 92 94 97 98 92 85 67 90 85 60,EDWAYLPAGEPQ,CID
9,16004,20170411_ETNP_63_01.raw,QLDATEFSFPALDQR,15,84,15,869.4286,2,58.59,2.09E6,1736.8369,3.3,NP_85m_PROKKA_14278:NP_300m_PROKKA_22657:NP_85m_PROKKA_09702:NP_125m_PROKKA_07506:ETNP14_120maa_PROKKA_147628:NP_85m_PROKKA_10653:NP_125m_PROKKA_02672:ETNP14_68maa_PROKKA_78515:ETNP14_68maa_PROKKA_58668:ETNP14_120maa_PROKKA_54071:ETNP_120m_PROKKA_78196:NP_100m_PROKKA_18521:NP_85m_PROKKA_05533:NP_100m_PROKKA_09018:NP_300m_PROKKA_20959:ETNP_100m_particle_PROKKA_120937:ETNP_300m_PROKKA_116083:ETNP14_120mab_PROKKA_13393:ETNP_120m_PROKKA_51847:ETNP_180m_PROKKA_32538:ETNP_160m_PROKKA_195160:ETNP_120m_free_PROKKA_239923:NP_300m_PROKKA_27639:ETNP_160m_PROKKA_208095:ETNP_300m_PROKKA_156689:ETNP_140m_PROKKA_69877:ETNP_100m_PROKKA_87174:ETNP14_120maa_PROKKA_92245:ETNP_120m_free_PROKKA_148225:ETSP_PROKKA_00299:NP_85m_PROKKA_07022:ETNP_120m_free_PROKKA_72733:NP_85m_PROKKA_11169:NP_100m_PROKKA_06558:NP_300m_PROKKA_11637:ETNP_110m_PROKKA_31734:ETNP14_68maa_PROKKA_27470:NP_85m_PROKKA_02682:NP_125m_PROKKA_00202:ETNP_120m_particle_PROKKA_184419:ETNP14_120maa_PROKKA_07471:NP_100m_PROKKA_00367:ETNP_110m_PROKKA_38395:ETNP_100m_particle_PROKKA_40531:NP_300m_PROKKA_43196:NP_300m_PROKKA_37106:ETNP14_120maa_PROKKA_156631:ETNP14_120mab_PROKKA_11207:ETNP_110m_PROKKA_40671:ETNP14_120mab_PROKKA_80611:NP_85m_PROKKA_21996:ETNP14_120mab_PROKKA_70952:ETNP_120m_PROKKA_24459:ETNP_160m_PROKKA_188359:ETNP_120m_free_PROKKA_148224:NP_300m_PROKKA_44350:ETNP_140m_PROKKA_160529:ETNP_300m_PROKKA_19830:ETNP_120m_free_PROKKA_61385:ETNP_120m_PROKKA_306054:WP_007280551:ETNP14_68mB_PROKKA_33969:ETNP14_68maa_PROKKA_18828:WP_009603635,,80 95 98 99 100 100 99 85 75 33 59 83 86 87 85,QLDATEFSFPALDQR,CID
9,22357,20170411_ETNP_63_01.raw,YMGLQNVRFT,10,84,10,614.8063,2,72.60,1.81E6,1227.6069,-7.3,,,63 68 97 97 80 81 83 89 96 86,YMGLQNVRFT,CID
9,16347,20170411_ETNP_63_01.raw,LLPEFTK,7,84,7,424.2514,2,59.48,3.72E5,846.4850,3.8,,,96 97 86 93 73 69 74,LLPEFTK,CID
9,22702,20170411_ETNP_63_01.raw,VVDTLLKPPT,10,84,10,541.8335,2,73.34,3.1E5,1081.6382,13.2,,,88 88 99 99 99 96 82 82 52 56,VVDTLLKPPT,CID
9,20460,20170411_ETNP_63_01.raw,VEALEYMK,8,84,8,491.7500,2,68.69,1.2E5,981.4841,1.3,,,52 79 98 95 97 83 87 79,VEALEYMK,CID
9,6986,20170411_ETNP_63_01.raw,AVNQAVR,7,84,7,379.2203,2,28.60,1.13E4,756.4242,2.4,,,68 81 97 88 92 90 70,AVNQAVR,CID
9,20794,20170411_ETNP_63_01.raw,VEWAAPALQK,10,84,10,556.8096,2,69.39,3.67E5,1111.6025,2.0,,,65 87 92 76 76 90 90 96 88 78,VEWAAPALQK,CID
9,20189,20170411_ETNP_63_01.raw,DNFADYLNLT,10,84,10,593.2811,2,68.14,2.36E5,1184.5349,10.7,,,52 50 95 96 95 90 92 92 96 80,DNFADYLNLT,CID
9,27860,20170411_ETNP_63_01.raw,TGDFEVKLTLT,11,84,11,612.3228,2,84.13,3.41E5,1222.6445,-11.0,,,60 48 70 95 98 93 92 93 93 97 85,TGDFEVKLTLT,CID
9,25393,20170411_ETNP_63_01.raw,WVATTKML,8,84,8,475.2676,2,78.91,3.55E5,948.5103,11.0,,,99 99 99 94 48 48 93 91,WVATTKML,CID
9,30039,20170411_ETNP_63_01.raw,MLAAVFPT,8,84,8,425.2296,2,89.27,6.59E5,848.4466,-2.3,,,49 78 92 82 86 95 95 92,MLAAVFPT,CID
9,24698,20170411_ETNP_63_01.raw,YTLSDVLSVNK,11,83,11,619.8361,2,77.46,1.86E6,1237.6553,1.9,,,94 98 98 95 95 93 95 85 59 59 50,YTLSDVLSVNK,CID
9,16972,20170411_ETNP_63_01.raw,TPPVLVTYK,9,83,9,509.3032,2,61.02,9.09E4,1016.5906,1.2,,,96 91 98 95 93 78 60 75 66,TPPVLVTYK,CID
9,13942,20170411_ETNP_63_01.raw,VVTVSLPR,8,83,8,435.7749,2,52.90,1.29E8,869.5334,2.1,AOO12278.1,,98 99 98 88 55 65 85 81,VVTVSLPR,CID
9,25957,20170411_ETNP_63_01.raw,TLLLPAEVT,9,83,9,478.7929,2,80.07,3.58E4,955.5590,12.8,,,89 93 96 96 69 59 83 79 88,TLLLPAEVT,CID
9,21236,20170411_ETNP_63_01.raw,LLHTLSVF,8,83,8,465.2714,2,70.35,1.48E6,928.5382,-10.7,,,94 92 62 66 95 86 92 81,LLHTLSVF,CID
9,19825,20170411_ETNP_63_01.raw,TQDLMLVR,8,83,8,488.2647,2,67.34,1.73E5,974.5219,-7.3,,,75 67 92 95 92 93 91 61,TQDLMLVR,CID
9,20536,20170411_ETNP_63_01.raw,TVTEELAYLKK,11,83,11,432.2472,3,68.84,5.51E5,1293.7180,1.3,,,71 68 61 82 95 90 89 88 95 94 84,TVTEELAYLKK,CID
9,24784,20170411_ETNP_63_01.raw,KNALLKML,8,83,8,465.7871,2,77.66,3.58E5,929.5732,-14.6,,,79 77 80 63 92 88 91 95,KNALLKML,CID
9,12174,20170411_ETNP_63_01.raw,WVVSAAH,7,83,7,385.2028,2,47.39,5.89E4,768.3918,-1.1,,,97 98 99 63 63 75 86,WVVSAAH,CID
9,26603,20170411_ETNP_63_01.raw,VNKTSEAPK,9,83,9,487.2680,2,81.39,1.35E5,972.5240,-2.6,,,80 86 98 82 52 93 85 90 81,VNKTSEAPK,CID
9,20263,20170411_ETNP_63_01.raw,YTLSDLTTLMS,11,83,11,622.8110,2,68.29,1.31E5,1243.6006,5.5,,,91 96 95 91 88 89 76 74 82 70 62,YTLSDLTTLMS,CID
9,11236,20170411_ETNP_63_01.raw,AVDVSVTNK,9,83,9,466.7575,2,44.30,3.09E5,931.4974,3.3,,,69 83 98 94 89 83 78 87 67,AVDVSVTNK,CID
9,18613,20170411_ETNP_63_01.raw,AGLYPFK,7,83,7,398.2246,2,64.79,9.94E4,794.4326,2.6,ETNP_90m_PROKKA_127540,,86 76 90 97 71 78 83,AGLYPFK,CID
9,15769,20170411_ETNP_63_01.raw,MPFGVALT,8,83,8,418.2197,2,57.98,2.18E5,834.4310,-7.3,,,57 72 92 79 88 91 97 89,MPFGVALT,CID
9,18089,20170411_ETNP_63_01.raw,LGARFVK,7,83,7,395.7457,2,63.69,1.39E5,789.4861,-11.6,,,86 68 82 76 85 92 92,LGARFVK,CID
9,19589,20170411_ETNP_63_01.raw,EAPDLYLPLT,10,83,10,566.3056,2,66.83,2.35E5,1130.5859,9.5,,,91 86 92 91 97 59 68 69 94 81,EAPDLYLPLT,CID
9,12836,20170411_ETNP_63_01.raw,TNAENEFVTLKK,12,83,12,465.2511,3,49.64,2.95E6,1392.7249,4.8,,,90 90 80 63 55 89 91 86 88 89 89 84,TNAENEFVTLKK,CID
9,11661,20170411_ETNP_63_01.raw,VATVSLNPK,9,83,9,464.7829,2,45.73,2.13E5,927.5389,13.3,,,76 81 98 99 95 92 63 69 73,VATVSLNPK,CID
9,10089,20170411_ETNP_63_01.raw,LSSPATLSNR,10,83,10,523.2866,2,40.44,2.88E7,1044.5564,2.2,,,97 98 99 98 98 97 85 59 59 39,LSSPATLSNR,CID
9,24562,20170411_ETNP_63_01.raw,SFNVVVEAFAAT,12,83,12,627.8304,2,77.16,1.31E5,1253.6292,13.7,,,40 43 97 97 95 82 93 89 97 95 94 75,SFNVVVEAFAAT,CID
9,29592,20170411_ETNP_63_01.raw,ALFDDLNFVT,10,83,10,577.7972,2,88.17,1.02E6,1153.5654,12.5,,,75 85 96 97 94 86 63 78 82 74,ALFDDLNFVT,CID
9,20748,20170411_ETNP_63_01.raw,TLDNDLFLVR,10,83,10,603.3298,2,69.30,3.91E5,1204.6453,-0.1,,,90 92 97 88 90 88 77 85 71 51,TLDNDLFLVR,CID
9,9984,20170411_ETNP_63_01.raw,EVLVDNK,7,83,7,408.7284,2,40.03,1.12E4,815.4388,4.2,,,80 62 93 90 86 85 84,EVLVDNK,CID
9,11684,20170411_ETNP_63_01.raw,TESWEVKVT,9,83,9,539.7812,2,45.80,,1077.5342,12.7,,,99 100 91 93 95 50 50 90 78,TESWEVKVT,CID
9,18542,20170411_ETNP_63_01.raw,FEELLKTET,9,83,9,555.2895,2,64.65,9.5E4,1108.5652,-0.7,,,94 98 100 99 92 51 50 95 66,FEELLKTET,CID
9,16492,20170411_ETNP_63_01.raw,YLWNKT,6,83,6,412.7199,2,59.83,4.09E5,823.4229,2.9,,,79 86 82 82 84 82,YLWNKT,CID
9,23981,20170411_ETNP_63_01.raw,TFPNLALSALL,11,83,11,580.3378,2,75.89,1.07E5,1158.6648,-3.2,ETNP14_120maa_PROKKA_32935:ETNP14_120maa_PROKKA_27079:AGH57961.1,,86 86 89 88 94 92 83 66 73 78 75,TFPNLALSALL,CID
9,17604,20170411_ETNP_63_01.raw,YLNFVR,6,82,6,406.2277,2,62.55,5.46E6,810.4388,2.5,,,93 96 82 73 80 70,YLNFVR,CID
9,24461,20170411_ETNP_63_01.raw,VFFSLGKSF,9,82,9,516.2821,2,76.92,6.57E4,1030.5487,0.9,,,94 97 95 80 70 45 88 94 80,VFFSLGKSF,CID
9,13301,20170411_ETNP_63_01.raw,FAQYLNAAAT,10,82,10,535.2725,2,51.06,1.78E5,1068.5239,6.1,,,91 95 98 95 94 63 55 70 88 77,FAQYLNAAAT,CID
9,13779,20170411_ETNP_63_01.raw,LGVVEETPK,9,82,9,486.2810,2,52.44,2.19E5,970.5335,14.4,,,90 88 99 98 96 90 55 62 65,LGVVEETPK,CID
9,13810,20170411_ETNP_63_01.raw,QVVLSSFAKPP,11,82,11,586.8372,2,52.53,1.74E5,1171.6602,-0.2,,,44 76 99 99 90 82 83 90 95 79 69,QVVLSSFAKPP,CID
9,17872,20170411_ETNP_63_01.raw,LLTFKMYFTT,10,82,10,632.8275,2,63.18,7.07E4,1263.6572,-13.4,,,99 99 97 96 94 87 43 60 79 73,LLTFKMYFTT,CID
9,17318,20170411_ETNP_63_01.raw,WFNPVK,6,82,6,395.7171,2,61.89,5.43E5,789.4174,2.9,,,90 91 85 67 76 85,WFNPVK,CID
9,17966,20170411_ETNP_63_01.raw,SSALTMSAK,9,82,9,448.2266,2,63.40,2.53E5,894.4481,-10.5,,,82 85 85 99 86 78 72 86 68,SSALTMSAK,CID
9,17201,20170411_ETNP_63_01.raw,QVTWFGK,7,82,7,433.2329,2,61.63,1.98E5,864.4494,2.2,,,43 75 98 94 94 85 89,QVTWFGK,CID
9,18419,20170411_ETNP_63_01.raw,EALVVAVELQ,10,82,10,535.8149,2,64.38,4.11E5,1069.6018,12.6,,,85 87 93 95 86 63 62 93 86 71,EALVVAVELQ,CID
9,10869,20170411_ETNP_63_01.raw,RAWAGNR,7,82,7,415.7170,2,43.07,1.39E5,829.4307,-13.5,,,97 99 97 90 54 71 68,RAWAGNR,CID
9,13811,20170411_ETNP_63_01.raw,TLKEFDTLAR,10,82,10,398.5566,3,52.53,2.49E5,1192.6453,2.4,,,59 70 71 95 90 93 98 97 90 60,TLKEFDTLAR,CID
9,13397,20170411_ETNP_63_01.raw,TLVELAGCK,9,82,9,467.2591,2,51.36,1.46E6,932.5001,3.8,NP_85m_PROKKA_14278:NP_300m_PROKKA_22657:NP_85m_PROKKA_09702:NP_125m_PROKKA_07506:ETNP14_120maa_PROKKA_147628:NP_85m_PROKKA_10653:NP_125m_PROKKA_02672:ETNP14_68maa_PROKKA_78515:ETNP14_68maa_PROKKA_58668:ETNP14_120maa_PROKKA_54071:ETNP_120m_PROKKA_78196:NP_100m_PROKKA_18521:NP_100m_PROKKA_09018:ETNP_100m_particle_PROKKA_120937:ETNP14_120mab_PROKKA_13393:NP_300m_PROKKA_27639:ETNP_300m_PROKKA_156689:ETNP_120m_free_PROKKA_148225:ETSP_PROKKA_00299:ETNP14_120maa_PROKKA_108374:NP_300m_PROKKA_20973:ETNP_120m_PROKKA_74307:ETNP_110m_PROKKA_40671:NP_300m_PROKKA_09456:ETNP14_120mab_PROKKA_80611:NP_85m_PROKKA_21996:ETNP14_120mab_PROKKA_70952:ETNP_120m_free_PROKKA_148224,,90 94 99 99 96 89 30 66 79,TLVELAGCK,CID
9,12837,20170411_ETNP_63_01.raw,QLPKFR,6,82,6,394.7433,2,49.65,1.9E6,787.4704,2.2,,,86 99 90 75 67 76,QLPKFR,CID
9,16190,20170411_ETNP_63_01.raw,LDPAFLK,7,82,7,402.2370,2,59.10,1.16E5,802.4589,0.7,,,82 79 87 87 77 82 81,LDPAFLK,CID
9,12604,20170411_ETNP_63_01.raw,TGQSLYLAPSQ,11,82,11,582.8052,2,48.90,5.09E5,1163.5823,11.7,,,79 65 49 92 97 94 96 95 93 90 55,TGQSLYLAPSQ,CID
9,11780,20170411_ETNP_63_01.raw,QAELSYVQK,9,82,9,533.2852,2,46.11,5.9E4,1064.5503,5.3,ETNP14_120maa_PROKKA_139086:NP_300m_PROKKA_38912,,91 97 99 94 54 52 84 90 78,QAELSYVQK,CID
9,5825,20170411_ETNP_63_01.raw,LSVDTPQ,7,82,7,380.1978,2,24.24,3.89E3,758.3810,0.0,,,95 95 88 79 77 80 62,LSVDTPQ,CID
9,13366,20170411_ETNP_63_01.raw,LFADHVELT,9,82,9,522.7729,2,51.26,4.35E5,1043.5288,2.3,,,95 95 91 85 44 45 93 97 95,LFADHVELT,CID
9,20608,20170411_ETNP_63_01.raw,EPVLLLN,7,82,7,399.2419,2,69.00,5E6,796.4694,-0.3,,,85 59 84 95 96 88 69,EPVLLLN,CID
9,24587,20170411_ETNP_63_01.raw,LGEAFLTLTAAP,12,82,12,602.3413,2,77.22,1.13E7,1202.6545,11.2,,,86 68 98 99 99 97 90 90 86 79 55 37,LGEAFLTLTAAP,CID
9,9677,20170411_ETNP_63_01.raw,KDTGTVGYR,9,82,9,498.7593,2,38.89,6.11E4,995.5036,0.4,,,72 78 98 89 90 86 59 89 75,KDTGTVGYR,CID
9,18836,20170411_ETNP_63_01.raw,MTLCTEVT,8,82,8,449.2113,2,65.29,2.62E6,896.3984,10.9,,,94 98 97 85 46 73 88 74,MTLCTEVT,CID
9,15839,20170411_ETNP_63_01.raw,SVLTKPR,7,82,7,400.7488,2,58.15,8.56E4,799.4916,-10.6,,,79 77 95 92 79 79 72,SVLTKPR,CID
9,25474,20170411_ETNP_63_01.raw,NSLLELMK,8,82,8,474.2688,2,79.06,3.17E5,946.5157,7.8,ETNP14_120maa_PROKKA_21913,,94 90 94 90 87 65 75 60,NSLLELMK,CID
9,8937,20170411_ETNP_63_01.raw,ATGQVDRVR,9,82,9,501.2738,2,36.15,6.47E4,1000.5414,-8.3,,,93 98 86 86 88 88 59 69 71,ATGQVDRVR,CID
9,25630,20170411_ETNP_63_01.raw,TLLDLLK,7,82,7,408.2668,2,79.38,4.78E4,814.5164,3.3,,,63 75 93 87 90 89 77,TLLDLLK,CID
9,25906,20170411_ETNP_63_01.raw,KVLMAAFPT,9,82,9,489.2772,2,79.97,2.69E5,976.5416,-1.8,,,86 83 90 84 54 62 96 93 89,KVLMAAFPT,CID
9,25468,20170411_ETNP_63_01.raw,FPGLLNTAAPT,11,82,11,551.3085,2,79.04,4.13E5,1100.5867,14.4,,,91 93 98 99 93 67 41 45 94 92 88,FPGLLNTAAPT,CID
9,13168,20170411_ETNP_63_01.raw,VAAAAVAFHDT,11,82,11,536.7668,2,50.66,4.49E4,1071.5349,-14.7,XP_003062986,,78 61 98 100 99 95 59 56 80 86 89,VAAAAVAFHDT,CID
9,21503,20170411_ETNP_63_01.raw,SVLSADDWLTDVK,13,82,13,724.8765,2,70.87,3.62E5,1447.7195,13.1,,,46 54 93 96 96 97 95 93 95 95 73 69 60,SVLSADDWLTDVK,CID
9,13447,20170411_ETNP_63_01.raw,FSVTFNFTTT,10,82,10,582.7822,2,51.51,,1163.5498,0.1,,,75 80 92 90 82 63 69 83 91 90,FSVTFNFTTT,CID
9,31461,20170411_ETNP_63_01.raw,NMNLLLLPPL,10,82,10,569.3362,2,93.10,8.71E5,1136.6628,-4.3,ETNP14_120maa_PROKKA_105758:ETNP14_68maa_PROKKA_16692:ETNP_90m_PROKKA_195674,,43 50 87 96 98 94 90 88 89 82,NMNLLLLPPL,CID
9,18108,20170411_ETNP_63_01.raw,WLRDFVLPP,9,81,9,571.8246,2,63.73,4.87E5,1141.6284,5.4,,,97 99 82 88 72 73 84 70 70,WLRDFVLPP,CID
9,27413,20170411_ETNP_63_01.raw,SNVDLKEDST,10,81,10,554.2700,2,83.13,2.13E4,1106.5090,14.8,,,62 37 75 92 93 90 97 95 95 82,SNVDLKEDST,CID
9,17861,20170411_ETNP_63_01.raw,SLNELSYTNQ,10,81,10,584.7856,2,63.15,9.12E4,1167.5408,13.6,,,43 55 95 100 96 93 92 95 92 56,SLNELSYTNQ,CID
9,20415,20170411_ETNP_63_01.raw,AELQKLL,7,81,7,407.7563,2,68.60,1.46E4,813.4960,2.7,NP_85m_PROKKA_21157:NP_85m_PROKKA_07689:ETNP_110m_PROKKA_02677:NP_300m_PROKKA_17506:NP_85m_PROKKA_12954:NP_125m_PROKKA_03444:KUK91805,,75 95 66 54 85 97 98,AELQKLL,CID
9,27514,20170411_ETNP_63_01.raw,LRNLVWPLT,9,81,9,556.3377,2,83.35,1.76E6,1110.6550,5.3,,,76 71 83 99 94 87 61 89 74,LRNLVWPLT,CID
9,27502,20170411_ETNP_63_01.raw,KNFMLYLL,8,81,8,521.2976,2,83.33,4.28E5,1040.5729,7.5,,,70 71 73 85 82 81 96 93,KNFMLYLL,CID
9,32337,20170411_ETNP_63_01.raw,CSFGLKR,7,81,7,405.7177,2,95.40,2.85E4,809.4218,-1.2,,,67 70 95 84 93 86 75,CSFGLKR,CID
9,12783,20170411_ETNP_63_01.raw,TVVGLGKSA,9,81,9,416.2506,2,49.48,3.7E6,830.4861,0.7,ETNP_120m_particle_PROKKA_72442,,89 92 99 90 92 66 63 76 66,TVVGLGKSA,CID
9,14566,20170411_ETNP_63_01.raw,QPLLTVK,7,81,7,399.7588,2,54.66,1.37E5,797.5010,2.4,,,93 93 95 81 68 66 74,QPLLTVK,CID
9,21906,20170411_ETNP_63_01.raw,EVLLSDVSST,10,81,10,525.2701,2,71.68,6.67E4,1048.5288,-2.9,,,94 86 99 99 93 85 46 61 80 69,EVLLSDVSST,CID
9,16072,20170411_ETNP_63_01.raw,EGLTYAFPGV,10,81,10,527.2637,2,58.77,4.26E5,1052.5178,-4.8,,,92 72 99 99 94 91 88 86 41 51,EGLTYAFPGV,CID
9,24357,20170411_ETNP_63_01.raw,QDALYDLQYAT,11,81,11,650.8035,2,76.67,1.23E5,1299.5981,-4.3,,,50 83 100 99 97 93 88 56 73 85 71,QDALYDLQYAT,CID
9,23037,20170411_ETNP_63_01.raw,LPALHDLQTDST,12,81,12,655.8264,2,74.01,8.36E5,1309.6514,-10.1,,,81 89 99 97 95 94 95 85 78 54 51 59,LPALHDLQTDST,CID
9,16608,20170411_ETNP_63_01.raw,EVVELYRT,8,81,8,504.7763,2,60.11,5.07E3,1007.5287,9.2,,,82 80 90 97 92 70 71 69,EVVELYRT,CID
9,18680,20170411_ETNP_63_01.raw,LLDTWLLK,8,81,8,501.3008,2,64.94,1.54E6,1000.5957,-8.7,,,97 98 90 83 59 67 85 69,LLDTWLLK,CID
9,21378,20170411_ETNP_63_01.raw,GVFRSKLL,8,81,8,460.2857,2,70.61,8.43E5,918.5651,-9.0,,,40 70 99 70 78 95 99 98,GVFRSKLL,CID
9,15692,20170411_ETNP_63_01.raw,WGMSAAK,7,81,7,375.6884,2,57.79,3.23E4,749.3530,12.3,ETNP14_68maa_PROKKA_27470,,94 96 98 85 60 60 76,WGMSAAK,CID
9,26385,20170411_ETNP_63_01.raw,AVGDLWTVK,9,81,9,494.7773,2,80.95,2.34E5,987.5389,1.2,,,69 82 93 94 93 87 65 78 69,AVGDLWTVK,CID
9,8466,20170411_ETNP_63_01.raw,HVQLAVR,7,81,7,411.7519,2,34.30,1.28E5,821.4871,2.6,,,99 99 91 92 55 56 74,HVQLAVR,CID
9,9513,20170411_ETNP_63_01.raw,AFPAEVQ,7,81,7,381.1971,2,38.28,2.32E4,760.3755,5.3,,,74 75 90 87 93 88 60,AFPAEVQ,CID
9,27342,20170411_ETNP_63_01.raw,MLKMVK,6,81,6,375.2274,2,82.98,5.62E4,748.4340,8.5,,,93 98 96 87 55 59,MLKMVK,CID
9,16224,20170411_ETNP_63_01.raw,ALSLTLGTT,9,81,9,438.7516,2,59.18,2.47E5,875.4964,-9.0,ETNP_160m_PROKKA_29141,,59 81 66 72 85 89 85 98 95,ALSLTLGTT,CID
9,17092,20170411_ETNP_63_01.raw,TLLDLRCQ,8,81,8,481.2605,2,61.35,2.38E5,960.5062,0.2,AOO12278.1,,93 96 97 93 90 51 75 54,TLLDLRCQ,CID
9,20788,20170411_ETNP_63_01.raw,TCGFLTALDNK,11,81,11,591.7960,2,69.38,7.17E5,1181.5750,2.1,,,89 91 98 99 98 87 37 46 82 87 79,TCGFLTALDNK,CID
9,20960,20170411_ETNP_63_01.raw,NLFLGW,6,81,6,375.2034,2,69.75,1.2E6,748.3908,1.8,,,62 75 93 95 72 88,NLFLGW,CID
9,13339,20170411_ETNP_63_01.raw,NWDSLK,6,81,6,381.6938,2,51.18,1.08E5,761.3708,3.0,,,79 87 88 72 80 79,NWDSLK,CID
9,26535,20170411_ETNP_63_01.raw,AVDFVDLASVN,11,81,11,575.3002,2,81.26,6.35E5,1148.5713,12.6,KHE93198:ETNP_120m_PROKKA_141011,,49 54 97 99 99 96 96 90 83 71 54,AVDFVDLASVN,CID
9,19513,20170411_ETNP_63_01.raw,KNGFELK,7,81,7,418.2334,2,66.68,1.96E5,834.4599,-9.2,,,79 76 65 80 95 91 80,KNGFELK,CID
9,17542,20170411_ETNP_63_01.raw,YMYFPK,6,81,6,424.7046,2,62.42,6.07E4,847.3938,0.9,,,82 86 78 78 79 83,YMYFPK,CID
9,30420,20170411_ETNP_63_01.raw,VPALRGFANK,10,81,10,536.8244,2,90.26,1.7E5,1071.6189,14.3,,,96 97 99 97 81 30 51 85 90 82,VPALRGFANK,CID
9,13500,20170411_ETNP_63_01.raw,LNFEDR,6,81,6,397.1965,2,51.66,7.18E4,792.3766,2.3,,,67 63 93 96 90 75,LNFEDR,CID
9,27844,20170411_ETNP_63_01.raw,HHFEVAGLDVT,11,81,11,612.7961,2,84.10,1.6E5,1223.5935,-12.9,,,54 68 91 98 93 85 65 87 91 90 68,HHFEVAGLDVT,CID
9,19523,20170411_ETNP_63_01.raw,QGPTVHAVF,9,81,9,478.2533,2,66.70,2.12E5,954.4923,-0.3,,,88 87 94 93 79 67 61 77 79,QGPTVHAVF,CID
9,12942,20170411_ETNP_63_01.raw,SLVGLNTK,8,81,8,416.2515,2,49.98,3.7E6,830.4861,2.8,,,60 78 99 83 93 74 83 76,SLVGLNTK,CID
9,10689,20170411_ETNP_63_01.raw,AEGGGFGKQT,10,81,10,476.2345,2,42.44,6.02E5,950.4457,9.2,,,79 97 97 87 82 92 55 77 74 67,AEGGGFGKQT,CID
9,19418,20170411_ETNP_63_01.raw,EGTLLQELLST,11,80,11,602.3221,2,66.50,6.61E5,1202.6394,-8.1,Fosmid_PROKKA_02478,,90 55 97 98 94 76 90 54 72 83 76,EGTLLQELLST,CID
9,18754,20170411_ETNP_63_01.raw,YTLSDLGGKRT,11,80,11,605.8220,2,65.10,5.37E5,1209.6353,-4.9,WP_023559910,,96 98 99 94 94 94 62 52 74 62 61,YTLSDLGGKRT,CID
9,27240,20170411_ETNP_63_01.raw,AQLRVFCT,8,80,8,469.2448,2,82.77,,936.4851,-10.8,,,44 66 85 89 90 90 95 86,AQLRVFCT,CID
9,21949,20170411_ETNP_63_01.raw,EVLLSDFAR,9,80,9,525.2882,2,71.77,1.22E5,1048.5552,6.4,,,84 85 99 97 93 85 43 60 81,EVLLSDFAR,CID
9,24762,20170411_ETNP_63_01.raw,AYLQVLPF,8,80,8,475.7704,2,77.61,7.01E5,949.5273,-1.1,,,66 86 99 78 72 84 82 77,AYLQVLPF,CID
9,15969,20170411_ETNP_63_01.raw,QLWTEFSFAPLDQR,14,80,14,579.9553,3,58.49,1.97E7,1736.8521,-4.6,,,79 95 79 74 91 93 93 89 62 45 84 85 79 80,QLWTEFSFAPLDQR,CID
9,19543,20170411_ETNP_63_01.raw,AVSPVFWT,8,80,8,453.7426,2,66.75,5.41E4,905.4647,6.6,,,73 86 85 67 79 77 93 82,AVSPVFWT,CID
9,27471,20170411_ETNP_63_01.raw,LLELLPWLT,9,80,9,549.3392,2,83.26,1.83E4,1096.6533,9.5,,,97 98 99 95 90 56 41 82 65,LLELLPWLT,CID
9,13966,20170411_ETNP_63_01.raw,YSTADDVKTLT,11,80,11,607.3011,2,52.98,2.9E5,1212.5874,0.3,,,95 98 97 95 93 79 37 38 86 89 78,YSTADDVKTLT,CID
9,12561,20170411_ETNP_63_01.raw,WSVVGCK,7,80,7,389.7003,2,48.75,5.35E5,777.3843,2.3,,,92 98 99 90 34 56 94,WSVVGCK,CID
9,15225,20170411_ETNP_63_01.raw,LDLARYQ,7,80,7,439.7417,2,56.57,1.08E3,877.4658,3.6,,,86 91 95 84 54 63 88,LDLARYQ,CID
9,13185,20170411_ETNP_63_01.raw,STGSPLDCKAKP,12,80,12,602.2977,2,50.70,4.46E6,1202.5964,-13.0,,,80 85 99 100 97 96 89 56 88 59 57 56,STGSPLDCKAKP,CID
9,16820,20170411_ETNP_63_01.raw,MALEVLCGK,9,80,9,482.2546,2,60.65,4.71E5,962.4929,1.7,NP_85m_PROKKA_02682:NP_125m_PROKKA_00202:ETNP_120m_particle_PROKKA_184419:ETNP14_120maa_PROKKA_07471:NP_100m_PROKKA_00367:ETNP_110m_PROKKA_38395:ETNP_100m_particle_PROKKA_40531,,93 98 100 99 94 90 43 39 68,MALEVLCGK,CID
9,22415,20170411_ETNP_63_01.raw,VGYSPLKSPF,10,80,10,547.8045,2,72.72,8.91E4,1093.5808,12.5,,,86 85 99 96 81 83 62 71 75 65,VGYSPLKSPF,CID
9,12513,20170411_ETNP_63_01.raw,KLAMAVR,7,80,7,394.7430,2,48.60,1.9E6,787.4738,-3.1,,,99 99 73 46 78 89 77,KLAMAVR,CID
9,17920,20170411_ETNP_63_01.raw,ELVL,4,80,4,473.2975,1,63.30,2.72E6,472.2897,1.2,,,79 65 88 90,ELVL,CID
9,28230,20170411_ETNP_63_01.raw,CVETLEENEVL,11,80,11,639.3068,2,84.98,4.15E5,1276.5857,10.4,,,38 69 71 91 95 94 93 74 93 80 81,CVETLEENEVL,CID
9,24860,20170411_ETNP_63_01.raw,VVSMDDLKWST,11,80,11,640.8193,2,77.81,2.12E6,1279.6118,9.6,,,97 97 83 62 91 90 91 75 60 60 73,VVSMDDLKWST,CID
9,15701,20170411_ETNP_63_01.raw,FAPGKKPAAT,10,80,10,494.2856,2,57.81,2.1E5,986.5549,1.8,,,75 78 84 69 76 75 65 93 96 90,FAPGKKPAAT,CID
9,19687,20170411_ETNP_63_01.raw,LVLPSPVSK,9,80,9,470.2982,2,67.03,6.38E5,938.5800,2.0,,,76 93 99 90 60 43 78 90 90,LVLPSPVSK,CID
9,18314,20170411_ETNP_63_01.raw,QTLMLLR,7,80,7,437.7575,2,64.17,7.01E5,873.5106,-11.6,,,45 68 100 95 94 90 69,QTLMLLR,CID
9,5361,20170411_ETNP_63_01.raw,CAGSAVVSTKQ,11,80,11,525.7634,2,22.30,1.49E5,1049.5176,-5.0,,,79 91 92 95 96 96 96 90 45 45 54,CAGSAVVSTKQ,CID
9,26086,20170411_ETNP_63_01.raw,CPLLKTL,7,80,7,394.2448,2,80.32,,786.4673,9.7,,,78 89 97 93 74 52 76,CPLLKTL,CID
9,21478,20170411_ETNP_63_01.raw,AYLEFFST,8,80,8,489.2343,2,70.81,2.94E4,976.4542,0.0,,,55 90 95 91 70 71 92 76,AYLEFFST,CID
9,20568,20170411_ETNP_63_01.raw,MALNGGVLAK,10,80,10,487.2820,2,68.92,1.26E6,972.5426,7.1,,,70 79 97 71 60 63 82 97 95 86,MALNGGVLAK,CID
9,14958,20170411_ETNP_63_01.raw,PTVYGEGNNVEDSP,14,80,14,739.3293,2,55.80,5.12E5,1476.6367,4.9,,,50 67 99 98 88 95 73 89 92 100 99 90 49 30,PTVYGEGNNVEDSP,CID
9,15859,20170411_ETNP_63_01.raw,WDSTLRST,8,80,8,483.2392,2,58.20,1.21E5,964.4614,2.5,XP_003074464,,55 62 91 90 91 78 92 79,WDSTLRST,CID
9,11682,20170411_ETNP_63_01.raw,DDSWEQVVT,9,80,9,539.7456,2,45.79,3.43E4,1077.4614,14.1,,,82 88 95 91 93 54 55 90 69,DDSWEQVVT,CID
9,15212,20170411_ETNP_63_01.raw,EVQPLLSVQ,9,80,9,506.7888,2,56.54,4.38E5,1011.5601,2.9,,,75 73 86 63 79 94 85 89 73,EVQPLLSVQ,CID
9,23659,20170411_ETNP_63_01.raw,RADVFTCFYGTT,12,80,12,690.8140,2,75.30,,1379.6179,-3.3,,,56 67 70 52 82 85 95 88 96 86 93 86,RADVFTCFYGTT,CID
