Protein Group,Protein ID,Accession,-10lgP,Coverage (%),#Peptides,#Unique,PTM,Avg. Mass,Description
1,1173,NP_85m_PROKKA_14278,267.39,71,82,6,,39694,Monocarboxylate 2-oxoacid-binding periplasmic protein precursor
1,1174,NP_300m_PROKKA_22657,267.39,71,82,6,,39694,Monocarboxylate 2-oxoacid-binding periplasmic protein precursor
2,1172,NP_85m_PROKKA_09702,266.84,65,79,2,,39742,Monocarboxylate 2-oxoacid-binding periplasmic protein precursor
2,1176,NP_125m_PROKKA_07506,266.84,64,79,2,,39830,Monocarboxylate 2-oxoacid-binding periplasmic protein precursor
14,1934,ETNP14_120maa_PROKKA_147628,264.00,58,60,0,,39385,Monocarboxylate 2-oxoacid-binding periplasmic protein precursor
15,1891,NP_125m_PROKKA_02672,263.88,53,58,0,,39275,Monocarboxylate 2-oxoacid-binding periplasmic protein precursor
15,1890,NP_85m_PROKKA_10653,263.88,53,58,0,,39305,Monocarboxylate 2-oxoacid-binding periplasmic protein precursor
3,1128,ETNP14_68maa_PROKKA_78515,263.85,58,72,0,,39870,Monocarboxylate 2-oxoacid-binding periplasmic protein precursor
4,1171,ETNP14_120maa_PROKKA_54071,263.51,60,72,0,,39447,Monocarboxylate 2-oxoacid-binding periplasmic protein precursor
4,1170,ETNP14_68maa_PROKKA_58668,263.51,60,72,0,,39447,Monocarboxylate 2-oxoacid-binding periplasmic protein precursor
9,107171,ETNP_120m_PROKKA_78196,258.06,50,64,0,,39493,Monocarboxylate 2-oxoacid-binding periplasmic protein precursor
6,1160,NP_100m_PROKKA_18521,257.08,62,63,0,,33157,Monocarboxylate 2-oxoacid-binding periplasmic protein precursor
11,1140,NP_85m_PROKKA_05533,255.87,48,59,1,,39724,Monocarboxylate 2-oxoacid-binding periplasmic protein precursor
7,1900,NP_100m_PROKKA_09018,255.56,68,65,0,,31289,Monocarboxylate 2-oxoacid-binding periplasmic protein precursor
5,900,NP_300m_PROKKA_20959,247.60,65,69,1,,39379,Monocarboxylate 2-oxoacid-binding periplasmic protein precursor
8,107165,ETNP_100m_particle_PROKKA_120937,242.66,61,63,0,,39293,Monocarboxylate 2-oxoacid-binding periplasmic protein precursor
19,2479,ETNP_300m_PROKKA_116083,242.65,42,46,0,,32718,Monocarboxylate 2-oxoacid-binding periplasmic protein precursor
20,1897,ETNP14_120mab_PROKKA_13393,241.59,68,45,0,,21172,Alpha-keto acid-binding periplasmic protein TakP precursor
12,107172,ETNP_120m_PROKKA_51847,241.30,65,56,0,,28984,Monocarboxylate 2-oxoacid-binding periplasmic protein precursor
10,791,ETNP_180m_PROKKA_32538,240.04,54,61,0,,39779,Monocarboxylate 2-oxoacid-binding periplasmic protein precursor
13,792,ETNP_160m_PROKKA_195160,237.20,53,60,0,,39753,Monocarboxylate 2-oxoacid-binding periplasmic protein precursor
16,1197,ETNP_120m_free_PROKKA_239923,234.23,47,55,0,,39559,Monocarboxylate 2-oxoacid-binding periplasmic protein precursor
22,2422,NP_300m_PROKKA_27639,230.02,48,33,0,,20814,Alpha-keto acid-binding periplasmic protein TakP precursor
23,2421,ETNP_160m_PROKKA_208095,228.99,41,31,0,,20919,Alpha-keto acid-binding periplasmic protein TakP precursor
25,2423,ETNP_300m_PROKKA_156689,226.99,39,29,0,,20979,Alpha-keto acid-binding periplasmic protein TakP precursor
17,889,ETNP_140m_PROKKA_69877,225.48,53,51,0,,35015,Monocarboxylate 2-oxoacid-binding periplasmic protein precursor
21,107179,ETNP_100m_PROKKA_87174,221.33,54,47,1,,24182,Monocarboxylate 2-oxoacid-binding periplasmic protein precursor
18,1177,ETNP14_120maa_PROKKA_92245,219.70,46,51,2,,39544,Monocarboxylate 2-oxoacid-binding periplasmic protein precursor
24,107180,ETNP_120m_free_PROKKA_148225,213.05,51,31,0,,25635,Monocarboxylate 2-oxoacid-binding periplasmic protein precursor
29,118962,ETSP_PROKKA_00299,198.28,57,24,2,,17975,Alpha-keto acid-binding periplasmic protein TakP precursor
31,1420,ETNP14_120maa_PROKKA_68035,167.82,35,19,4,,45184,Monocarboxylate 2-oxoacid-binding periplasmic protein precursor
31,1421,NP_300m_PROKKA_04504,167.82,34,19,4,,45565,Monocarboxylate 2-oxoacid-binding periplasmic protein precursor
32,2015,NP_85m_PROKKA_11502,164.46,32,17,1,,44294,Monocarboxylate 2-oxoacid-binding periplasmic protein precursor
26,107200,ETNP_120m_free_PROKKA_284341,163.76,49,32,0,,24589,Monocarboxylate 2-oxoacid-binding periplasmic protein precursor
34,119061,NP_85m_PROKKA_07022,155.05,32,17,6,,38817,Alpha-keto acid-binding periplasmic protein TakP precursor
35,135234,ETNP_120m_free_PROKKA_72733,148.28,13,16,0,,39902,Monocarboxylate 2-oxoacid-binding periplasmic protein precursor
30,107342,ETNP14_120maa_PROKKA_108374,144.59,24,21,7,,40014,Alpha-keto acid-binding periplasmic protein TakP precursor
30,107343,NP_300m_PROKKA_20973,144.59,24,21,7,,40155,Alpha-keto acid-binding periplasmic protein TakP precursor
30,107344,ETNP_120m_PROKKA_74307,144.59,24,21,7,,40322,Alpha-keto acid-binding periplasmic protein TakP precursor
27,118955,NP_85m_PROKKA_11169,143.61,37,31,1,,39471,Alpha-keto acid-binding periplasmic protein TakP precursor
27,118956,NP_100m_PROKKA_06558,143.61,37,31,1,,39471,Alpha-keto acid-binding periplasmic protein TakP precursor
27,118957,NP_300m_PROKKA_11637,143.61,37,31,1,,39471,Alpha-keto acid-binding periplasmic protein TakP precursor
27,118958,ETNP_110m_PROKKA_31734,143.61,37,31,1,,39471,Alpha-keto acid-binding periplasmic protein TakP precursor
39,119156,ETNP14_68maa_PROKKA_27470,141.57,24,13,1,,38974,Alpha-keto acid-binding periplasmic protein TakP precursor
41,2098,NP_300m_PROKKA_09744,136.21,28,15,4,,64538,putative oxidoreductase YdhV
36,118985,NP_85m_PROKKA_02682,132.60,25,18,6,,39975,Monocarboxylate 2-oxoacid-binding periplasmic protein precursor
36,118986,NP_125m_PROKKA_00202,132.60,25,18,6,,39975,Monocarboxylate 2-oxoacid-binding periplasmic protein precursor
36,118987,ETNP_120m_particle_PROKKA_184419,132.60,25,18,6,,39975,Monocarboxylate 2-oxoacid-binding periplasmic protein precursor
36,118988,ETNP14_120maa_PROKKA_07471,132.60,25,18,6,,39975,Monocarboxylate 2-oxoacid-binding periplasmic protein precursor
36,118989,NP_100m_PROKKA_00367,132.60,25,18,6,,39975,Monocarboxylate 2-oxoacid-binding periplasmic protein precursor
36,118990,ETNP_110m_PROKKA_38395,132.60,25,18,6,,39975,Monocarboxylate 2-oxoacid-binding periplasmic protein precursor
36,118991,ETNP_100m_particle_PROKKA_40531,132.60,25,18,6,,39975,Monocarboxylate 2-oxoacid-binding periplasmic protein precursor
66,119182,NP_300m_PROKKA_43196,131.12,32,10,2,,17657,Alpha-keto acid-binding periplasmic protein TakP precursor
74,119304,NP_300m_PROKKA_37106,130.07,26,9,0,,17737,Alpha-keto acid-binding periplasmic protein TakP precursor
71,1997,NP_300m_PROKKA_09254,127.70,18,10,0,,65054,putative oxidoreductase YdhV
71,1998,ETNP_180m_PROKKA_236033,127.70,17,10,0,,67443,putative oxidoreductase YdhV
40,4819,NP_300m_PROKKA_19608,126.80,38,14,4,,39249,Bacterial extracellular solute-binding protein
28,118967,ETNP14_120maa_PROKKA_156631,124.67,36,27,0,,39652,Monocarboxylate 2-oxoacid-binding periplasmic protein precursor
64,119181,ETNP14_120mab_PROKKA_11207,124.09,20,10,0,,26594,Alpha-keto acid-binding periplasmic protein TakP precursor
86,107167,ETNP_110m_PROKKA_49243,124.06,26,10,10,,47623,Aliphatic amidase expression-regulating protein
86,107168,NP_100m_PROKKA_08459,124.06,25,10,10,,50268,Aliphatic amidase expression-regulating protein
86,107169,NP_125m_PROKKA_07093,124.06,25,10,10,,50268,Aliphatic amidase expression-regulating protein
77,4738,NP_300m_PROKKA_06204,122.58,24,9,7,,39385,Bacterial extracellular solute-binding protein
77,4739,ETNP_120m_particle_PROKKA_168206,122.58,24,9,7,,39375,Bacterial extracellular solute-binding protein
77,4737,ETNP_120m_PROKKA_307121,122.58,24,9,7,,39385,Bacterial extracellular solute-binding protein
77,4740,ETNP_140m_PROKKA_80561,122.58,24,9,7,,39385,Bacterial extracellular solute-binding protein
33,118979,ETNP_110m_PROKKA_40671,120.36,49,16,0,,16730,Alpha-keto acid-binding periplasmic protein TakP precursor
88,3749,NP_100m_PROKKA_16248,119.32,25,8,8,,31451,hypothetical protein
81,118964,ETNP_120m_PROKKA_279895,118.28,28,9,3,,34920,Putative thiamine biosynthesis protein
81,118965,NP_300m_PROKKA_05219,118.28,27,9,3,,35492,Putative thiamine biosynthesis protein
81,118966,ETNP_140m_PROKKA_111734,118.28,27,9,3,,35434,Putative thiamine biosynthesis protein
44,257,XP_003080933,117.21,25,15,9,,52460,TBA_CHLVU Tubulin alpha chain ISS  Ostreococcus tauri
43,107189,NP_100m_PROKKA_12960,112.50,28,14,0,,35769,General L-amino acid-binding periplasmic protein AapJ precursor
38,129,ETNP_120m_PROKKA_318382,112.42,29,13,7,,34262,hypothetical protein
38,182,ETNP_100m_particle_PROKKA_10535,112.42,33,13,7,,30242,hypothetical protein
72,3719,ETNP14_120maa_PROKKA_188335,112.03,20,8,8,,36107,Glycine betaine-binding periplasmic protein precursor
83,135258,NP_125m_PROKKA_10641,111.83,45,9,0,,14330,Phasin protein
79,135257,ETNP14_120mab_PROKKA_154447,111.47,45,9,1,,16774,Phasin protein
49,2101,ETNP14_120maa_PROKKA_139086,110.87,32,13,2,,33406,hypothetical protein
70,107347,NP_300m_PROKKA_09456,108.76,40,10,1,,11688,hypothetical protein
37,118980,ETNP14_120mab_PROKKA_80611,107.87,37,14,0,,16752,Alpha-keto acid-binding periplasmic protein TakP precursor
78,135235,NP_300m_PROKKA_02516,107.27,13,9,0,,65477,putative oxidoreductase YdhV
50,119010,ETNP14_68maa_PROKKA_79872,105.89,29,12,1,,32890,General L-amino acid-binding periplasmic protein AapJ precursor
58,361,ETNP14_68maa_PROKKA_99193,105.39,27,12,0,,37467,General L-amino acid-binding periplasmic protein AapJ precursor
57,135248,Fosmid_PROKKA_01487,105.01,19,11,0,,37431,General L-amino acid-binding periplasmic protein AapJ precursor
56,3783,NP_300m_PROKKA_38912,104.72,24,12,2,,31318,hypothetical protein
59,389,ETNP14_120maa_PROKKA_111366,104.69,29,12,0,,37337,General L-amino acid-binding periplasmic protein AapJ precursor
62,107212,NP_85m_PROKKA_09530,104.34,22,10,0,,36415,General L-amino acid-binding periplasmic protein AapJ precursor
45,119045,NP_85m_PROKKA_21996,103.95,41,13,0,,16578,Alpha-keto acid-binding periplasmic protein TakP precursor
75,107174,ETNP_300m_PROKKA_184521,103.16,13,9,9,,67558,Methanol dehydrogenase [cytochrome c] subunit 1
75,107175,NP_300m_PROKKA_11083,103.16,12,9,9,,71720,Methanol dehydrogenase [cytochrome c] subunit 1 precursor
53,3497,ETNP14_120maa_PROKKA_167511,101.73,26,11,4,,28495,hypothetical protein
61,57413,NP_300m_PROKKA_14803,101.64,23,11,2,,57679,60 kDa chaperonin
61,57414,ETNP_120m_particle_PROKKA_189924,101.64,23,11,2,,57693,60 kDa chaperonin
61,118943,ETNP_120m_PROKKA_167165,101.64,23,11,2,,57725,60 kDa chaperonin
61,57411,ETNP_180m_PROKKA_186511,101.64,23,11,2,,57711,60 kDa chaperonin
61,57412,ETNP_160m_PROKKA_52423,101.64,23,11,2,,57723,60 kDa chaperonin
54,3450,ETNP_110m_PROKKA_32298,101.63,33,11,3,,24386,hypothetical protein
163,1272,ETNP_110m_PROKKA_21843,100.77,13,4,4,,39676,Bacterial extracellular solute-binding protein
163,1273,NP_125m_PROKKA_06923,100.77,13,4,4,,39676,Bacterial extracellular solute-binding protein
163,1276,NP_300m_PROKKA_14486,100.77,13,4,4,,39676,Bacterial extracellular solute-binding protein
163,1277,NP_85m_PROKKA_10440,100.77,13,4,4,,39676,Bacterial extracellular solute-binding protein
163,1274,NP_100m_PROKKA_07350,100.77,13,4,4,,39672,Bacterial extracellular solute-binding protein
163,1275,ETNP_100m_PROKKA_85620,100.77,13,4,4,,39676,Bacterial extracellular solute-binding protein
163,1278,ETNP14_120maa_PROKKA_29432,100.77,13,4,4,,39676,Bacterial extracellular solute-binding protein
87,118998,NP_300m_PROKKA_16564,100.68,27,7,5,,34169,Taurine-binding periplasmic protein precursor
82,135251,ETNP14_120maa_PROKKA_173526,99.55,28,8,0,,22868,General L-amino acid-binding periplasmic protein AapJ precursor
80,135237,NP_300m_PROKKA_32834,99.38,33,9,2,,20897,Phasin protein
51,119145,ETNP14_120mab_PROKKA_70952,98.05,36,12,0,,16596,Alpha-keto acid-binding periplasmic protein TakP precursor
93,135353,NP_85m_PROKKA_35046,98.01,41,6,5,,8900,DNA-binding protein HU-beta
93,135354,NP_300m_PROKKA_03284,98.01,41,6,5,,8900,DNA-binding protein HU-beta
93,135355,NP_100m_PROKKA_04177,98.01,41,6,5,,8900,DNA-binding protein HU-beta
73,57387,ETNP14_120maa_PROKKA_147886,97.83,23,10,0,,37502,General L-amino acid-binding periplasmic protein AapJ precursor
48,119013,ETNP_150m_particle_PROKKA_20236,97.28,7,9,1,,143052,Respiratory nitrate reductase 1 alpha chain
48,135238,ETNP_180m_PROKKA_86331,97.28,7,9,1,,143052,Respiratory nitrate reductase 1 alpha chain
90,135244,ETNP_110m_PROKKA_39770,96.45,57,9,2,,16208,Phasin protein
90,135245,NP_300m_PROKKA_12723,96.45,44,9,2,,22261,Phasin protein
90,135246,ETNP_120m_particle_PROKKA_230148,96.45,43,9,2,,22375,Phasin protein
84,119088,ETNP14_120maa_PROKKA_142729,95.80,31,8,0,,22916,General L-amino acid-binding periplasmic protein AapJ precursor
42,119126,ETNP_140m_PROKKA_06451,95.61,46,10,0,,9674,hypothetical protein
122,135239,ETNP_180m_PROKKA_10472,95.11,16,6,6,,41160,hypothetical protein
122,135240,ETNP_140m_PROKKA_98798,95.11,16,6,6,,41133,hypothetical protein
122,135241,ETNP_300m_PROKKA_33322,95.11,16,6,6,,41160,hypothetical protein
47,119015,ETNP14_120mab_PROKKA_153572,94.96,50,10,0,,6805,hypothetical protein
52,118973,ETNP14_120maa_PROKKA_115246,94.53,45,9,0,,10276,Alpha-keto acid-binding periplasmic protein TakP precursor
91,107196,ETNP_150m_particle_PROKKA_41519,93.76,40,8,0,,22939,General L-amino acid-binding periplasmic protein AapJ precursor
119,135242,NP_125m_PROKKA_13433,93.03,46,6,0,,16438,Phasin protein
89,119017,ETNP_120m_PROKKA_51846,92.69,85,9,1,,6355,hypothetical protein
89,119018,ETNP_120m_particle_PROKKA_191004,92.69,45,9,1,,11651,Alpha-keto acid-binding periplasmic protein TakP precursor
99,119077,ETNP_160m_PROKKA_191879,92.60,18,7,1,,35633,Putative thiamine biosynthesis protein
99,119078,ETNP_300m_PROKKA_160293,92.60,18,7,1,,35633,Putative thiamine biosynthesis protein
99,119079,ETNP_180m_PROKKA_145440,92.60,18,7,1,,35633,Putative thiamine biosynthesis protein
99,119080,NP_300m_PROKKA_25466,92.60,18,7,1,,35633,Putative thiamine biosynthesis protein
118,4678,NP_100m_PROKKA_02946,92.21,13,6,6,,44655,Leucine-  isoleucine-  valine-  threonine-  and alanine-binding protein precursor
118,4679,NP_125m_PROKKA_07443,92.21,13,6,6,,44625,Leucine-  isoleucine-  valine-  threonine-  and alanine-binding protein precursor
118,135236,ETNP_100m_particle_PROKKA_14269,92.21,13,6,6,,44665,Leucine-  isoleucine-  valine-  threonine-  and alanine-binding protein precursor
101,4167,ETNP_140m_PROKKA_39161,92.13,16,8,8,,63699,Quinohemoprotein alcohol dehydrogenase ADH-IIG precursor
101,4163,ETNP_120m_PROKKA_104890,92.13,16,8,8,,63699,Quinohemoprotein alcohol dehydrogenase ADH-IIG precursor
101,4164,ETNP_160m_PROKKA_11298,92.13,16,8,8,,63699,Quinohemoprotein alcohol dehydrogenase ADH-IIG precursor
101,4165,ETNP_120m_free_PROKKA_226201,92.13,16,8,8,,63699,Quinohemoprotein alcohol dehydrogenase ADH-IIG precursor
101,4166,ETNP_180m_PROKKA_236213,92.13,16,8,8,,63699,Quinohemoprotein alcohol dehydrogenase ADH-IIG precursor
101,4168,ETNP_300m_PROKKA_75120,92.13,16,8,8,,63699,Quinohemoprotein alcohol dehydrogenase ADH-IIG precursor
76,107232,ETNP_120m_PROKKA_24459,91.47,18,7,3,,39368,Monocarboxylate 2-oxoacid-binding periplasmic protein precursor
76,107233,ETNP_160m_PROKKA_188359,91.47,18,7,3,,39393,Monocarboxylate 2-oxoacid-binding periplasmic protein precursor
63,107341,ETNP_120m_free_PROKKA_108705,91.23,41,11,1,,27037,Bacterial extracellular solute-binding protein
63,2738,ETNP_120m_PROKKA_117417,91.23,32,11,1,,34430,Bacterial extracellular solute-binding protein
55,107320,ETNP_120m_free_PROKKA_148224,91.00,49,12,0,,16430,Alpha-keto acid-binding periplasmic protein TakP precursor
85,1730,ETNP_110m_PROKKA_42220,90.99,16,9,2,,33245,hypothetical protein
60,118974,NP_300m_PROKKA_08375,90.87,6,8,0,,144201,Respiratory nitrate reductase 1 alpha chain
60,118975,NP_85m_PROKKA_03144,90.87,6,8,0,,144201,Respiratory nitrate reductase 1 alpha chain
60,118976,ETNP14_120maa_PROKKA_05361,90.87,6,8,0,,144201,Respiratory nitrate reductase 1 alpha chain
60,118977,NP_125m_PROKKA_01168,90.87,6,8,0,,144201,Respiratory nitrate reductase 1 alpha chain
165,100362,ETNP_300m_PROKKA_120044,90.59,15,4,4,,39133,hypothetical protein
165,119057,NP_100m_PROKKA_07401,90.59,10,4,4,,60120,flagellar basal body rod modification protein
165,119058,ETNP14_120maa_PROKKA_12653,90.59,10,4,4,,60454,flagellar basal body rod modification protein
165,119277,NP_85m_PROKKA_15506,90.59,12,4,4,,49468,flagellar basal body rod modification protein
68,57443,ETNP_120m_PROKKA_317269,90.30,16,8,0,,57580,60 kDa chaperonin
104,107264,ETNP14_120mab_PROKKA_51545,89.99,30,8,0,,25279,General L-amino acid-binding periplasmic protein AapJ precursor
46,119162,NP_300m_PROKKA_44350,89.74,22,11,1,,25832,Alpha-keto acid-binding periplasmic protein TakP precursor
134,107253,NP_85m_PROKKA_10662,89.63,13,4,2,,40095,Bacterial extracellular solute-binding protein
134,107254,NP_100m_PROKKA_06649,89.63,13,4,2,,40141,Bacterial extracellular solute-binding protein
94,107218,ETNP_120m_particle_PROKKA_72442,89.17,21,7,7,,34812,NMT1/THI5 like protein
112,108028,NP_300m_PROKKA_06057,89.14,24,4,4,,23421,Rhodanese-like domain protein
112,108029,ETNP_120m_particle_PROKKA_202758,89.14,24,4,4,,23421,Rhodanese-like domain protein
112,108030,ETNP_300m_PROKKA_95801,89.14,24,4,4,,23421,Rhodanese-like domain protein
112,108031,ETNP_180m_PROKKA_60051,89.14,24,4,4,,23421,Rhodanese-like domain protein
112,108032,ETNP_120m_PROKKA_162168,89.14,24,4,4,,23421,Rhodanese-like domain protein
112,108033,ETNP_160m_PROKKA_75611,89.14,24,4,4,,23421,Rhodanese-like domain protein
154,135345,ETNP_120m_PROKKA_20628,89.00,14,4,4,,36295,Bacterial extracellular solute-binding protein  family 7
154,135346,ETNP_120m_particle_PROKKA_78706,89.00,14,4,4,,36295,Bacterial extracellular solute-binding protein  family 7
154,135347,NP_300m_PROKKA_12335,89.00,14,4,4,,36295,Bacterial extracellular solute-binding protein  family 7
154,135348,ETNP_140m_PROKKA_21796,89.00,14,4,4,,36295,Bacterial extracellular solute-binding protein  family 7
67,118993,ETNP14_120maa_PROKKA_32935,88.90,5,7,0,,143282,Respiratory nitrate reductase 1 alpha chain
124,119113,ETNP_300m_PROKKA_135134,88.69,53,5,1,,9824,hypothetical protein
95,119225,ETNP_90m_PROKKA_36342,88.35,14,8,2,,39449,Monocarboxylate 2-oxoacid-binding periplasmic protein precursor
95,119226,ETNP_100m_PROKKA_40642,88.35,14,8,2,,39449,Monocarboxylate 2-oxoacid-binding periplasmic protein precursor
95,119227,ETNP_120m_PROKKA_189568,88.35,14,8,2,,39449,Monocarboxylate 2-oxoacid-binding periplasmic protein precursor
69,119146,ETNP_140m_PROKKA_09993,87.75,16,8,2,,58218,60 kDa chaperonin
69,119147,ETNP_120m_PROKKA_273782,87.75,16,8,2,,58218,60 kDa chaperonin
69,119148,NP_300m_PROKKA_13154,87.75,16,8,2,,58218,60 kDa chaperonin
106,107346,NP_300m_PROKKA_45804,87.73,80,7,0,,6378,hypothetical protein
65,107316,ETNP14_120maa_PROKKA_27079,87.29,7,9,0,,142899,Respiratory nitrate reductase 1 alpha chain
116,1122,NP_300m_PROKKA_21694,85.55,14,5,3,,34459,Putative aliphatic sulfonates-binding protein precursor
97,107311,ETNP_120m_free_PROKKA_61385,84.40,11,5,0,,39404,Monocarboxylate 2-oxoacid-binding periplasmic protein precursor
97,107312,ETNP_120m_PROKKA_306054,84.40,11,5,0,,39404,Monocarboxylate 2-oxoacid-binding periplasmic protein precursor
97,107300,ETNP_140m_PROKKA_160529,84.40,18,5,0,,24139,Alpha-keto acid-binding periplasmic protein TakP precursor
97,107301,ETNP_300m_PROKKA_19830,84.40,18,5,0,,24139,Alpha-keto acid-binding periplasmic protein TakP precursor
113,135291,ETNP14_120mab_PROKKA_90767,83.90,31,5,0,,14361,General L-amino acid-binding periplasmic protein AapJ precursor
105,261,XP_003056479,82.79,10,5,0,,49615,beta tubulin  Micromonas pusilla CCMP1545
141,2983,ETNP_120m_free_PROKKA_182392,81.94,13,4,4,,34119,glycine betaine transporter periplasmic subunit
141,2984,ETNP_180m_PROKKA_61735,81.94,12,4,4,,36437,glycine betaine transporter periplasmic subunit
141,2985,ETNP_120m_PROKKA_150239,81.94,12,4,4,,36437,glycine betaine transporter periplasmic subunit
141,2986,NP_300m_PROKKA_22777,81.94,12,4,4,,36437,glycine betaine transporter periplasmic subunit
141,2987,ETNP_300m_PROKKA_25221,81.94,12,4,4,,36437,glycine betaine transporter periplasmic subunit
141,2988,ETNP_160m_PROKKA_158752,81.94,12,4,4,,36437,glycine betaine transporter periplasmic subunit
187,135364,ETNP_160m_PROKKA_29141,81.88,15,2,2,,24481,Endoglucanase precursor
98,107721,NP_300m_PROKKA_29559,81.82,18,7,1,,35723,General L-amino acid-binding periplasmic protein AapJ precursor
98,107722,NP_300m_PROKKA_31612,81.82,18,7,1,,35624,General L-amino acid-binding periplasmic protein AapJ precursor
98,107723,ETNP14_120maa_PROKKA_145599,81.82,18,7,1,,35657,General L-amino acid-binding periplasmic protein AapJ precursor
98,107725,ETNP14_120maa_PROKKA_76715,81.82,18,7,1,,35723,General L-amino acid-binding periplasmic protein AapJ precursor
147,1644,Fosmid_PROKKA_01396,80.97,16,4,1,,34648,Taurine-binding periplasmic protein precursor
92,57447,ETNP_120m_free_PROKKA_106804,80.75,16,8,0,,57826,60 kDa chaperonin
92,118959,ETNP_120m_PROKKA_114163,80.75,16,8,0,,57826,60 kDa chaperonin
111,135286,NP_300m_PROKKA_02512,79.97,20,6,6,,40041,Bacterial extracellular solute-binding protein
111,135287,ETNP_180m_PROKKA_185546,79.97,20,6,6,,40041,Bacterial extracellular solute-binding protein
111,135288,ETNP_300m_PROKKA_97270,79.97,20,6,6,,40041,Bacterial extracellular solute-binding protein
111,135289,ETNP_160m_PROKKA_05108,79.97,20,6,6,,40041,Bacterial extracellular solute-binding protein
111,135290,ETNP_140m_PROKKA_93610,79.97,20,6,6,,40041,Bacterial extracellular solute-binding protein
148,474,ETNP_100m_particle_PROKKA_82300,79.70,36,4,2,,14624,Tubulin/FtsZ family  GTPase domain
110,119128,ETNP_140m_PROKKA_10835,79.36,13,7,2,,66680,putative ABC transporter-binding protein precursor
110,119129,NP_300m_PROKKA_04737,79.36,11,7,2,,77292,putative ABC transporter-binding protein precursor
110,119130,ETNP_120m_particle_PROKKA_76508,79.36,11,7,2,,77292,putative ABC transporter-binding protein precursor
109,88006,NP_300m_PROKKA_05383,77.41,19,6,4,,36427,General L-amino acid-binding periplasmic protein AapJ precursor
109,119121,ETNP14_120maa_PROKKA_113527,77.41,19,6,4,,36427,General L-amino acid-binding periplasmic protein AapJ precursor
109,119122,ETNP_120m_PROKKA_05595,77.41,19,6,4,,36427,General L-amino acid-binding periplasmic protein AapJ precursor
109,119123,ETNP_160m_PROKKA_33848,77.41,19,6,4,,36427,General L-amino acid-binding periplasmic protein AapJ precursor
109,119124,ETNP_140m_PROKKA_123038,77.41,19,6,4,,36427,General L-amino acid-binding periplasmic protein AapJ precursor
107,943,ETNP_100m_particle_PROKKA_145656,76.53,39,7,3,,17714,hypothetical protein
127,2074,XP_002180656,76.37,9,5,1,,49747,predicted protein  Phaeodactylum tricornutum CCAP 1055
144,135280,ETNP14_68maa_PROKKA_77621,75.94,8,4,1,,58136,Respiratory nitrate reductase 2 beta chain
144,135281,ETNP_150m_particle_PROKKA_14505,75.94,7,4,1,,64310,Respiratory nitrate reductase 1 beta chain
144,135282,NP_100m_PROKKA_14072,75.94,9,4,1,,47045,Respiratory nitrate reductase 2 beta chain
123,119083,ETNP_180m_PROKKA_170303,75.74,12,6,1,,66724,putative ABC transporter-binding protein precursor
102,119229,WP_007231746,75.42,11,5,0,,56930,molecular chaperone GroEL gamma proteobacterium HTCC2207
136,135305,NP_100m_PROKKA_02327,74.74,15,5,5,,34235,Tripartite tricarboxylate transporter family receptor
136,135306,NP_125m_PROKKA_08462,74.74,15,5,5,,34265,Tripartite tricarboxylate transporter family receptor
136,135307,NP_85m_PROKKA_14245,74.74,15,5,5,,34235,Tripartite tricarboxylate transporter family receptor
136,135308,ETNP_120m_particle_PROKKA_59438,74.74,15,5,5,,34265,Tripartite tricarboxylate transporter family receptor
136,135309,ETNP_100m_PROKKA_72417,74.74,40,5,5,,13644,Tripartite tricarboxylate transporter family receptor
136,135310,ETNP_150m_particle_PROKKA_27964,74.74,28,5,5,,19289,Tripartite tricarboxylate transporter family receptor
136,135311,NP_300m_PROKKA_23447,74.74,28,5,5,,19321,Tripartite tricarboxylate transporter family receptor
125,3258,ETNP_120m_PROKKA_131601,74.47,25,6,6,,29164,ABC transporter arginine-binding protein 1 precursor
125,3259,NP_300m_PROKKA_04554,74.47,25,6,6,,29164,ABC transporter arginine-binding protein 1 precursor
108,107714,ETNP_100m_PROKKA_82916,74.11,22,6,0,,25902,General L-amino acid-binding periplasmic protein AapJ precursor
108,107716,NP_30m_PROKKA_06165,74.11,22,6,0,,25930,General L-amino acid-binding periplasmic protein AapJ precursor
108,107718,ETNP14_120mab_PROKKA_29877,74.11,22,6,0,,25886,General L-amino acid-binding periplasmic protein AapJ precursor
143,367,XP_003074486,73.50,6,4,0,,64641,TBB1_VOLCA Tubulin beta chain ISS partial  Ostreococcus tauri
185,135267,ETNP14_68maa_PROKKA_16814,73.49,3,3,2,,142252,Respiratory nitrate reductase 1 alpha chain
185,135274,ETNP14_120maa_PROKKA_38683,73.49,3,3,2,,142443,Respiratory nitrate reductase 1 alpha chain
214,135380,NP_300m_PROKKA_07533,72.92,5,2,2,,63977,Hydroxylamine oxidoreductase precursor
120,85278,ETNP14_68maa_PROKKA_12099,72.31,9,6,1,,47970,Major capsid protein Gp23
120,85279,ETNP_90m_PROKKA_20127,72.31,9,6,1,,47970,Major capsid protein Gp23
208,118948,ETNP_150m_particle_PROKKA_05466,71.75,7,2,2,,45158,Phenoxybenzoate dioxygenase subunit alpha
208,118949,ETNP_110m_PROKKA_22939,71.75,7,2,2,,45172,Phenoxybenzoate dioxygenase subunit alpha
208,118950,ETNP_100m_PROKKA_77466,71.75,7,2,2,,45171,Phenoxybenzoate dioxygenase subunit alpha
208,118951,NP_85m_PROKKA_09218,71.75,7,2,2,,45171,Phenoxybenzoate dioxygenase subunit alpha
208,118952,ETNP_140m_PROKKA_125561,71.75,7,2,2,,45172,Phenoxybenzoate dioxygenase subunit alpha
208,118953,NP_100m_PROKKA_00331,71.75,7,2,2,,45172,Phenoxybenzoate dioxygenase subunit alpha
128,2711,ETNP14_120maa_PROKKA_21913,71.09,12,4,2,,43580,Elongation factor Tu
121,2665,YP_007517957.1,70.72,10,6,1,,45631,major capsid [Pelagibacter phage HTVC008M]
121,2666,AGE60425.1,70.72,10,6,1,,45631,major capsid [Pelagibacter phage HTVC008M]
121,2631,ETNP_180m_PROKKA_210484,70.72,11,6,1,,38420,Major capsid protein Gp23
121,2390,ETNP_160m_PROKKA_216747,70.72,10,6,1,,45679,Major capsid protein Gp23
121,1461,ETNP_180m_PROKKA_132649,70.72,10,6,1,,45695,Major capsid protein Gp23
121,4570,ETNP_180m_PROKKA_56052,70.72,16,6,1,,26688,Major capsid protein Gp23
121,4573,ETNP_300m_PROKKA_39013,70.72,15,6,1,,27752,Major capsid protein Gp23
121,2391,ETNP14_120maa_PROKKA_54720,70.72,9,6,1,,46846,Major capsid protein Gp23
129,135261,NP_85m_PROKKA_21157,70.25,16,5,1,,42064,Monocarboxylate 2-oxoacid-binding periplasmic protein precursor
133,135328,ETNP_180m_PROKKA_40794,70.02,5,4,4,,86639,Nitrate reductase
133,135329,ETNP_300m_PROKKA_73205,70.02,4,4,4,,101196,Nitrate reductase
133,119404,ETNP_160m_PROKKA_113088,70.02,4,4,4,,101568,Nitrate reductase
130,135266,NP_85m_PROKKA_07689,69.71,15,5,1,,41994,Monocarboxylate 2-oxoacid-binding periplasmic protein precursor
130,135271,ETNP_110m_PROKKA_02677,69.71,16,5,1,,38378,Monocarboxylate 2-oxoacid-binding periplasmic protein precursor
130,135272,NP_300m_PROKKA_17506,69.71,15,5,1,,41936,Monocarboxylate 2-oxoacid-binding periplasmic protein precursor
162,107289,NP_85m_PROKKA_09331,68.52,7,3,0,,40252,Bacterial extracellular solute-binding protein
162,107290,ETNP14_68maa_PROKKA_113506,68.52,7,3,0,,40252,Bacterial extracellular solute-binding protein
162,107291,NP_300m_PROKKA_27730,68.52,7,3,0,,40252,Bacterial extracellular solute-binding protein
164,135313,WP_020028069,68.03,8,4,1,,57389,molecular chaperone GroEL Candidatus Thioglobus singularis
131,135278,NP_300m_PROKKA_17954,67.93,24,5,5,,15241,Phasin protein
153,119114,KHE93198,67.84,7,4,1,,75635,hydrazine synthase BC subunit Candidatus Scalindua brodae
132,4329,NP_300m_PROKKA_26829,67.53,19,3,1,,18735,Taurine-binding periplasmic protein precursor
138,107396,ETNP_120m_PROKKA_200056,66.83,10,2,2,,27136,hypothetical protein
126,2579,NP_85m_PROKKA_08216,66.48,8,5,4,,39292,Bacterial extracellular solute-binding protein
135,107207,NP_125m_PROKKA_07826,65.96,12,5,2,,35665,General L-amino acid-binding periplasmic protein AapJ precursor
264,135717,ETNP_100m_PROKKA_96212,65.66,13,2,2,,12880,hypothetical protein
264,135718,ETNP14_120maa_PROKKA_114175,65.66,13,2,2,,12880,hypothetical protein
264,135719,ETNP_120m_PROKKA_164658,65.66,13,2,2,,12880,hypothetical protein
264,135720,ETNP_110m_PROKKA_15069,65.66,13,2,2,,12880,hypothetical protein
264,135721,NP_300m_PROKKA_18225,65.66,13,2,2,,12880,hypothetical protein
198,135296,ETNP_120m_PROKKA_164900,65.45,15,3,3,,24404,C4-dicarboxylate-binding periplasmic protein precursor
198,135297,ETNP_120m_free_PROKKA_289365,65.45,15,3,3,,24418,C4-dicarboxylate-binding periplasmic protein precursor
198,135298,ETNP_120m_particle_PROKKA_50105,65.45,14,3,3,,27437,C4-dicarboxylate-binding periplasmic protein precursor
157,120055,NP_100m_PROKKA_01434,65.41,8,4,1,,61221,Glutamate synthase [NADPH] small chain
157,135283,ETNP_100m_PROKKA_31013,65.41,8,4,1,,61243,Glutamate synthase [NADPH] small chain
157,120056,NP_300m_PROKKA_10148,65.41,8,4,1,,61267,Glutamate synthase [NADPH] small chain
182,107337,ETNP_160m_PROKKA_32301,64.40,9,3,3,,44746,Leu/Ile/Val-binding protein precursor
182,107338,ETNP_120m_PROKKA_84945,64.40,9,3,3,,45552,Leu/Ile/Val-binding protein precursor
182,107339,NP_300m_PROKKA_13722,64.40,9,3,3,,45791,Leu/Ile/Val-binding protein precursor
182,107340,ETNP_120m_particle_PROKKA_34140,64.40,9,3,3,,45619,Leu/Ile/Val-binding protein precursor
182,107361,ETNP_140m_PROKKA_115347,64.40,32,3,3,,12285,hypothetical protein
182,107362,ETNP_120m_free_PROKKA_95555,64.40,32,3,3,,12285,hypothetical protein
182,107363,ETNP_100m_particle_PROKKA_33876,64.40,27,3,3,,14412,hypothetical protein
182,107364,ETNP_120m_PROKKA_70633,64.40,26,3,3,,15111,hypothetical protein
182,107365,ETNP_120m_PROKKA_43927,64.40,26,3,3,,15125,hypothetical protein
182,107366,ETNP_120m_particle_PROKKA_37252,64.40,26,3,3,,15111,hypothetical protein
182,107367,ETNP_180m_PROKKA_239315,64.40,26,3,3,,15153,hypothetical protein
182,107369,ETNP_140m_PROKKA_100159,64.40,20,3,3,,20814,hypothetical protein
182,107370,ETNP_160m_PROKKA_41027,64.40,12,3,3,,32857,hypothetical protein
177,135292,ETNP_300m_PROKKA_147167,64.37,6,3,0,,52788,Respiratory nitrate reductase 2 beta chain
177,135293,ETNP_120m_PROKKA_146292,64.37,6,3,0,,52814,Respiratory nitrate reductase 2 beta chain
177,135294,ETNP_180m_PROKKA_139246,64.37,6,3,0,,52814,Respiratory nitrate reductase 2 beta chain
177,135295,ETNP_120m_particle_PROKKA_211501,64.37,5,3,0,,59836,Respiratory nitrate reductase 2 beta chain
217,938,ETNP_120m_PROKKA_44499,64.26,6,2,1,,40193,Bacterial extracellular solute-binding protein
217,939,ETNP14_68maa_PROKKA_154991,64.26,6,2,1,,40175,Bacterial extracellular solute-binding protein
217,937,ETNP_180m_PROKKA_181026,64.26,6,2,1,,40175,Bacterial extracellular solute-binding protein
115,4583,ETNP14_68maa_PROKKA_169291,63.82,12,6,0,,51134,60 kDa chaperonin 5
115,135312,NP_300m_PROKKA_21952,63.82,11,6,0,,58375,60 kDa chaperonin 5
190,2480,NP_85m_PROKKA_19659,63.50,16,3,3,,26330,hypothetical protein
190,2481,ETNP14_68maa_PROKKA_185153,63.50,14,3,3,,30096,hypothetical protein
190,2482,ETNP14_120maa_PROKKA_94611,63.50,13,3,3,,33554,hypothetical protein
190,2483,ETNP14_68maa_PROKKA_98457,63.50,11,3,3,,39547,hypothetical protein
139,135302,WP_014101938,63.22,9,5,0,,58434,molecular chaperone GroEL Micavibrio aeruginosavorus
169,119343,NP_100m_PROKKA_19391,62.61,16,4,3,,31620,Elongation factor Tu
169,119092,ETNP_100m_PROKKA_42747,62.61,15,4,3,,33289,Elongation factor Tu
169,119094,NP_85m_PROKKA_08167,62.61,11,4,3,,43465,Elongation factor Tu
169,119095,ETNP_110m_PROKKA_50251,62.61,11,4,3,,43433,Elongation factor Tu
169,119096,NP_125m_PROKKA_03188,62.61,11,4,3,,43465,Elongation factor Tu
169,4772,NP_300m_PROKKA_13421,62.61,11,4,3,,43409,Elongation factor Tu
215,119295,ETNP_110m_PROKKA_50908,62.42,12,2,2,,22142,Tripartite tricarboxylate transporter family receptor
215,119297,NP_300m_PROKKA_05613,62.42,7,2,2,,35203,Tripartite tricarboxylate transporter family receptor
215,119302,ETNP_120m_particle_PROKKA_189146,62.42,7,2,2,,36981,Tripartite tricarboxylate transporter family receptor
145,119179,NP_300m_PROKKA_10646,62.23,12,4,4,,35892,Cystine-binding periplasmic protein precursor
100,1965,ETNP_180m_PROKKA_132387,62.13,10,6,1,,57224,60 kDa chaperonin
100,119223,ETNP_160m_PROKKA_57515,62.13,10,6,1,,57224,60 kDa chaperonin
171,108169,ETNP_120m_particle_PROKKA_90909,62.04,4,3,3,,57081,ATP synthase subunit alpha
258,135455,ETNP_140m_PROKKA_43922,61.95,14,2,0,,16771,Phasin protein
258,135456,NP_85m_PROKKA_09581,61.95,14,2,0,,16771,Phasin protein
258,135457,ETNP_110m_PROKKA_07342,61.95,14,2,0,,16771,Phasin protein
258,135458,ETNP_100m_PROKKA_97522,61.95,14,2,0,,16771,Phasin protein
258,135459,NP_125m_PROKKA_14773,61.95,14,2,0,,16771,Phasin protein
258,135460,ETNP14_120maa_PROKKA_44788,61.95,14,2,0,,16771,Phasin protein
158,135335,NP_85m_PROKKA_06027,61.52,14,3,1,,25656,Acetoacetyl-CoA reductase
158,135336,NP_300m_PROKKA_29036,61.52,14,3,1,,25656,Acetoacetyl-CoA reductase
158,135337,ETNP_100m_PROKKA_53689,61.52,14,3,1,,25638,Acetoacetyl-CoA reductase
158,135338,NP_100m_PROKKA_03088,61.52,14,3,1,,25655,Acetoacetyl-CoA reductase
234,135361,NP_125m_PROKKA_09290,61.49,11,2,2,,26287,hypothetical protein
234,135362,NP_85m_PROKKA_22006,61.49,10,2,2,,30203,hypothetical protein
234,135363,NP_100m_PROKKA_08917,61.49,8,2,2,,35402,hypothetical protein
234,135449,ETNP_110m_PROKKA_15722,61.49,40,2,2,,7414,hypothetical protein
234,135450,ETNP14_120mab_PROKKA_118765,61.49,17,2,2,,17298,hypothetical protein
200,135461,ETNP14_120maa_PROKKA_87234,61.16,20,2,2,,12063,Nitrogen regulatory protein P-II 1
200,135462,NP_100m_PROKKA_10638,61.16,20,2,2,,12004,Nitrogen regulatory protein P-II
200,135463,NP_300m_PROKKA_12913,61.16,20,2,2,,12063,Nitrogen regulatory protein P-II 1
228,135439,ETNP14_120maa_PROKKA_85469,61.06,7,2,1,,33256,Putative aliphatic sulfonates-binding protein precursor
137,2128,WP_011785504,60.65,6,4,0,,57811,molecular chaperone GroEL Marinobacter hydrocarbonoclasticus
96,135343,ETNP_180m_PROKKA_232357,60.63,7,6,0,,99399,Respiratory nitrate reductase 1 alpha chain
397,135639,ETNP_300m_PROKKA_60330,59.76,5,1,1,,32918,hypothetical protein
186,135327,ETNP14_120maa_PROKKA_28950,59.55,6,3,0,,58370,Respiratory nitrate reductase 1 beta chain
178,119183,ETNP_120m_PROKKA_176497,59.39,10,3,1,,46658,Di-haem cytochrome c peroxidase
117,107213,WP_012844412,59.03,7,5,0,,57666,molecular chaperone GroEL Rhodothermus marinus
167,520,XP_003063038,58.71,24,3,3,,11395,predicted protein  Micromonas pusilla CCMP1545
167,521,ETNP_90m_PROKKA_109358,58.71,24,3,3,,11367,Core histone H2A/H2B/H3/H4
167,522,ETNP_70m_PROKKA_144910,58.71,24,3,3,,11395,Core histone H2A/H2B/H3/H4
167,516,ETNP_70m_PROKKA_132488,58.71,24,3,3,,11367,Core histone H2A/H2B/H3/H4
167,811,XP_002179286,58.71,24,3,3,,11383,histone H4 isoform 1b  Phaeodactylum tricornutum CCAP 1055
167,813,EJK69577,58.71,24,3,3,,11383,hypothetical protein THAOC_09145  Thalassiosira oceanica
167,523,XP_003061514,58.71,24,3,3,,11395,histone H4  Micromonas pusilla CCMP1545
167,517,ETNP_120m_particle_PROKKA_44959,58.71,24,3,3,,11365,Core histone H2A/H2B/H3/H4
167,518,ETNP14_68mB_PROKKA_59955,58.71,24,3,3,,11367,Core histone H2A/H2B/H3/H4
167,812,XP_002179505,58.71,24,3,3,,11383,histone H4 isoform 1a  Phaeodactylum tricornutum CCAP 1055
167,519,XP_003061756,58.71,24,3,3,,11395,predicted protein  Micromonas pusilla CCMP1545
167,524,XP_003059520,58.71,24,3,3,,11395,predicted protein  Micromonas pusilla CCMP1545
167,557,ETNP_100m_particle_PROKKA_140022,58.71,24,3,3,,11381,Core histone H2A/H2B/H3/H4
167,814,EJK72475,58.71,21,3,3,,13036,hypothetical protein THAOC_05990  Thalassiosira oceanica
167,541,XP_003074685,58.71,9,3,3,,31136,Histone H4 ISS  Ostreococcus tauri
167,820,EJK63755,58.71,7,3,3,,39773,hypothetical protein THAOC_15573 partial  Thalassiosira oceanica
140,119680,NP_100m_PROKKA_11972,58.65,37,4,4,,15723,Acetoacetyl-CoA reductase
140,119681,ETNP_140m_PROKKA_28044,58.65,29,4,4,,19772,Acetoacetyl-CoA reductase
140,119682,ETNP_120m_PROKKA_216125,58.65,29,4,4,,19772,Acetoacetyl-CoA reductase
140,119685,ETNP_180m_PROKKA_233667,58.65,22,4,4,,25464,Acetoacetyl-CoA reductase
140,119686,ETNP_120m_particle_PROKKA_129946,58.65,22,4,4,,25464,Acetoacetyl-CoA reductase
140,119689,NP_300m_PROKKA_06116,58.65,22,4,4,,25463,Acetoacetyl-CoA reductase
140,119690,ETNP_300m_PROKKA_38399,58.65,22,4,4,,25474,Acetoacetyl-CoA reductase
170,135340,WP_013962597,58.33,7,4,0,,57876,molecular chaperone GroEL Roseobacter litoralis
170,135341,WP_025047886,58.33,7,4,0,,57896,molecular chaperone GroEL Sulfitobacter mediterraneus
149,119003,ETNP14_120maa_PROKKA_28008,56.62,6,4,0,,57900,60 kDa chaperonin
149,119002,ETNP_110m_PROKKA_11507,56.62,6,4,0,,56225,60 kDa chaperonin
235,135387,ETNP_150m_particle_PROKKA_54689,56.56,31,2,1,,8858,putative glutamate synthase (NADPH) small subunit
259,107581,NP_300m_PROKKA_42933,56.56,15,2,0,,14819,Elongation factor Tu
259,135467,ETNP14_120maa_PROKKA_187331,56.56,11,2,0,,19854,Elongation factor Tu
259,107588,NP_300m_PROKKA_45831,56.56,10,2,0,,22255,Elongation factor Tu
156,135426,NP_300m_PROKKA_18661,55.63,7,3,0,,36188,General L-amino acid-binding periplasmic protein AapJ precursor
156,135468,ETNP_120m_particle_PROKKA_89051,55.63,9,3,0,,29167,General L-amino acid-binding periplasmic protein AapJ precursor
156,135469,ETNP_120m_free_PROKKA_225216,55.63,8,3,0,,32779,General L-amino acid-binding periplasmic protein AapJ precursor
156,135470,ETNP_140m_PROKKA_10452,55.63,7,3,0,,36148,General L-amino acid-binding periplasmic protein AapJ precursor
156,135471,ETNP_160m_PROKKA_119323,55.63,7,3,0,,36148,General L-amino acid-binding periplasmic protein AapJ precursor
156,135472,NP_300m_PROKKA_13658,55.63,7,3,0,,36148,General L-amino acid-binding periplasmic protein AapJ precursor
156,135473,ETNP_300m_PROKKA_105808,55.63,7,3,0,,36148,General L-amino acid-binding periplasmic protein AapJ precursor
156,135474,ETNP_180m_PROKKA_126275,55.63,7,3,0,,36148,General L-amino acid-binding periplasmic protein AapJ precursor
156,135475,ETNP_120m_PROKKA_168017,55.63,7,3,0,,36148,General L-amino acid-binding periplasmic protein AapJ precursor
156,135576,ETNP_120m_free_PROKKA_233640,55.63,8,3,0,,32337,General L-amino acid-binding periplasmic protein AapJ precursor
156,135577,ETNP_160m_PROKKA_166020,55.63,7,3,0,,36178,General L-amino acid-binding periplasmic protein AapJ precursor
156,135578,ETNP_120m_PROKKA_139021,55.63,7,3,0,,36178,General L-amino acid-binding periplasmic protein AapJ precursor
156,135579,ETNP_140m_PROKKA_149386,55.63,7,3,0,,36178,General L-amino acid-binding periplasmic protein AapJ precursor
156,135580,ETNP_300m_PROKKA_73574,55.63,7,3,0,,36178,General L-amino acid-binding periplasmic protein AapJ precursor
156,135581,ETNP_180m_PROKKA_37417,55.63,7,3,0,,36178,General L-amino acid-binding periplasmic protein AapJ precursor
183,626,NP_300m_PROKKA_22239,54.95,7,3,3,,51425,ATP synthase subunit beta
183,1098,NP_30m_PROKKA_02451,54.95,10,3,3,,36511,ATP synthase subunit beta
183,616,NP_85m_PROKKA_16488,54.95,8,3,3,,45070,ATP synthase subunit beta
183,619,NP_100m_PROKKA_10591,54.95,7,3,3,,49743,ATP synthase subunit beta
183,1842,ETNP14_68mB_PROKKA_46977,54.95,15,3,3,,24614,ATP synthase subunit beta
183,1844,NP_300m_PROKKA_42867,54.95,13,3,3,,28332,ATP synthase subunit beta
183,1845,ETNP14_68mB_PROKKA_85396,54.95,12,3,3,,30436,ATP synthase subunit beta
183,1846,ETNP14_68mB_PROKKA_69755,54.95,12,3,3,,30554,ATP synthase subunit beta
183,1847,ETNP14_68mB_PROKKA_80831,54.95,12,3,3,,30479,ATP synthase subunit beta
183,972,NP_85m_PROKKA_22504,54.95,10,3,3,,36765,ATP synthase subunit beta
183,1843,ETNP14_68mB_PROKKA_103288,54.95,13,3,3,,28203,ATP synthase subunit beta
260,135481,ETNP_120m_free_PROKKA_24568,54.24,7,2,0,,33009,Elongation factor Tu
160,107554,ETNP14_120maa_PROKKA_70246,54.06,6,3,1,,40593,Bacterial extracellular solute-binding protein
160,107496,ETNP_100m_PROKKA_91883,54.06,6,3,1,,40620,Bacterial extracellular solute-binding protein
160,107553,NP_300m_PROKKA_30411,54.06,7,3,1,,36808,Bacterial extracellular solute-binding protein
236,119436,ETNP_300m_PROKKA_69341,53.98,9,2,2,,30237,Glycine betaine/carnitine transport binding protein GbuC precursor
236,119348,NP_300m_PROKKA_18084,53.98,8,2,2,,35664,Glycine betaine/carnitine transport binding protein GbuC precursor
236,119349,ETNP_140m_PROKKA_09781,53.98,8,2,2,,35664,Glycine betaine/carnitine transport binding protein GbuC precursor
184,119242,NP_300m_PROKKA_18836,53.50,5,3,0,,58009,60 kDa chaperonin 5
237,135412,ETNP14_120maa_PROKKA_153118,53.48,5,2,2,,35313,Respiratory nitrate reductase 1 beta chain
237,135413,ETNP14_120maa_PROKKA_85024,53.48,5,2,2,,39028,Respiratory nitrate reductase 1 beta chain
237,135414,NP_300m_PROKKA_18057,53.48,5,2,2,,38929,Respiratory nitrate reductase 1 beta chain
237,135415,NP_300m_PROKKA_15855,53.48,5,2,2,,39610,Respiratory nitrate reductase 1 beta chain
237,135416,ETNP14_120maa_PROKKA_114988,53.48,4,2,2,,45427,Respiratory nitrate reductase 1 beta chain
237,135417,ETNP14_68maa_PROKKA_95735,53.48,3,2,2,,59314,Respiratory nitrate reductase 2 beta chain
237,135418,ETNP14_68maa_PROKKA_43185,53.48,3,2,2,,59486,Respiratory nitrate reductase 2 beta chain
237,135497,ETNP_100m_particle_PROKKA_101580,53.48,9,2,2,,21218,Respiratory nitrate reductase 2 beta chain
237,135500,ETNP_150m_particle_PROKKA_44107,53.48,5,2,2,,41387,Respiratory nitrate reductase 1 beta chain
114,135342,WP_007280551,53.36,11,4,2,,40185,C4-dicarboxylate ABC transporter Lentisphaera araneosa
262,135607,ETNP14_120mac_PROKKA_64618,53.32,32,2,0,,7088,hypothetical protein
176,135464,ETNP_120m_PROKKA_278054,52.46,2,3,2,,146342,hypothetical protein
398,3430,ETNP_150m_particle_PROKKA_00894,51.90,19,1,1,,9443,Bacterial actin-related protein
398,1671,ETNP_120m_particle_PROKKA_175627,51.90,11,1,1,,16510,Bacterial actin-related protein
398,2991,ETNP_120m_particle_PROKKA_02091,51.90,12,1,1,,14993,Bacterial actin-related protein
191,120006,ETNP_150m_particle_PROKKA_01071,51.85,23,3,1,,15446,Glutamate synthase [NADPH] small chain
396,135637,NP_300m_PROKKA_17695,51.82,3,1,1,,54413,Periplasmic dipeptide transport protein precursor
396,135722,ETNP_120m_PROKKA_124761,51.82,10,1,1,,13950,Nickel-binding periplasmic protein precursor
179,119063,ETNP_180m_PROKKA_21990,51.09,4,3,3,,99155,Formate dehydrogenase H
179,119064,ETNP_160m_PROKKA_99583,51.09,4,3,3,,106182,Formate dehydrogenase-O major subunit precursor
179,119065,ETNP_140m_PROKKA_105309,51.09,4,3,3,,106906,Formate dehydrogenase H
179,119326,ETNP_120m_free_PROKKA_50113,51.09,5,3,3,,79702,Formate dehydrogenase-O major subunit precursor
179,119062,ETNP_120m_PROKKA_95426,51.09,5,3,3,,82558,Formate dehydrogenase H
219,135448,ETNP14_120maa_PROKKA_113121,50.77,3,2,0,,62452,putative oxidoreductase YdhV
219,135451,ETNP_140m_PROKKA_139864,50.77,2,2,0,,67580,putative oxidoreductase YdhV
219,135452,ETNP_120m_particle_PROKKA_73248,50.77,2,2,0,,67552,putative oxidoreductase YdhV
219,135453,ETNP_180m_PROKKA_130301,50.77,2,2,0,,67566,putative oxidoreductase YdhV
219,135454,ETNP_300m_PROKKA_60617,50.77,2,2,0,,67566,putative oxidoreductase YdhV
150,135383,NP_300m_PROKKA_02943,50.60,6,4,0,,59833,Respiratory nitrate reductase 1 beta chain
159,135378,NP_100m_PROKKA_02620,50.58,8,4,1,,59993,Respiratory nitrate reductase 2 beta chain
159,135379,ETNP_110m_PROKKA_04840,50.58,9,4,1,,52387,Respiratory nitrate reductase 2 beta chain
155,135395,NP_100m_PROKKA_09616,50.49,8,4,0,,47706,60 kDa chaperonin 5
175,431,XP_003074279,50.33,7,3,0,,52955,TBB1_VOLCA Tubulin beta chain ISS  Ostreococcus tauri
238,107201,ETNP_120m_PROKKA_141011,50.06,15,2,1,,14547,hypothetical protein
166,135402,ETNP14_120maa_PROKKA_27080,49.98,7,4,0,,59958,Respiratory nitrate reductase 2 beta chain
242,135517,ETNP_300m_PROKKA_151660,49.09,4,2,1,,48657,putative oxidoreductase YdhV
242,135518,ETNP_180m_PROKKA_207449,49.09,3,2,1,,65715,putative oxidoreductase YdhV
242,135519,ETNP_160m_PROKKA_21226,49.09,3,2,1,,70175,putative oxidoreductase YdhV
242,135610,ETNP_160m_PROKKA_05865,49.09,3,2,1,,65172,putative oxidoreductase YdhV
242,135611,ETNP_140m_PROKKA_69294,49.09,3,2,1,,65172,putative oxidoreductase YdhV
242,135612,ETNP_300m_PROKKA_191643,49.09,3,2,1,,65172,putative oxidoreductase YdhV
242,135613,ETNP_120m_particle_PROKKA_160215,49.09,3,2,1,,65404,putative oxidoreductase YdhV
242,135614,ETNP_160m_PROKKA_65143,49.09,3,2,1,,65390,putative oxidoreductase YdhV
201,135599,ETNP_110m_PROKKA_49452,48.85,24,3,3,,8047,hypothetical protein
201,135600,ETNP_100m_particle_PROKKA_44805,48.85,24,3,3,,8047,hypothetical protein
201,135601,ETNP14_120maa_PROKKA_47014,48.85,24,3,3,,8047,hypothetical protein
201,135602,NP_300m_PROKKA_10490,48.85,24,3,3,,8047,hypothetical protein
216,135406,Fosmid_PROKKA_02478,48.75,2,2,2,,154381,DNA-directed RNA polymerase subunit beta
216,135419,ETNP_110m_PROKKA_47017,48.75,2,2,2,,154057,DNA-directed RNA polymerase subunit beta
216,135420,ETNP14_120maa_PROKKA_10217,48.75,2,2,2,,154057,DNA-directed RNA polymerase subunit beta
216,135513,WP_022734730,48.75,2,2,2,,153301,DNA-directed RNA polymerase subunit beta Candidatus Pelagibacter ubique
261,2628,XP_002181134,47.96,13,2,2,,15327,H3.3  Phaeodactylum tricornutum CCAP 1055
315,135494,ETNP_300m_PROKKA_31129,47.74,3,1,1,,39361,Leu/Ile/Val/Thr-binding protein precursor
315,135523,ETNP_160m_PROKKA_34019,47.74,4,1,1,,28332,Leucine-specific-binding protein precursor
315,135524,ETNP_140m_PROKKA_60377,47.74,3,1,1,,39331,Leucine-specific-binding protein precursor
315,135638,ETNP_180m_PROKKA_188131,47.74,10,1,1,,11613,hypothetical protein
315,135640,ETNP_120m_free_PROKKA_69855,47.74,4,1,1,,29846,Leucine-specific-binding protein precursor
315,135641,ETNP_120m_PROKKA_329487,47.74,4,1,1,,29846,Leucine-specific-binding protein precursor
315,135642,ETNP_120m_PROKKA_03044,47.74,3,1,1,,38396,Leucine-specific-binding protein precursor
315,135643,ETNP_100m_particle_PROKKA_43574,47.74,3,1,1,,39396,Leucine-specific-binding protein precursor
196,135446,ETNP_120m_free_PROKKA_124494,47.73,6,3,3,,58913,Glutathione-binding protein GsiB precursor
196,135447,ETNP14_120maa_PROKKA_70984,47.73,6,3,3,,59027,Glutathione-binding protein GsiB precursor
181,4845,NP_300m_PROKKA_08507,47.72,3,2,2,,51345,Glycine betaine-binding periplasmic protein precursor
181,4838,ETNP_160m_PROKKA_105860,47.72,8,2,2,,17550,Glycine betaine-binding periplasmic protein precursor
181,4839,ETNP_120m_particle_PROKKA_179740,47.72,7,2,2,,21648,Glycine betaine-binding periplasmic protein precursor
181,4842,NP_85m_PROKKA_19139,47.72,4,2,2,,35137,Glycine betaine-binding periplasmic protein precursor
181,4843,NP_125m_PROKKA_05874,47.72,4,2,2,,38103,Glycine betaine-binding periplasmic protein precursor
181,4844,ETNP14_120maa_PROKKA_36339,47.72,3,2,2,,45206,Glycine betaine-binding periplasmic protein precursor
181,135669,ETNP_120m_free_PROKKA_303830,47.72,10,2,2,,13288,glycine betaine transporter periplasmic subunit
151,119317,ETNP14_68maa_PROKKA_08263,47.68,8,4,0,,57595,60 kDa chaperonin
239,135429,ETNP_120m_particle_PROKKA_183957,46.46,4,2,2,,56508,Oligopeptide-binding protein AppA precursor
239,135430,ETNP_140m_PROKKA_80315,46.46,3,2,2,,60654,Oligopeptide-binding protein AppA precursor
239,135431,ETNP_120m_PROKKA_142640,46.46,3,2,2,,60640,Oligopeptide-binding protein AppA precursor
239,135432,NP_300m_PROKKA_10682,46.46,3,2,2,,60668,Oligopeptide-binding protein AppA precursor
239,135433,ETNP_160m_PROKKA_156752,46.46,3,2,2,,60673,Oligopeptide-binding protein AppA precursor
239,135534,ETNP_300m_PROKKA_61289,46.46,10,2,2,,20833,Glutathione-binding protein GsiB precursor
239,135535,NP_100m_PROKKA_23720,46.46,10,2,2,,20865,Glutathione-binding protein GsiB precursor
239,135536,ETNP_150m_particle_PROKKA_22804,46.46,9,2,2,,23088,Glutathione-binding protein GsiB precursor
209,107519,NP_300m_PROKKA_22025,46.45,12,2,2,,22589,hypothetical protein
209,107518,ETNP14_120maa_PROKKA_162996,46.45,20,2,2,,13933,hypothetical protein
209,107517,ETNP14_120maa_PROKKA_183418,46.45,20,2,2,,14092,hypothetical protein
209,107621,NP_300m_PROKKA_38078,46.45,17,2,2,,16173,hypothetical protein
209,107622,ETNP14_120maa_PROKKA_62669,46.45,14,2,2,,19552,hypothetical protein
192,135382,ETNP_100m_particle_PROKKA_104143,46.25,6,3,3,,59468,NAD-dependent dihydropyrimidine dehydrogenase subunit PreT
241,135466,ETNP_300m_PROKKA_151524,46.22,7,2,2,,34390,putative phospholipid-binding lipoprotein MlaA precursor
180,107240,NP_300m_PROKKA_12370,46.12,5,3,1,,58010,60 kDa chaperonin
395,135617,NP_300m_PROKKA_25308,45.96,10,1,1,,12425,Nitrogen regulatory protein P-II
395,135618,ETNP14_120mab_PROKKA_53524,45.96,10,1,1,,12464,Nitrogen regulatory protein P-II
395,135619,ETNP14_68maa_PROKKA_196043,45.96,10,1,1,,12236,Nitrogen regulatory protein P-II
395,135620,NP_85m_PROKKA_24083,45.96,10,1,1,,12538,Nitrogen regulatory protein P-II
395,135621,ETNP14_68maa_PROKKA_55789,45.96,10,1,1,,12572,Nitrogen regulatory protein P-II
395,135622,ETNP14_120mac_PROKKA_26416,45.96,10,1,1,,12560,Nitrogen regulatory protein P-II
395,135623,ETNP14_120mac_PROKKA_64391,45.96,10,1,1,,12444,Nitrogen regulatory protein P-II
395,135624,ETNP14_68mB_PROKKA_03417,45.96,10,1,1,,12464,Nitrogen regulatory protein P-II
395,135728,ETNP14_120mac_PROKKA_70290,45.96,14,1,1,,8808,Nitrogen regulatory protein P-II 1
395,135729,ETNP14_68mB_PROKKA_112650,45.96,13,1,1,,9225,Nitrogen regulatory protein P-II
395,135730,ETNP14_120mab_PROKKA_39719,45.96,13,1,1,,9165,Nitrogen regulatory protein P-II
395,135731,ETNP14_120mac_PROKKA_38713,45.96,13,1,1,,9358,Nitrogen regulatory protein P-II
395,135732,ETNP14_120mac_PROKKA_80391,45.96,11,1,1,,10676,Nitrogen regulatory protein P-II
395,135733,ETNP14_68mB_PROKKA_123688,45.96,10,1,1,,12199,Nitrogen regulatory protein P-II
395,135734,NP_30m_PROKKA_02907,45.96,10,1,1,,12260,Nitrogen regulatory protein P-II 2
395,135735,NP_100m_PROKKA_28737,45.96,10,1,1,,12470,Nitrogen regulatory protein P-II
395,135736,ETNP14_68maa_PROKKA_141862,45.96,10,1,1,,12109,Nitrogen regulatory protein P-II 2
395,135737,ETNP14_68maa_PROKKA_52301,45.96,10,1,1,,12372,Nitrogen regulatory protein P-II 2
395,135738,ETNP14_68maa_PROKKA_30225,45.96,10,1,1,,12504,Nitrogen regulatory protein P-II 2
395,135739,ETNP14_68mB_PROKKA_112911,45.96,10,1,1,,12300,Nitrogen regulatory protein P-II 2
395,135740,ETNP14_68maa_PROKKA_25014,45.96,10,1,1,,12185,Nitrogen regulatory protein P-II
395,135741,ETNP14_120mab_PROKKA_70460,45.96,10,1,1,,12418,Nitrogen regulatory protein P-II
395,135742,ETNP14_68maa_PROKKA_153155,45.96,10,1,1,,12048,Nitrogen regulatory protein P-II 2
395,135743,ETNP14_120mab_PROKKA_00702,45.96,10,1,1,,12360,Nitrogen regulatory protein P-II 2
395,135744,NP_300m_PROKKA_44354,45.96,10,1,1,,12501,Nitrogen regulatory protein P-II
395,135745,ETNP14_120mab_PROKKA_34197,45.96,10,1,1,,12109,Nitrogen regulatory protein P-II 2
395,135746,ETNP14_120mac_PROKKA_10115,45.96,10,1,1,,12238,Nitrogen regulatory protein P-II
395,135747,NP_85m_PROKKA_27719,45.96,10,1,1,,12194,Nitrogen regulatory protein P-II 2
395,135748,ETNP14_120mab_PROKKA_71732,45.96,9,1,1,,13908,Nitrogen regulatory protein P-II
395,135749,ETNP14_120mab_PROKKA_76356,45.96,9,1,1,,13888,Nitrogen regulatory protein P-II 2
240,107241,NP_85m_PROKKA_37046,45.87,23,2,2,,9840,Alpha-keto acid-binding periplasmic protein TakP precursor
240,107202,NP_300m_PROKKA_08503,45.87,6,2,2,,39772,Alpha-keto acid-binding periplasmic protein TakP precursor
240,107203,ETNP_120m_PROKKA_310245,45.87,6,2,2,,39772,Alpha-keto acid-binding periplasmic protein TakP precursor
240,107204,ETNP_120m_particle_PROKKA_108393,45.87,6,2,2,,39772,Alpha-keto acid-binding periplasmic protein TakP precursor
240,107205,ETNP_110m_PROKKA_29371,45.87,6,2,2,,39772,Alpha-keto acid-binding periplasmic protein TakP precursor
168,135485,ETNP_160m_PROKKA_208849,45.84,17,4,0,,28935,Respiratory nitrate reductase 2 beta chain
402,119660,ETNP_140m_PROKKA_40778,45.40,19,1,1,,9404,hypothetical protein
152,135511,ETNP_120m_free_PROKKA_79643,45.28,9,4,4,,58218,Glutathione-binding protein GsiB precursor
152,135512,ETNP_300m_PROKKA_148110,45.28,9,4,4,,58218,Glutathione-binding protein GsiB precursor
194,135424,ETNP14_68maa_PROKKA_120276,45.25,7,3,0,,50717,60 kDa chaperonin
161,135407,ETNP_150m_particle_PROKKA_03901,44.94,28,3,1,,12490,Acetoacetyl-CoA reductase
161,135408,ETNP14_120mac_PROKKA_46279,44.94,28,3,1,,12490,Acetoacetyl-CoA reductase
161,135409,ETNP14_120mab_PROKKA_94963,44.94,23,3,1,,15554,Acetoacetyl-CoA reductase
161,135410,ETNP_120m_particle_PROKKA_50475,44.94,14,3,1,,25684,Acetoacetyl-CoA reductase
161,135411,ETNP_100m_particle_PROKKA_89462,44.94,14,3,1,,25698,Acetoacetyl-CoA reductase
193,135385,ETNP_120m_free_PROKKA_223647,44.79,12,3,3,,30415,Periplasmic murein peptide-binding protein precursor
221,135595,ETNP_150m_particle_PROKKA_32653,44.78,7,2,2,,18496,Chondramide synthase cmdD
221,135596,NP_125m_PROKKA_02988,44.78,6,2,2,,22409,Chondramide synthase cmdD
221,135752,ETSP_PROKKA_00473,44.78,9,2,2,,13799,Chondramide synthase cmdD
221,135753,ETNP_300m_PROKKA_05853,44.78,9,2,2,,13709,Chondramide synthase cmdD
221,135754,ETNP_100m_particle_PROKKA_20936,44.78,6,2,2,,22421,Chondramide synthase cmdD
221,135755,NP_300m_PROKKA_31343,44.78,3,2,2,,44943,Chondramide synthase cmdD
221,135855,NP_100m_PROKKA_26489,44.78,14,2,2,,8473,Chondramide synthase cmdD
221,135856,ETNP_110m_PROKKA_23088,44.78,14,2,2,,8442,Chondramide synthase cmdD
221,135857,ETNP_100m_PROKKA_16431,44.78,14,2,2,,8441,Chondramide synthase cmdD
221,135858,NP_100m_PROKKA_26545,44.78,14,2,2,,8474,Chondramide synthase cmdD
221,135859,NP_85m_PROKKA_36452,44.78,14,2,2,,8473,Chondramide synthase cmdD
221,135860,NP_85m_PROKKA_36565,44.78,14,2,2,,8474,Chondramide synthase cmdD
221,135861,ETNP14_120mac_PROKKA_49532,44.78,14,2,2,,8929,Chondramide synthase cmdD
221,135862,ETNP_120m_particle_PROKKA_102313,44.78,11,2,2,,11200,Chondramide synthase cmdD
221,135863,NP_125m_PROKKA_10465,44.78,9,2,2,,13472,Chondramide synthase cmdD
221,135864,NP_85m_PROKKA_24481,44.78,9,2,2,,13472,Chondramide synthase cmdD
221,135865,ETNP_300m_PROKKA_140993,44.78,6,2,2,,19744,Chondramide synthase cmdD
221,135866,ETNP_120m_PROKKA_165363,44.78,6,2,2,,22306,Chondramide synthase cmdD
221,135867,ETNP_180m_PROKKA_102306,44.78,6,2,2,,22360,Chondramide synthase cmdD
221,135868,NP_300m_PROKKA_12829,44.78,6,2,2,,22360,Chondramide synthase cmdD
221,135869,NP_100m_PROKKA_18852,44.78,6,2,2,,22306,Chondramide synthase cmdD
221,135870,ETNP_140m_PROKKA_02636,44.78,3,2,2,,41430,Chondramide synthase cmdD
199,58776,NP_300m_PROKKA_19538,44.73,6,3,0,,58576,60 kDa chaperonin 1
244,135597,ETNP14_68maa_PROKKA_71315,44.14,2,2,1,,103861,Respiratory nitrate reductase 1 alpha chain
195,135441,ETNP_120m_PROKKA_278511,43.99,19,2,2,,10059,DNA-binding protein HU 1
195,135442,ETNP14_120mab_PROKKA_124181,43.99,19,2,2,,10017,DNA-binding protein HU 1
195,135443,ETNP_180m_PROKKA_70135,43.99,19,2,2,,10031,DNA-binding protein HU 1
146,135537,ETNP_120m_particle_PROKKA_182855,43.69,7,4,0,,57755,60 kDa chaperonin
218,107246,NP_85m_PROKKA_19634,43.37,6,2,2,,42437,Spermidine/putrescine-binding periplasmic protein precursor
218,107248,NP_100m_PROKKA_09832,43.37,6,2,2,,42437,Spermidine/putrescine-binding periplasmic protein precursor
218,107249,NP_300m_PROKKA_32140,43.37,6,2,2,,42437,Spermidine/putrescine-binding periplasmic protein precursor
218,107250,NP_125m_PROKKA_03771,43.37,6,2,2,,42437,Spermidine/putrescine-binding periplasmic protein precursor
218,107251,ETNP14_120maa_PROKKA_15145,43.37,6,2,2,,42437,Spermidine/putrescine-binding periplasmic protein precursor
218,107252,ETNP_110m_PROKKA_30638,43.37,6,2,2,,42437,Spermidine/putrescine-binding periplasmic protein precursor
218,107247,ETNP14_68maa_PROKKA_25172,43.37,6,2,2,,42444,Spermidine/putrescine-binding periplasmic protein precursor
263,135665,ETNP_300m_PROKKA_107304,42.34,7,2,1,,33249,60 kDa chaperonin
263,135666,ETNP_140m_PROKKA_06054,42.34,7,2,1,,33233,60 kDa chaperonin
263,135667,ETNP_300m_PROKKA_25183,42.34,5,2,1,,50639,60 kDa chaperonin
220,135505,ETNP_120m_PROKKA_129635,41.78,4,2,2,,58232,Oligopeptide-binding protein AppA precursor
188,135503,ETNP_300m_PROKKA_39760,41.47,6,3,0,,55262,Respiratory nitrate reductase 2 beta chain
188,135504,ETNP_180m_PROKKA_58177,41.47,6,3,0,,55262,Respiratory nitrate reductase 2 beta chain
399,135668,ETNP_300m_PROKKA_20561,41.25,4,1,1,,65522,Alternative cytochrome c oxidase subunit 1
345,4669,ETNP_180m_PROKKA_233038,40.89,6,1,1,,20714,Outer membrane lipoprotein Omp16 precursor
345,4670,ETNP_160m_PROKKA_184094,40.89,6,1,1,,20714,Outer membrane lipoprotein Omp16 precursor
345,4641,NP_85m_PROKKA_03329,40.89,17,1,1,,7807,Peptidoglycan-associated lipoprotein precursor
345,4642,ETNP14_120mac_PROKKA_52357,40.89,17,1,1,,7807,Peptidoglycan-associated lipoprotein precursor
345,4643,NP_30m_PROKKA_06192,40.89,15,1,1,,9231,Peptidoglycan-associated lipoprotein precursor
345,4644,ETNP_120m_free_PROKKA_34126,40.89,15,1,1,,9206,Outer membrane lipoprotein Omp16 precursor
345,4645,NP_125m_PROKKA_18000,40.89,13,1,1,,10469,Peptidoglycan-associated lipoprotein precursor
345,4647,ETNP14_120mac_PROKKA_78351,40.89,11,1,1,,11967,Peptidoglycan-associated lipoprotein precursor
345,4646,ETNP14_120mac_PROKKA_28762,40.89,11,1,1,,12195,Peptidoglycan-associated lipoprotein precursor
345,4649,NP_100m_PROKKA_11245,40.89,11,1,1,,12181,Peptidoglycan-associated lipoprotein precursor
345,4648,ETNP14_120mab_PROKKA_153069,40.89,11,1,1,,12166,Peptidoglycan-associated lipoprotein precursor
345,4650,NP_300m_PROKKA_09976,40.89,11,1,1,,12166,Peptidoglycan-associated lipoprotein precursor
345,4654,ETNP_140m_PROKKA_72199,40.89,11,1,1,,13048,Peptidoglycan-associated lipoprotein precursor
345,4655,ETNP_100m_particle_PROKKA_27507,40.89,11,1,1,,13067,Peptidoglycan-associated lipoprotein precursor
345,4653,ETNP_90m_PROKKA_212284,40.89,11,1,1,,13067,Peptidoglycan-associated lipoprotein precursor
345,4656,ETNP14_68mB_PROKKA_127594,40.89,11,1,1,,13018,Peptidoglycan-associated lipoprotein precursor
345,4657,ETNP14_120mac_PROKKA_62665,40.89,11,1,1,,13075,Peptidoglycan-associated lipoprotein precursor
345,4658,ETNP14_68mB_PROKKA_35805,40.89,11,1,1,,13065,Peptidoglycan-associated lipoprotein precursor
345,4659,WP_033384046,40.89,10,1,1,,13347,peptidoglycan-associated lipoprotein partial SAR324 cluster bacterium SCGC AAA001-C10
345,4660,ETNP14_120mab_PROKKA_89465,40.89,10,1,1,,13716,Peptidoglycan-associated lipoprotein precursor
345,4661,ETNP_300m_PROKKA_88975,40.89,10,1,1,,13494,Outer membrane lipoprotein Omp16 precursor
345,4662,ETNP14_68mB_PROKKA_132518,40.89,10,1,1,,13928,Peptidoglycan-associated lipoprotein precursor
345,4663,ETNP_100m_particle_PROKKA_67093,40.89,9,1,1,,15482,Peptidoglycan-associated lipoprotein precursor
345,4665,ETNP_90m_PROKKA_45551,40.89,9,1,1,,15482,Peptidoglycan-associated lipoprotein precursor
345,4664,ETNP_110m_PROKKA_47818,40.89,9,1,1,,15482,Peptidoglycan-associated lipoprotein precursor
345,4666,ETNP_120m_particle_PROKKA_07003,40.89,9,1,1,,15483,Peptidoglycan-associated lipoprotein precursor
345,4667,ETNP_140m_PROKKA_141315,40.89,9,1,1,,15482,Peptidoglycan-associated lipoprotein precursor
345,4668,ETNP14_120maa_PROKKA_92420,40.89,7,1,1,,19325,Peptidoglycan-associated lipoprotein precursor
345,4671,ETNP_90m_PROKKA_22481,40.89,6,1,1,,21193,Peptidoglycan-associated lipoprotein precursor
345,4673,ETNP14_120maa_PROKKA_20399,40.89,3,1,1,,39702,Peptidoglycan-associated lipoprotein precursor
243,135548,ETNP_110m_PROKKA_31740,40.56,8,2,2,,22372,Lactate-binding periplasmic protein precursor
229,135501,ETNP_160m_PROKKA_218770,39.90,1,2,2,,133081,DNA-directed RNA polymerase subunit beta'
229,1935,NP_300m_PROKKA_04065,39.90,1,2,2,,155384,DNA-directed RNA polymerase subunit beta'
229,135521,ETNP_300m_PROKKA_145555,39.90,1,2,2,,155878,DNA-directed RNA polymerase subunit beta'
229,135671,ETNP14_120maa_PROKKA_33044,39.90,1,2,2,,113281,DNA-directed RNA polymerase subunit beta'
229,3392,NP_125m_PROKKA_00829,39.90,1,2,2,,114326,DNA-directed RNA polymerase subunit beta'
229,2860,NP_300m_PROKKA_06310,39.90,1,2,2,,156325,DNA-directed RNA polymerase subunit beta'
341,135575,ETNP14_120mab_PROKKA_19201,39.73,6,1,1,,25201,hypothetical protein
316,135506,ETNP_300m_PROKKA_74851,39.13,3,1,1,,39611,Alpha-keto acid-binding periplasmic protein TakP precursor
316,135507,ETNP_180m_PROKKA_108967,39.13,3,1,1,,39611,Alpha-keto acid-binding periplasmic protein TakP precursor
316,135508,ETNP_160m_PROKKA_62163,39.13,3,1,1,,39611,Alpha-keto acid-binding periplasmic protein TakP precursor
316,135520,ETNP_120m_PROKKA_116127,39.13,3,1,1,,39625,Alpha-keto acid-binding periplasmic protein TakP precursor
316,135532,NP_300m_PROKKA_34405,39.13,6,1,1,,18281,Alpha-keto acid-binding periplasmic protein TakP precursor
316,135533,ETNP_140m_PROKKA_93429,39.13,4,1,1,,24784,Alpha-keto acid-binding periplasmic protein TakP precursor
316,135635,ETNP_120m_free_PROKKA_322190,39.13,4,1,1,,29061,Alpha-keto acid-binding periplasmic protein TakP precursor
506,135773,ETNP_120m_free_PROKKA_267226,38.75,5,1,1,,27915,Cystine-binding periplasmic protein precursor
506,135774,ETNP_160m_PROKKA_70651,38.75,5,1,1,,30025,Cystine-binding periplasmic protein precursor
506,135775,ETNP_120m_PROKKA_138287,38.75,5,1,1,,30025,Cystine-binding periplasmic protein precursor
506,135776,ETNP_180m_PROKKA_195553,38.75,5,1,1,,30025,Cystine-binding periplasmic protein precursor
506,135777,ETNP_300m_PROKKA_47437,38.75,5,1,1,,30025,Cystine-binding periplasmic protein precursor
265,135770,NP_85m_PROKKA_12954,38.53,4,2,2,,47350,hypothetical protein
265,135771,NP_125m_PROKKA_03444,38.53,4,2,2,,47321,hypothetical protein
189,135545,NP_300m_PROKKA_20449,37.97,7,2,1,,25788,Acetoacetyl-CoA reductase
245,135604,WP_013046577,37.91,5,2,2,,47927,glutamine synthetase Candidatus Puniceispirillum marinum
400,119453,ETNP_120m_PROKKA_285919,37.64,8,1,1,,12032,Nitrogen regulatory protein P-II
400,119695,ETNP14_120mac_PROKKA_44386,37.64,11,1,1,,9264,Nitrogen regulatory protein P-II
400,119696,NP_125m_PROKKA_03139,37.64,8,1,1,,12100,Nitrogen regulatory protein P-II
400,119697,ETNP_120m_PROKKA_199536,37.64,8,1,1,,12072,Nitrogen regulatory protein P-II
400,119698,NP_300m_PROKKA_21942,37.64,8,1,1,,11945,Nitrogen regulatory protein P-II
339,135554,ETNP_180m_PROKKA_20039,37.57,7,1,1,,18385,Cytochrome c6
339,135555,ETNP_160m_PROKKA_60859,37.57,7,1,1,,18385,Cytochrome c6
339,135556,NP_85m_PROKKA_03143,37.57,7,1,1,,18346,Cytochrome c6
339,135557,ETNP14_120maa_PROKKA_05362,37.57,7,1,1,,18346,Cytochrome c6
339,135558,NP_125m_PROKKA_01167,37.57,7,1,1,,18398,Cytochrome c6
339,135559,ETNP_120m_particle_PROKKA_228611,37.57,7,1,1,,18346,Cytochrome c6
339,135560,NP_300m_PROKKA_08374,37.57,7,1,1,,18356,Cytochrome c6
339,135561,ETNP_110m_PROKKA_02811,37.57,7,1,1,,18346,Cytochrome c6
339,135562,ETNP_100m_PROKKA_41942,37.57,7,1,1,,18346,Cytochrome c6
339,135681,ETNP_100m_PROKKA_82749,37.57,8,1,1,,17723,Cytochrome c6
339,135682,ETNP_120m_PROKKA_92336,37.57,7,1,1,,18088,Cytochrome c6
339,135683,ETNP14_120mab_PROKKA_19885,37.57,7,1,1,,18106,Cytochrome c
339,135684,ETNP_140m_PROKKA_48552,37.57,7,1,1,,18088,Cytochrome c6
339,135685,ETNP_180m_PROKKA_154920,37.57,7,1,1,,18088,Cytochrome c6
339,135782,ETNP_300m_PROKKA_127148,37.57,14,1,1,,8975,hypothetical protein
339,135783,ETNP_140m_PROKKA_131623,37.57,11,1,1,,11653,Cytochrome c6
339,135784,ETNP14_120mab_PROKKA_141238,37.57,8,1,1,,15441,Cytochrome c
339,135785,ETNP_300m_PROKKA_100371,37.57,8,1,1,,15997,Cytochrome c
339,135786,NP_300m_PROKKA_50679,37.57,8,1,1,,15608,Cytochrome c2 iso-2
339,135787,ETNP_300m_PROKKA_148656,37.57,7,1,1,,17574,Cytochrome c6
339,135788,NP_300m_PROKKA_20375,37.57,7,1,1,,17574,Cytochrome c6
339,135789,ETNP_160m_PROKKA_138985,37.57,7,1,1,,17405,Cytochrome c2 iso-2
339,135790,ETNP_180m_PROKKA_09424,37.57,7,1,1,,17574,Cytochrome c6
339,135791,ETNP_160m_PROKKA_117454,37.57,7,1,1,,17574,Cytochrome c6
339,135792,ETNP14_120mab_PROKKA_50828,37.57,7,1,1,,17828,Cytochrome c
339,135793,ETNP_140m_PROKKA_55693,37.57,7,1,1,,17619,Cytochrome c2 iso-2
339,135794,ETNP_120m_PROKKA_238272,37.57,7,1,1,,17658,Cytochrome c6
339,135795,ETNP_180m_PROKKA_93678,37.57,7,1,1,,19568,Cytochrome c
339,135796,ETNP_120m_free_PROKKA_305630,37.57,7,1,1,,19568,Cytochrome c
339,135797,ETNP_120m_PROKKA_94908,37.57,6,1,1,,20312,Cytochrome c6
340,135563,ETNP14_120maa_PROKKA_12468,37.49,1,1,1,,101821,catecholate siderophore receptor CirA
340,135694,ETNP_110m_PROKKA_20997,37.49,1,1,1,,87135,Vitamin B12 transporter BtuB
340,135695,NP_300m_PROKKA_06619,37.49,1,1,1,,90606,catecholate siderophore receptor CirA
340,135798,ETNP_120m_PROKKA_161356,37.49,9,1,1,,12015,hypothetical protein
340,135799,NP_100m_PROKKA_02200,37.49,9,1,1,,12391,hypothetical protein
340,135800,ETNP14_120mab_PROKKA_128685,37.49,5,1,1,,19212,hypothetical protein
340,135801,ETNP_100m_PROKKA_88916,37.49,4,1,1,,27969,hypothetical protein
340,135802,ETNP14_68mB_PROKKA_100941,37.49,4,1,1,,28712,hypothetical protein
340,135803,NP_85m_PROKKA_13640,37.49,3,1,1,,34099,Vitamin B12 transporter BtuB
340,135804,ETNP_140m_PROKKA_147358,37.49,3,1,1,,43332,Vitamin B12 transporter BtuB
340,135805,NP_125m_PROKKA_01744,37.49,2,1,1,,48513,catecholate siderophore receptor CirA
507,135806,ETNP_100m_particle_PROKKA_154545,37.41,21,1,1,,7607,hypothetical protein
507,135807,ETNP_120m_particle_PROKKA_54834,37.41,21,1,1,,7607,hypothetical protein
507,135808,NP_100m_PROKKA_24656,37.41,21,1,1,,7607,hypothetical protein
507,135809,ETNP_110m_PROKKA_34248,37.41,21,1,1,,7607,hypothetical protein
507,135810,ETNP_140m_PROKKA_127694,37.41,21,1,1,,7607,hypothetical protein
507,135811,ETNP14_68mB_PROKKA_83130,37.41,21,1,1,,7607,hypothetical protein
507,135812,ETNP14_120maa_PROKKA_134563,37.41,20,1,1,,7748,hypothetical protein
266,27418,XP_003063220,37.19,7,1,1,,13018,predicted protein partial  Micromonas pusilla CCMP1545
266,27423,ETNP_120m_particle_PROKKA_169132,37.19,7,1,1,,13824,Core histone H2A/H2B/H3/H4
230,4777,ETNP_150m_particle_PROKKA_45722,36.66,2,1,1,,63083,N-substituted formamide deformylase precursor
230,4779,ETNP_100m_particle_PROKKA_107381,36.66,2,1,1,,64351,N-substituted formamide deformylase precursor
230,4778,ETNP_120m_free_PROKKA_84124,36.66,2,1,1,,64351,N-substituted formamide deformylase precursor
230,4780,ETNP_120m_particle_PROKKA_210611,36.66,2,1,1,,64325,N-substituted formamide deformylase precursor
197,136023,ETNP14_68mB_PROKKA_33969,36.30,8,3,0,,28034,Monocarboxylate 2-oxoacid-binding periplasmic protein precursor
203,135605,AGH57961.1,35.69,0,2,2,,690992,hypothetical protein CPJG_00209 [Synechococcus phage KBS-M-1A]
210,135822,ETNP_140m_PROKKA_161391,35.30,3,2,1,,58684,Putative K(+)-stimulated pyrophosphate-energized sodium pump
268,5177,ETNP14_68mB_PROKKA_59223,35.18,6,2,1,,33857,60 kDa chaperonin 1
508,119558,ETNP_100m_PROKKA_26028,34.72,15,1,1,,8766,hypothetical protein
508,119559,ETNP_120m_free_PROKKA_319067,34.72,8,1,1,,16445,SusD family protein
508,119560,ETNP_180m_PROKKA_63794,34.72,8,1,1,,16445,SusD family protein
508,119561,NP_85m_PROKKA_22965,34.72,5,1,1,,28702,SusD family protein
508,119472,NP_300m_PROKKA_35821,34.72,5,1,1,,28745,SusD family protein
508,119562,ETNP_140m_PROKKA_50590,34.72,4,1,1,,35368,SusD family protein
508,119563,ETNP_110m_PROKKA_02482,34.72,3,1,1,,47407,SusD family protein
508,119564,NP_125m_PROKKA_00889,34.72,3,1,1,,47398,SusD family protein
508,119565,ETNP14_120maa_PROKKA_45980,34.72,3,1,1,,47407,SusD family protein
267,135845,WP_013045597,34.69,2,1,1,,42469,FAD linked oxidase Candidatus Puniceispirillum marinum
401,119587,WP_023559910,34.66,1,1,1,,84208,TonB-dependent receptor Alteromonas mediterranea
509,135847,ETNP_70m_PROKKA_82772,34.18,6,1,1,,14343,hypothetical protein
300,4357,NP_125m_PROKKA_01652,33.99,4,1,1,,30115,hypothetical protein
517,135898,KHE91315,33.41,2,1,1,,47143,argininosuccinate synthase Candidatus Scalindua brodae
247,135911,ETNP_120m_PROKKA_192201,33.40,7,2,0,,32576,60 kDa chaperonin 1
510,135872,ETNP_120m_PROKKA_30673,33.22,6,1,1,,19967,hypothetical protein
512,135878,ETNP_160m_PROKKA_146104,32.73,3,1,1,,28253,putative ABC transporter ATP-binding protein YlmA
511,135877,ETNP_70m_PROKKA_54869,32.46,16,1,1,,5160,hypothetical protein
248,135927,ETNP14_120maa_PROKKA_152256,32.22,6,2,0,,40817,60 kDa chaperonin 5
288,120206,WP_015348269,32.18,0,1,1,,821688,non-ribosomal peptide synthetase Myxococcus stipitatus
289,101857,XP_003074464,31.93,0,1,1,,632462,MDN1 midasin homolog ISS  Ostreococcus tauri
272,107524,ETNP_160m_PROKKA_146664,31.83,16,2,2,,12138,Core histone H2A/H2B/H3/H4
272,108302,ETNP_120m_particle_PROKKA_115784,31.83,16,2,2,,12082,Core histone H2A/H2B/H3/H4
272,107525,ETNP_140m_PROKKA_143912,31.83,16,2,2,,12112,Core histone H2A/H2B/H3/H4
272,107833,ETNP_120m_particle_PROKKA_41045,31.83,16,2,2,,12049,Core histone H2A/H2B/H3/H4
272,107526,ETNP_120m_particle_PROKKA_35033,31.83,12,2,2,,15175,Core histone H2A/H2B/H3/H4
272,107527,ETNP_180m_PROKKA_17685,31.83,11,2,2,,17568,Core histone H2A/H2B/H3/H4
513,135879,ETNP_140m_PROKKA_22376,31.76,1,1,1,,88639,Multidrug resistance protein MexB
276,136111,WP_015798081,31.70,2,2,0,,45375,peptidase M50 Acidimicrobium ferrooxidans
514,135880,ETNP_300m_PROKKA_178113,31.51,3,1,1,,35241,Major intracellular serine protease precursor
516,135889,YP_004323422.1,31.22,10,1,1,,9316,hypothetical protein PHM2_053 [Prochlorococcus phage P-HM2]
516,135890,ADO99831.1,31.22,10,1,1,,9316,hypothetical protein PHM2_053 [Prochlorococcus phage P-HM2]
515,135887,ETNP_300m_PROKKA_112215,31.17,5,1,1,,24159,Methionine synthase
403,4434,ETNP_90m_PROKKA_127540,31.15,1,1,1,,77111,hypothetical protein
343,135603,ETNP_120m_PROKKA_283023,30.89,2,1,1,,59008,Periplasmic dipeptide transport protein precursor
343,135907,ETNP_180m_PROKKA_120476,30.89,4,1,1,,38932,Heme-binding protein A precursor
404,119449,NP_300m_PROKKA_02134,30.47,4,1,1,,36297,General L-amino acid-binding periplasmic protein AapJ precursor
404,121935,NP_100m_PROKKA_06287,30.47,4,1,1,,36393,General L-amino acid-binding periplasmic protein AapJ precursor
404,121936,NP_85m_PROKKA_15266,30.47,4,1,1,,36389,General L-amino acid-binding periplasmic protein AapJ precursor
404,121937,ETNP_90m_PROKKA_32022,30.47,4,1,1,,36389,General L-amino acid-binding periplasmic protein AapJ precursor
344,135631,WP_012910604,30.34,2,1,1,,55413,MFS transporter Pirellula staleyi
301,85823,AOO12278.1,29.77,0,1,1,,371855,structural protein [Cyanophage S-RIM44]
142,27656,NP_864966,29.68,2,1,1,,42847,hexosyltransferase Rhodopirellula baltica SH 1
211,122895,ETNP14_68maa_PROKKA_18828,29.54,7,2,1,,38040,Alpha-keto acid-binding periplasmic protein TakP precursor
273,1712,ETNP_100m_particle_PROKKA_07518,29.49,24,2,2,,7412,Core histone H2A/H2B/H3/H4
518,135920,ETNP14_68maa_PROKKA_04629,29.41,3,1,1,,30653,Ribokinase
342,135592,ETNP14_120maa_PROKKA_99994,29.40,3,1,1,,41974,Monocarboxylate 2-oxoacid-binding periplasmic protein precursor
342,135593,ETNP_110m_PROKKA_51338,29.40,3,1,1,,41974,Monocarboxylate 2-oxoacid-binding periplasmic protein precursor
342,135594,NP_300m_PROKKA_14696,29.40,3,1,1,,41974,Monocarboxylate 2-oxoacid-binding periplasmic protein precursor
342,135827,ETNP_120m_particle_PROKKA_08488,29.40,3,1,1,,36254,Monocarboxylate 2-oxoacid-binding periplasmic protein precursor
342,135828,ETNP_110m_PROKKA_05299,29.40,3,1,1,,37409,Monocarboxylate 2-oxoacid-binding periplasmic protein precursor
342,135829,ETNP_100m_PROKKA_90867,29.40,3,1,1,,37425,Monocarboxylate 2-oxoacid-binding periplasmic protein precursor
342,135830,ETNP14_120maa_PROKKA_133328,29.40,3,1,1,,37427,Monocarboxylate 2-oxoacid-binding periplasmic protein precursor
342,135831,ETNP_150m_particle_PROKKA_43016,29.40,3,1,1,,41061,Monocarboxylate 2-oxoacid-binding periplasmic protein precursor
342,135832,NP_85m_PROKKA_14878,29.40,3,1,1,,41061,Monocarboxylate 2-oxoacid-binding periplasmic protein precursor
342,135833,ETNP_110m_PROKKA_43032,29.40,3,1,1,,41061,Monocarboxylate 2-oxoacid-binding periplasmic protein precursor
342,135834,NP_300m_PROKKA_12590,29.40,3,1,1,,41061,Monocarboxylate 2-oxoacid-binding periplasmic protein precursor
342,135835,ETNP_100m_particle_PROKKA_92303,29.40,3,1,1,,41061,Monocarboxylate 2-oxoacid-binding periplasmic protein precursor
342,135836,ETNP14_68maa_PROKKA_102569,29.40,3,1,1,,41047,Monocarboxylate 2-oxoacid-binding periplasmic protein precursor
342,135837,NP_300m_PROKKA_32565,29.40,3,1,1,,41040,Monocarboxylate 2-oxoacid-binding periplasmic protein precursor
342,135918,ETNP_100m_particle_PROKKA_79040,29.40,5,1,1,,22465,Monocarboxylate 2-oxoacid-binding periplasmic protein precursor
342,135919,ETNP_140m_PROKKA_148788,29.40,4,1,1,,33503,Monocarboxylate 2-oxoacid-binding periplasmic protein precursor
405,88328,ETNP_300m_PROKKA_99738,29.15,5,1,1,,31177,D-ribose-binding periplasmic protein precursor
405,88329,ETNP14_120maa_PROKKA_11165,29.15,5,1,1,,31177,D-ribose-binding periplasmic protein precursor
405,88330,ETNP_180m_PROKKA_149714,29.15,5,1,1,,31177,D-ribose-binding periplasmic protein precursor
405,88331,ETNP_120m_PROKKA_139834,29.15,5,1,1,,31177,D-ribose-binding periplasmic protein precursor
405,135921,ETNP_160m_PROKKA_184316,29.15,9,1,1,,15862,hypothetical protein
519,135923,XP_003062986,29.14,2,1,1,,57062,predicted protein  Micromonas pusilla CCMP1545
406,135924,XP_003083875,29.10,3,1,1,,42627,unnamed protein product  Ostreococcus tauri
269,34219,KUK50408,29.04,2,1,1,,65827,Chaperone protein HtpG Marinimicrobia bacterium 46_47
269,59229,WP_015403860,29.04,2,1,1,,70179,molecular chaperone of HSP90 family Desulfocapsa sulfexigens
269,34220,KUK91805,29.04,2,1,1,,72315,molecular chaperone of HSP90 family Marinimicrobia bacterium 46_43
269,135929,ETNP_70m_PROKKA_129052,29.04,2,1,1,,73971,Chaperone protein HtpG
269,2108,EJK51577,29.04,2,1,1,,80646,hypothetical protein THAOC_29237  Thalassiosira oceanica
317,119767,ETNP_120m_free_PROKKA_286157,28.62,4,1,1,,29890,Cystine-binding periplasmic protein precursor
317,119768,ETNP_300m_PROKKA_185810,28.62,4,1,1,,29890,Cystine-binding periplasmic protein precursor
317,119766,ETNP_120m_PROKKA_94179,28.62,4,1,1,,29946,Cystine-binding periplasmic protein precursor
317,119769,ETNP_160m_PROKKA_145456,28.62,4,1,1,,30878,Cystine-binding periplasmic protein precursor
317,119765,ETNP_180m_PROKKA_19977,28.62,5,1,1,,23526,Cystine-binding periplasmic protein precursor
317,119764,ETNP_120m_particle_PROKKA_104136,28.62,11,1,1,,11372,cystine transporter subunit
222,135633,ETNP_120m_PROKKA_154109,28.29,1,1,1,,102363,DNA-directed RNA polymerase subunit beta'
222,135634,ETNP_180m_PROKKA_63194,28.29,1,1,1,,106888,DNA-directed RNA polymerase subunit beta'
222,135909,ETNP_300m_PROKKA_101968,28.29,6,1,1,,17688,DNA-directed RNA polymerase subunit beta'
222,135910,ETNP_160m_PROKKA_36615,28.29,4,1,1,,29370,DNA-directed RNA polymerase subunit beta'
346,135712,ETNP_160m_PROKKA_59969,27.82,2,1,1,,41788,Hexuronate transporter
346,135713,ETNP_140m_PROKKA_134323,27.82,2,1,1,,41788,Hexuronate transporter
346,135714,ETNP_180m_PROKKA_156122,27.82,1,1,1,,72549,NADP-dependent 3-hydroxy acid dehydrogenase YdfG
346,135946,ETNP_120m_free_PROKKA_49293,27.82,6,1,1,,16309,Major Facilitator Superfamily protein
346,135947,ETNP_120m_free_PROKKA_57283,27.82,4,1,1,,27328,Major Facilitator Superfamily protein
346,135948,ETNP_160m_PROKKA_213050,27.82,3,1,1,,35409,Multidrug resistance protein MdtH
346,135949,ETNP_300m_PROKKA_118216,27.82,2,1,1,,42292,Hexuronate transporter
253,136156,ETNP14_120maa_PROKKA_35683,27.73,3,2,2,,44396,Argininosuccinate synthase
521,135953,WP_031442295,27.45,2,1,1,,41244,hypothetical protein  Arenibacter algicola
290,119143,ETNP14_120maa_PROKKA_65555,27.39,2,1,1,,42263,maltose ABC transporter periplasmic protein
290,119144,NP_100m_PROKKA_09882,27.39,2,1,1,,42263,maltose ABC transporter periplasmic protein
522,135968,ETNP_120m_free_PROKKA_67173,26.92,3,1,1,,26186,hypothetical protein
224,135974,WP_015405122,26.90,3,2,2,,55365,formate hydrogenlyase subunit 3multisubunit Na+H+ antiporter  MnhD subunit Desulfocapsa sulfexigens
410,658,ETNP14_120maa_PROKKA_40215,26.87,0,1,1,,181476,Multicopper oxidase
202,135973,WP_011282049,26.84,0,2,2,,754590,hypothetical protein Candidatus Pelagibacter ubique
523,110433,XP_003056975,26.48,1,1,1,,88747,predicted protein  Micromonas pusilla CCMP1545
411,135943,EJK55080,26.37,1,1,1,,86249,hypothetical protein THAOC_25221  Thalassiosira oceanica
409,135931,KJS06120,26.36,4,1,1,,27415,hypothetical protein VR77_06320 Flavobacteriales bacterium BRH_c54
302,107208,ETNP_300m_PROKKA_181318,26.29,1,1,1,,134406,PA14 domain protein
302,107209,ETNP_120m_PROKKA_73982,26.29,2,1,1,,62024,hypothetical protein
302,107210,ETNP_160m_PROKKA_177189,26.29,2,1,1,,63035,hypothetical protein
302,107211,ETNP_180m_PROKKA_46290,26.29,1,1,1,,92714,hypothetical protein
412,135956,NP_85m_PROKKA_02383,26.13,1,1,1,,116047,preprotein translocase subunit SecA
318,135756,ETNP_120m_PROKKA_190195,25.99,2,1,1,,36786,hypothetical protein
304,135972,WP_007232953,25.80,7,1,1,,13676,hypothetical protein gamma proteobacterium HTCC2207
524,136022,ETNP_120m_free_PROKKA_66774,25.60,8,1,1,,11442,50S ribosomal protein L24
352,135979,ETNP14_68maa_PROKKA_168476,25.54,3,1,1,,26945,hypothetical protein
205,136059,EJK62463,25.36,1,2,2,,338368,hypothetical protein THAOC_16927 partial  Thalassiosira oceanica
204,85363,WP_009603635,25.24,0,2,2,,751510,hemolysin-type calcium-binding region SAR116 cluster alpha proteobacterium HIMB100
525,136026,ETNP_300m_PROKKA_17923,25.14,4,1,1,,24774,Isopenicillin N epimerase
525,136028,NP_865148,25.14,1,1,1,,64059,hypothetical protein RB2789 Rhodopirellula baltica SH 1
232,136050,ETNP_120m_particle_PROKKA_61805,25.09,6,2,2,,32545,putative siderophore transport system permease protein YfhA
232,121036,ETNP_120m_PROKKA_256136,25.09,6,2,2,,32511,putative siderophore transport system permease protein YfhA
232,136051,ETNP_100m_particle_PROKKA_109881,25.09,6,2,2,,32545,putative siderophore transport system permease protein YfhA
526,136027,ETNP_120m_particle_PROKKA_16362,25.03,5,1,1,,18652,hypothetical protein
223,135902,NP_300m_PROKKA_12926,24.95,2,1,1,,48675,Phosphate transport system permease protein PstC
223,136030,WP_014472970,24.95,3,1,1,,33270,phosphate ABC transporter permease Arcobacter sp L
413,136039,ETNP_120m_free_PROKKA_221499,24.32,11,1,1,,8320,hypothetical protein
413,136070,ETNP_120m_PROKKA_174497,24.32,15,1,1,,6080,hypothetical protein
413,136071,ETNP_150m_particle_PROKKA_43794,24.32,15,1,1,,6080,hypothetical protein
249,136041,ETNP14_120maa_PROKKA_105758,24.26,1,1,1,,66885,hypothetical protein
249,136042,ETNP14_68maa_PROKKA_16692,24.26,1,1,1,,108575,hypothetical protein
249,136043,ETNP_90m_PROKKA_195674,24.26,1,1,1,,109341,hypothetical protein
348,135958,WP_012843994,23.99,2,1,1,,60253,sodiumsolute symporter Rhodothermus marinus
531,107848,ETNP_180m_PROKKA_18150,23.83,4,1,1,,25383,Glucans biosynthesis protein C
531,136082,ETNP_120m_PROKKA_335635,23.83,3,1,1,,34612,Glucans biosynthesis protein C
532,136090,ETNP14_68maa_PROKKA_154788,23.46,3,1,1,,27954,hypothetical protein
282,136638,WP_013961500,23.46,3,2,1,,70541,beta-galactosidase Roseobacter litoralis
255,136186,ETNP_160m_PROKKA_194425,23.38,4,2,2,,45574,Ribosomal RNA small subunit methyltransferase B
303,135933,ETNP14_120maa_PROKKA_28334,23.29,1,1,1,,140437,DNA-directed RNA polymerase subunit beta'
533,136093,ETNP14_68maa_PROKKA_178411,23.08,7,1,1,,13067,TraB family protein
533,136095,ETNP_120m_free_PROKKA_249862,23.08,2,1,1,,45937,Putative teichuronic acid biosynthesis glycosyltransferase TuaH
534,136096,ETNP14_68mB_PROKKA_00529,22.98,3,1,1,,37080,3-oxoacyl-[acyl-carrier-protein] synthase 3
294,135945,WP_008257215,22.90,1,1,1,,269272,T9SS C-terminal target domain-containing protein Flavobacteria bacterium BAL38
535,136103,ETNP_160m_PROKKA_140962,22.83,3,1,1,,34598,NAD(P)H-quinone oxidoreductase subunit 2  chloroplastic
535,136104,ETNP_300m_PROKKA_172314,22.83,2,1,1,,49804,NAD(P)H-quinone oxidoreductase subunit 2  chloroplastic
542,136134,ETNP14_120maa_PROKKA_183708,22.67,2,1,1,,34954,leucine/isoleucine/valine transporter permease subunit
542,136138,NP_300m_PROKKA_11507,22.67,2,1,1,,38496,leucine/isoleucine/valine transporter permease subunit
350,135971,ETNP_160m_PROKKA_38444,22.30,3,1,1,,51782,putative FAD-linked oxidoreductase
537,136110,ETNP_180m_PROKKA_230671,22.19,10,1,1,,10933,Enamine/imine deaminase
353,135982,ETNP_120m_particle_PROKKA_38694,22.11,1,1,1,,73425,6-phosphogluconolactonase
538,136119,ETNP14_120maa_PROKKA_182613,21.75,3,1,1,,30850,Fatty acid desaturase
539,136122,ETNP_120m_free_PROKKA_238134,21.65,7,1,1,,17928,hypothetical protein
539,136123,ETNP_120m_particle_PROKKA_75574,21.65,7,1,1,,17928,hypothetical protein
539,136124,ETNP_140m_PROKKA_35370,21.65,7,1,1,,17928,hypothetical protein
414,136053,NP_100m_PROKKA_12826,21.63,7,1,1,,21475,hypothetical protein
414,136125,ETNP14_120mac_PROKKA_38387,21.63,19,1,1,,7463,hypothetical protein
541,136128,WP_013963558,21.44,3,1,1,,43009,ABC transporter substrate-binding protein Roseobacter litoralis
251,136137,WP_038548786,20.97,4,1,1,,22182,succinate dehydrogenase Synechococcus sp KORDI-100
547,136143,ETNP14_68maa_PROKKA_170487,20.95,9,1,1,,7283,Cold shock protein CspA
252,136153,ETNP_100m_particle_PROKKA_43913,20.92,1,1,1,,49695,DNA polymerase II
212,86449,ETNP14_68mB_PROKKA_59350,20.91,5,1,1,,17061,hypothetical protein
544,136140,ETNP_70m_PROKKA_13391,20.75,3,1,1,,34255,MORN repeat protein
417,136073,ETNP_120m_free_PROKKA_169251,20.74,2,1,1,,79422,hypothetical protein
546,136142,ETNP_120m_particle_PROKKA_182468,20.69,1,1,1,,128544,Nitrate reductase alpha subunit
551,136151,WP_007232285,20.69,1,1,1,,106195,2-oxoglutarate dehydrogenase E1 gamma proteobacterium HTCC2207
385,136419,ETNP_180m_PROKKA_180230,20.49,0,1,0,,146813,hypothetical protein
552,136175,ETNP14_68maa_PROKKA_193613,20.30,10,1,1,,12416,hypothetical protein
553,136177,ETNP14_68maa_PROKKA_98441,20.26,2,1,1,,49913,Polysialic acid transport protein KpsD precursor
250,136133,ETNP_70m_PROKKA_101406,20.17,5,1,1,,20117,DNA polymerase III subunit epsilon
425,136180,ETNP_90m_PROKKA_116008,20.12,6,1,1,,17949,Putative oxidoreductase MhqP
425,136181,ETNP14_120maa_PROKKA_156457,20.12,6,1,1,,17949,Putative oxidoreductase MhqP
355,85546,WP_013261954,20.10,2,1,1,,36232,tRNA synthetase class II D  K and N gamma proteobacterium HdN1
355,85762,ETNP_120m_PROKKA_142820,20.10,11,1,1,,8282,hypothetical protein
355,85763,ETNP_180m_PROKKA_231606,20.10,11,1,1,,8478,hypothetical protein
355,85764,ETNP_140m_PROKKA_161195,20.10,11,1,1,,8494,hypothetical protein
355,85772,ETNP_300m_PROKKA_12163,20.10,2,1,1,,40918,PBS lyase HEAT-like repeat protein
