Protein Group,Protein ID,Accession,-10lgP,Coverage (%),#Peptides,#Unique,PTM,Avg. Mass,Description
2,244,XP_003062500,198.54,38,32,2,Oxidation (M); Carbamidomethylation; Carbamidomethylation (DHKE  X@N-term); Propionamide; Carbamidomethylated DTT modification; 3 more,49730,alpha tubulin  Micromonas pusilla CCMP1545
2,245,XP_003058621,198.54,38,32,2,Oxidation (M); Carbamidomethylation; Carbamidomethylation (DHKE  X@N-term); Propionamide; Carbamidomethylated DTT modification; 3 more,49730,alpha tubulin  Micromonas pusilla CCMP1545
4,257,XP_003080933,192.51,32,31,0,Oxidation (M); Carbamidomethylation; Carbamidomethylation (DHKE  X@N-term); Propionamide; Carbamidomethylated DTT modification; 3 more,52460,TBA_CHLVU Tubulin alpha chain ISS  Ostreococcus tauri
1,129,ETNP_120m_PROKKA_318382,180.93,52,33,9,Oxidation (M); Carbamidomethylation; Carbamidomethylation (DHKE  X@N-term); Hydroxylation; Acetylation (N-term); 6 more,34262,hypothetical protein
5,661,XP_003061104,178.07,34,25,4,Oxidation (M); Carbamidomethylation (DHKE  X@N-term); Hydroxylation; Ethylation; Mutation,41766,actin flagellar inner arm intermediate chain  Micromonas pusilla CCMP1545
3,261,XP_003056479,172.78,43,32,1,Oxidation (M); Carbamidomethylation; Carbamidomethylation (DHKE  X@N-term); Methylation; Ethylation; 4 more,49615,beta tubulin  Micromonas pusilla CCMP1545
9,499,WP_002807869,170.04,86,17,5,Oxidation (M); Carbamidomethylated DTT modification; Deamidation (NQ),10586,carbon dioxide-concentrating mechanism protein CcmK Prochlorococcus
9,500,NP_30m_PROKKA_04690,170.04,86,17,5,Oxidation (M); Carbamidomethylated DTT modification; Deamidation (NQ),10586,Major carboxysome shell protein 1A
10,363,WP_042850333,170.03,40,23,23,Carbamidomethylation; Methylation,52814,glutamine synthetase Prochlorococcus sp MIT 0604
8,306,ETNP_90m_PROKKA_129379,165.66,86,17,5,Oxidation (M); Carbamidomethylated DTT modification,10571,Major carboxysome shell protein 1A
8,308,ETNP14_68maa_PROKKA_192080,165.66,86,17,5,Oxidation (M); Carbamidomethylated DTT modification,10571,Major carboxysome shell protein 1A
11,1677,ETNP_90m_PROKKA_166636,164.75,39,20,6,Oxidation (M); Carbamidomethylation (DHKE  X@N-term); Ethylation; Mutation,33070,Bacterial actin-related protein
26,2240,ETNP_70m_PROKKA_142252,159.18,25,15,3,Carbamidomethylation (DHKE  X@N-term),41848,Bacterial actin-related protein
6,367,XP_003074486,157.28,27,25,0,Oxidation (M); Carbamidomethylation; Carbamidomethylation (DHKE  X@N-term); Methylation; Ethylation; 4 more,64641,TBB1_VOLCA Tubulin beta chain ISS partial  Ostreococcus tauri
7,431,XP_003074279,156.10,34,26,2,Oxidation (M); Carbamidomethylation; Carbamidomethylation (DHKE  X@N-term); Methylation; Methyl ester; 3 more,52955,TBB1_VOLCA Tubulin beta chain ISS  Ostreococcus tauri
27,577,WP_011128866,155.25,46,13,10,Oxidation (M); Carbamidomethylation (DHKE  X@N-term); Hydroxylation; Mutation,18085,C-phycoerythrin class 2 subunit beta Synechococcus
25,2723,ETNP_120m_particle_PROKKA_209581,154.24,43,11,0,Carbamidomethylation; Carbamidomethylation (DHKE  X@N-term); Deamidation (NQ); Pyro-carbamidomethyl; Mutation,14995,hypothetical protein
25,2724,ETNP_120m_particle_PROKKA_30032,154.24,42,11,0,Carbamidomethylation; Carbamidomethylation (DHKE  X@N-term); Deamidation (NQ); Pyro-carbamidomethyl; Mutation,15516,hypothetical protein
13,557,ETNP_100m_particle_PROKKA_140022,150.38,52,18,0,Oxidation (M); Mutation,11381,Core histone H2A/H2B/H3/H4
14,417,ETNP_70m_PROKKA_32300,147.44,86,14,2,Oxidation (M); Carbamidomethylated DTT modification; Methyl ester,10572,Major carboxysome shell protein 1A
14,418,ETNP_60m_PROKKA_33131,147.44,86,14,2,Oxidation (M); Carbamidomethylated DTT modification; Methyl ester,10572,Major carboxysome shell protein 1A
12,541,XP_003074685,146.77,19,18,1,Oxidation (M); Mutation,31136,Histone H4 ISS  Ostreococcus tauri
12,520,XP_003063038,146.77,52,18,1,Oxidation (M); Mutation,11395,predicted protein  Micromonas pusilla CCMP1545
12,521,ETNP_90m_PROKKA_109358,146.77,52,18,1,Oxidation (M); Mutation,11367,Core histone H2A/H2B/H3/H4
12,522,ETNP_70m_PROKKA_144910,146.77,52,18,1,Oxidation (M); Mutation,11395,Core histone H2A/H2B/H3/H4
12,516,ETNP_70m_PROKKA_132488,146.77,52,18,1,Oxidation (M); Mutation,11367,Core histone H2A/H2B/H3/H4
12,523,XP_003061514,146.77,52,18,1,Oxidation (M); Mutation,11395,histone H4  Micromonas pusilla CCMP1545
12,517,ETNP_120m_particle_PROKKA_44959,146.77,52,18,1,Oxidation (M); Mutation,11365,Core histone H2A/H2B/H3/H4
12,518,ETNP14_68mB_PROKKA_59955,146.77,52,18,1,Oxidation (M); Mutation,11367,Core histone H2A/H2B/H3/H4
12,519,XP_003061756,146.77,52,18,1,Oxidation (M); Mutation,11395,predicted protein  Micromonas pusilla CCMP1545
12,524,XP_003059520,146.77,52,18,1,Oxidation (M); Mutation,11395,predicted protein  Micromonas pusilla CCMP1545
15,820,EJK63755,143.91,14,17,1,Oxidation (M); Mutation,39773,hypothetical protein THAOC_15573 partial  Thalassiosira oceanica
15,811,XP_002179286,143.91,52,17,1,Oxidation (M); Mutation,11383,histone H4 isoform 1b  Phaeodactylum tricornutum CCAP 1055
15,813,EJK69577,143.91,52,17,1,Oxidation (M); Mutation,11383,hypothetical protein THAOC_09145  Thalassiosira oceanica
15,812,XP_002179505,143.91,52,17,1,Oxidation (M); Mutation,11383,histone H4 isoform 1a  Phaeodactylum tricornutum CCAP 1055
15,814,EJK72475,143.91,46,17,1,Oxidation (M); Mutation,13036,hypothetical protein THAOC_05990  Thalassiosira oceanica
18,1669,XP_003061754,142.62,33,14,14,Oxidation (M); Carbamidomethylation; Methylation; Methyl ester; Mutation,15356,histone H3  Micromonas pusilla CCMP1545
18,1670,XP_003059221,142.62,33,14,14,Oxidation (M); Carbamidomethylation; Methylation; Methyl ester; Mutation,15356,predicted protein  Micromonas pusilla CCMP1545
18,1668,XP_003061708,142.62,33,14,14,Oxidation (M); Carbamidomethylation; Methylation; Methyl ester; Mutation,15356,predicted protein  Micromonas pusilla CCMP1545
18,1672,XP_003082036,142.62,27,14,14,Oxidation (M); Carbamidomethylation; Methylation; Methyl ester; Mutation,18865,Histones H3 and H4 ISS  Ostreococcus tauri
18,1674,ETNP_100m_particle_PROKKA_140021,142.62,24,14,14,Oxidation (M); Carbamidomethylation; Methylation; Methyl ester; Mutation,21085,Core histone H2A/H2B/H3/H4
18,1667,XP_003057560,142.62,33,14,14,Oxidation (M); Carbamidomethylation; Methylation; Methyl ester; Mutation,15436,histone H3  Micromonas pusilla CCMP1545
18,1675,XP_003079482,142.62,21,14,14,Oxidation (M); Carbamidomethylation; Methylation; Methyl ester; Mutation,23974,Histones H3 and H4 ISS  Ostreococcus tauri
16,2074,XP_002180656,142.50,29,20,8,Oxidation (M); Carbamidomethylation; Phosphorylation (STY); Propionamide; Carbamidomethylated DTT modification; 2 more,49747,predicted protein  Phaeodactylum tricornutum CCAP 1055
19,1379,ETNP_100m_particle_PROKKA_11753,139.34,33,13,1,Oxidation (M); Hydroxylation; Mutation,20304,hypothetical protein
17,474,ETNP_100m_particle_PROKKA_82300,138.36,75,17,6,Oxidation (M); Carbamidomethylation; Carbamidomethylation (DHKE  X@N-term); Methylation; Methyl ester; Mutation,14624,Tubulin/FtsZ family  GTPase domain
29,1906,ETNP_100m_particle_PROKKA_55047,132.01,15,8,8,Pyro-glu from Q; Deamidation (NQ),9588,hypothetical protein
32,397,WP_042850283,131.29,13,10,10,Carbamidomethylation; Carbamidomethylation (DHKE  X@N-term); Carboxymethyl,46077,ABC transporter substrate-binding protein Prochlorococcus sp MIT 0604
30,1880,WP_011128867,130.48,40,10,10,Mutation,17729,C-phycoerythrin class 2 subunit alpha Synechococcus
23,943,ETNP_100m_particle_PROKKA_145656,127.00,37,12,4,Carbamidomethylation; Deamidation (NQ); Carbamylation,17714,hypothetical protein
21,2934,ETNP_70m_PROKKA_120394,126.16,41,10,4,Oxidation (M); Dehydration; Amidation; Methyl ester; Pyro-glu from Q; Mutation,13742,Core histone H2A/H2B/H3/H4
21,2935,XP_003080759,127.78,47,11,5,Oxidation (M); Dehydration; Amidation; Methyl ester; Pyro-glu from Q; Mutation,13731,histone H2B ISS  Ostreococcus tauri
21,2937,XP_003082252,127.78,43,11,5,Oxidation (M); Dehydration; Amidation; Methyl ester; Pyro-glu from Q; Mutation,15314,histone H2B ISS  Ostreococcus tauri
21,2938,ETNP_70m_PROKKA_54543,127.78,39,11,5,Oxidation (M); Dehydration; Amidation; Methyl ester; Pyro-glu from Q; Mutation,16840,Core histone H2A/H2B/H3/H4
21,2931,XP_003062035,127.78,51,11,5,Oxidation (M); Dehydration; Amidation; Methyl ester; Pyro-glu from Q; Mutation,12701,predicted protein  Micromonas pusilla CCMP1545
21,2932,XP_003058519,127.78,51,11,5,Oxidation (M); Dehydration; Amidation; Methyl ester; Pyro-glu from Q; Mutation,12701,predicted protein  Micromonas pusilla CCMP1545
21,2933,XP_003055512,127.78,51,11,5,Oxidation (M); Dehydration; Amidation; Methyl ester; Pyro-glu from Q; Mutation,12701,histone H2B  Micromonas pusilla CCMP1545
44,85272,WP_025935256,120.73,16,6,6,,38768,dihydroorotate oxidase Prochlorococcus
20,1612,ETNP_100m_particle_PROKKA_00069,120.14,79,11,11,Oxidation (M); Pyro-glu from Q; Deamidation (NQ),5311,hypothetical protein
31,294,ETNP14_68maa_PROKKA_10583,119.97,21,13,2,Mutation,50892,Major capsid protein Gp23
22,99924,XP_002185730,119.55,16,10,3,Oxidation (M); Carbamidomethylation; Sodium adduct,49582,predicted protein  Phaeodactylum tricornutum CCAP 1055
24,1260,WP_038651783,117.83,27,9,1,Oxidation (M); Carbamidomethylated DTT modification; Mutation,18857,carboxysome shell protein Prochlorococcus sp MIT 0801
39,57386,ETNP_120m_particle_PROKKA_72900,117.20,15,11,0,Mutation,50373,Major capsid protein Gp23
36,2915,ETNP_90m_PROKKA_183406,112.15,23,6,1,Mutation,13120,Core histone H2A/H2B/H3/H4
36,2916,ETNP_70m_PROKKA_90241,112.15,23,6,1,Mutation,13147,Core histone H2A/H2B/H3/H4
40,322,WP_011818757,112.08,17,8,5,Oxidation (M),50499,photosystem II reaction center protein Prochlorococcus
42,653,AIR93447.1,111.62,15,10,0,,51131,putative precursor of major head subunit [Prochlorococcus phage P-TIM68]
42,654,YP_009213621.1,111.62,15,10,0,,51131,putative precursor of major head subunit [Prochlorococcus phage P-TIM68]
46,970,WP_011128875,108.85,34,6,4,Oxidation (M); Acetylation (TSCYH); Mutation,19147,bleomycin hydrolase Synechococcus
47,982,AGH07461.1,102.95,16,9,2,Michael addition with methylamine,50091,hypothetical protein CYVG_00017 [Cyanophage S-SSM6a]
34,85267,WP_011818131,102.77,15,5,5,Pyro-glu from Q; Deamidation (NQ),38681,dihydroorotate oxidase Prochlorococcus
34,85268,NP_30m_PROKKA_04661,102.77,15,5,5,Pyro-glu from Q; Deamidation (NQ),38681,Divinyl chlorophyll a/b light-harvesting protein PcbA
73,1828,YP_007673882.1,100.21,9,3,2,,40191,photosystem II reaction center D2 [Prochlorococcus phage MED4-213]
73,1829,AGH26237.1,100.21,9,3,2,,40191,photosystem II reaction center D2 [Prochlorococcus phage MED4-213]
73,1826,YP_004323582.1,100.21,9,3,2,,40173,photosystem II D2 protein [Prochlorococcus phage P-HM2]
73,1827,ADO99991.1,100.21,9,3,2,,40173,photosystem II D2 protein [Prochlorococcus phage P-HM2]
73,1831,YP_009213745.1,100.21,9,3,2,,40145,photosystem II D2 protein [Prochlorococcus phage P-TIM68]
73,1832,AIR93570.1,100.21,9,3,2,,40145,photosystem II D2 protein [Prochlorococcus phage P-TIM68]
73,1823,ETNP14_68mB_PROKKA_139370,100.21,30,3,2,,12288,Photosystem II D2 protein
73,57425,ETNP_70m_PROKKA_05760,100.21,23,3,2,,15957,Photosystem II D2 protein
73,1824,ETNP14_68maa_PROKKA_132678,100.21,20,3,2,,18221,Photosystem II D2 protein
73,1825,NP_30m_PROKKA_13747,100.21,14,3,2,,26457,Photosystem II D2 protein
73,152507,WP_011294855,100.21,9,3,2,,39928,photosystem II reaction centre protein PsbDD2 Prochlorococcus
73,1830,NP_30m_PROKKA_03021,100.21,9,3,2,,39975,Photosystem II D2 protein
73,57426,WP_002807316,100.21,9,3,2,,39975,photosystem II D2 protein Prochlorococcus
28,27422,ETNP_70m_PROKKA_64991,99.02,38,10,2,Methyl ester,13534,Core histone H2A/H2B/H3/H4
54,85269,YP_007673748.1,93.04,10,6,0,,48896,major capsid protein [Prochlorococcus phage MED4-213]
54,85270,AGH26103.1,93.04,10,6,0,,48896,major capsid protein [Prochlorococcus phage MED4-213]
48,324,WP_002805854,92.80,13,7,7,Carbamidomethylation,52574,ribulose bisphosphate carboxylase large chain Prochlorococcus
48,323,ETNP_70m_PROKKA_32299,92.80,13,7,7,Carbamidomethylation,52544,Ribulose bisphosphate carboxylase large chain
48,62,ETNP_120m_PROKKA_157084,92.80,13,7,7,Carbamidomethylation,52559,Ribulose bisphosphate carboxylase large chain 2
48,329,WP_011294510,92.80,13,7,7,Carbamidomethylation,52427,ribulose bisphosphate carboxylase large chain Prochlorococcus
48,61,ETNP_100m_PROKKA_41674,92.80,13,7,7,Carbamidomethylation,52559,Ribulose bisphosphate carboxylase large chain 2
48,331,WP_036914423,92.80,13,7,7,Carbamidomethylation,52572,ribulose 1 5-bisphosphate carboxylase Prochlorococcus
48,60,ETNP_140m_PROKKA_14166,92.80,13,7,7,Carbamidomethylation,52555,Ribulose bisphosphate carboxylase large chain 2
48,330,WP_011130576,92.80,13,7,7,Carbamidomethylation,52573,ribulose bisphosphate carboxylase large chain Prochlorococcus marinus
48,63,ETNP_90m_PROKKA_04313,92.80,12,7,7,Carbamidomethylation,57169,Ribulose bisphosphate carboxylase large chain 2
48,82,ETNP_100m_particle_PROKKA_06862,92.80,17,7,7,Carbamidomethylation,40069,Ribulose bisphosphate carboxylase large chain
48,84,ETNP14_68mB_PROKKA_04349,92.80,17,7,7,Carbamidomethylation,40119,Ribulose bisphosphate carboxylase large chain
35,27433,ETNP_70m_PROKKA_20132,92.63,21,8,1,Methyl ester,19618,Core histone H2A/H2B/H3/H4
56,2518,ETNP_60m_PROKKA_10329,92.53,8,6,0,,55748,Major capsid protein Gp23
51,57429,YP_004323491.1,91.20,10,6,0,,49130,precursor of major head subunit [Prochlorococcus phage P-HM2]
51,57430,ADO99900.1,91.20,10,6,0,,49130,precursor of major head subunit [Prochlorococcus phage P-HM2]
37,3058,EJK63020,90.06,13,11,1,Oxidation (M); Carbamidomethylation (DHKE  X@N-term); Mutation,68429,hypothetical protein THAOC_16346  Thalassiosira oceanica
53,1445,ETNP_120m_particle_PROKKA_205916,89.56,13,6,0,,38608,Major capsid protein Gp23
104,1161,ETNP14_68mB_PROKKA_42367,88.14,10,2,1,Methylation,25693,Photosystem II D2 protein
104,1162,NP_85m_PROKKA_14780,88.14,10,2,1,Methylation,25693,Photosystem II D2 protein
41,27420,ETNP_100m_particle_PROKKA_07520,88.05,36,8,0,Methyl ester,13678,Core histone H2A/H2B/H3/H4
77,1620,WP_038547285,87.37,24,4,1,,13267,50S ribosomal protein L7L12 Synechococcus sp KORDI-100
77,1619,WP_011129193,87.37,24,4,1,,13280,50S ribosomal protein L7L12 Synechococcus
52,1451,ETNP_100m_particle_PROKKA_147118,85.74,8,6,0,Mutation,48986,Major capsid protein Gp23
63,1861,WP_011817694,85.18,24,4,1,,13244,50S ribosomal protein L7L12 Prochlorococcus
74,1448,ETNP_100m_PROKKA_89338,84.19,7,5,0,,48768,Major capsid protein Gp23
62,85306,EJK70725,82.66,12,3,1,Mutation,18225,hypothetical protein THAOC_07892  Thalassiosira oceanica
61,359,ETNP_90m_PROKKA_138320,82.64,19,5,2,Oxidation (M),18490,C-phycoerythrin class 2 subunit beta
55,152505,WP_042849726,82.48,29,6,6,,28075,photosystem II manganese-stabilizing polypeptide Prochlorococcus sp MIT 0604
55,152506,NP_30m_PROKKA_05551,82.48,27,6,6,,29771,Photosystem II manganese-stabilizing polypeptide precursor
76,85274,WP_022734572,82.28,8,4,4,,66187,sodiumsolute symporter Candidatus Pelagibacter ubique
76,85273,NP_30m_PROKKA_04047,82.28,8,4,4,,66176,Cation/acetate symporter ActP
38,85323,EJK62506,80.32,17,9,2,Phosphorylation (STY); Methyl ester; Mutation,32474,hypothetical protein THAOC_16881  Thalassiosira oceanica
43,5063,ETNP_70m_PROKKA_65164,79.72,26,9,1,Carbamidomethylation (DHKE  X@N-term); Ethylation; Methyl ester,27021,Bacterial actin-related protein
33,1712,ETNP_100m_particle_PROKKA_07518,78.71,39,6,4,,7412,Core histone H2A/H2B/H3/H4
60,1066,ETNP14_68maa_PROKKA_81779,77.29,8,5,0,,47354,Major capsid protein Gp23
45,85349,ETNP_90m_PROKKA_147772,75.71,34,8,2,,12758,Core histone H2A/H2B/H3/H4
57,85278,ETNP14_68maa_PROKKA_12099,74.22,7,5,0,Mutation,47970,Major capsid protein Gp23
57,85279,ETNP_90m_PROKKA_20127,74.22,7,5,0,Mutation,47970,Major capsid protein Gp23
57,85276,ETNP_90m_PROKKA_68694,74.22,7,5,0,Mutation,48003,Major capsid protein Gp23
57,85277,ETNP14_68maa_PROKKA_61062,74.22,7,5,0,Mutation,48003,Major capsid protein Gp23
72,1447,ETNP14_68maa_PROKKA_16985,72.48,9,4,0,,37529,Major capsid protein Gp23
69,79,WP_036911349,72.09,7,6,2,Carbamidomethylation (DHKE  X@N-term); Mutation,72034,DNA-directed RNA polymerase subunit gamma Prochlorococcus
69,126,WP_006172018,72.09,7,6,2,Carbamidomethylation (DHKE  X@N-term); Mutation,72413,DNA-directed RNA polymerase subunit gamma Synechococcus sp WH 5701
69,77,WP_038546190,72.09,7,6,2,Carbamidomethylation (DHKE  X@N-term); Mutation,72321,DNA-directed RNA polymerase subunit gamma Synechococcus sp KORDI-100
69,80,WP_011130874,72.09,7,6,2,Carbamidomethylation (DHKE  X@N-term); Mutation,72277,DNA-directed RNA polymerase subunit gamma Prochlorococcus marinus
69,103,WP_011127481,72.09,7,6,2,Carbamidomethylation (DHKE  X@N-term); Mutation,72229,DNA-directed RNA polymerase subunit gamma Synechococcus
69,166,ETNP_90m_PROKKA_50420,68.71,7,5,2,Carbamidomethylation (DHKE  X@N-term); Mutation,64201,DNA-directed RNA polymerase subunit beta'
69,243,WP_042851029,68.71,6,5,2,Carbamidomethylation (DHKE  X@N-term); Mutation,72537,DNA-directed RNA polymerase subunit gamma Prochlorococcus sp MIT 0604
69,172,ETNP14_68maa_PROKKA_84413,68.71,6,5,2,Carbamidomethylation (DHKE  X@N-term); Mutation,72102,DNA-directed RNA polymerase subunit beta'
69,127,WP_038654154,68.71,6,5,2,Carbamidomethylation (DHKE  X@N-term); Mutation,72286,DNA-directed RNA polymerase subunit gamma Prochlorococcus sp MIT 0801
50,988,ETNP_120m_particle_PROKKA_74362,71.61,18,4,1,,27086,Photosystem II 44 kDa reaction center protein
102,3432,ETNP_70m_PROKKA_71422,71.17,6,3,0,,42265,Major capsid protein Gp23
75,1673,WP_011128874,70.51,24,4,4,Formylation,17817,bleomycin hydrolase Synechococcus
101,1618,WP_011823058,69.81,16,3,1,,13260,50S ribosomal protein L7L12 Prochlorococcus
67,1003,ETNP14_120maa_PROKKA_123937,69.51,7,4,0,,47699,Major capsid protein Gp23
95,135929,ETNP_70m_PROKKA_129052,69.08,3,2,2,Methylation,73971,Chaperone protein HtpG
64,1062,ETNP_90m_PROKKA_148188,66.97,8,4,0,Mutation,32448,Major capsid protein Gp23
59,152520,NP_30m_PROKKA_21974,66.27,19,4,4,,21706,putative peroxiredoxin
59,152521,WP_025881525,66.27,19,4,4,,21706,peroxiredoxin Prochlorococcus
58,85283,ETNP_300m_PROKKA_00274,63.70,6,4,0,Mutation,46885,Major capsid protein Gp23
89,85308,XP_003082709,62.46,6,3,3,Mutation,49021,EF-1 alpha-like protein ISS  Ostreococcus tauri
89,85309,XP_003082562,62.46,6,3,3,Mutation,54178,EF-1 alpha-like protein ISS  Ostreococcus tauri
85,85280,ADO99659.1,60.67,5,3,1,,48730,precursor of major head subunit [Prochlorococcus phage Syn33]
85,85281,YP_004323731.1,60.67,5,3,1,,48730,precursor of major head subunit [Prochlorococcus phage Syn33]
108,152586,ETNP14_120mac_PROKKA_38980,59.49,10,2,2,,13362,Outer membrane lipoprotein Omp16 precursor
108,152587,ETNP_90m_PROKKA_33773,59.49,10,2,2,,14097,Peptidoglycan-associated lipoprotein precursor
108,152606,ETNP14_120mab_PROKKA_71576,59.49,6,2,2,,21058,Peptidoglycan-associated lipoprotein precursor
83,152523,NP_30m_PROKKA_11010,59.37,21,3,3,,18847,Flavodoxin
83,152524,WP_042850707,59.37,21,3,3,,18877,flavodoxin Prochlorococcus sp MIT 0604
83,152525,ETNP_60m_PROKKA_33064,59.37,21,3,3,,18849,Flavodoxin
86,1096,ETNP14_68maa_PROKKA_00486,58.94,3,5,1,Mutation,141086,DNA-directed RNA polymerase subunit beta'
78,3229,XP_002181593,58.18,4,2,2,,48056,predicted protein  Phaeodactylum tricornutum CCAP 1055
78,3230,XP_002186303,58.18,4,2,2,,48082,translation elongation factor EF-1 alpha subunit  Phaeodactylum tricornutum CCAP 1055
66,85452,ETNP_90m_PROKKA_108307,57.94,19,3,1,Mutation,14478,hypothetical protein
94,542,ETNP_60m_PROKKA_04448,56.88,16,3,3,,12354,hypothetical protein
94,543,WP_011293945,56.88,16,3,3,,12354,transcriptional regulator Prochlorococcus
94,368,ETNP_100m_particle_PROKKA_45033,51.23,8,2,2,,13968,hypothetical protein
94,370,ETNP_120m_PROKKA_207479,51.23,8,2,2,,13968,hypothetical protein
94,369,ETNP_90m_PROKKA_81200,51.23,8,2,2,,13968,hypothetical protein
94,371,ETNP_120m_free_PROKKA_153271,51.23,8,2,2,,13968,hypothetical protein
94,923,WP_038548030,51.23,9,2,2,,12865,AbrB family transcriptional regulator Synechococcus sp KORDI-100
94,4306,ETNP_120m_particle_PROKKA_195673,51.23,9,2,2,,13360,hypothetical protein
94,4307,ETNP_120m_PROKKA_216073,51.23,9,2,2,,13360,hypothetical protein
94,2272,WP_038545490,51.23,9,2,2,,12973,AbrB family transcriptional regulator Synechococcus sp KORDI-100
94,234,ETNP_140m_PROKKA_125786,51.23,9,2,2,,12752,hypothetical protein
94,224,ETNP_140m_PROKKA_61974,51.23,9,2,2,,12780,hypothetical protein
94,235,ETNP_110m_PROKKA_26060,51.23,9,2,2,,12752,hypothetical protein
94,238,ETNP14_68maa_PROKKA_115320,51.23,9,2,2,,12752,hypothetical protein
94,236,ETNP_100m_particle_PROKKA_13293,51.23,9,2,2,,12752,hypothetical protein
94,222,ETNP_90m_PROKKA_62874,51.23,9,2,2,,12780,hypothetical protein
94,225,ETNP_100m_particle_PROKKA_129096,51.23,9,2,2,,12780,hypothetical protein
94,223,ETNP_110m_PROKKA_10944,51.23,9,2,2,,12780,hypothetical protein
94,237,NP_85m_PROKKA_07695,51.23,9,2,2,,12752,hypothetical protein
94,239,ETNP_90m_PROKKA_180048,51.23,9,2,2,,12752,hypothetical protein
94,741,ETNP14_68maa_PROKKA_67735,51.23,9,2,2,,12780,hypothetical protein
94,634,WP_011129843,51.23,9,2,2,,12922,hypothetical protein Prochlorococcus
94,951,WP_011128382,51.23,9,2,2,,13024,hypothetical protein Synechococcus
94,1642,WP_038544649,51.23,9,2,2,,12813,AbrB family transcriptional regulator Synechococcus sp KORDI-100
94,635,ETNP_120m_PROKKA_125153,51.23,9,2,2,,12950,hypothetical protein
94,506,ETNP14_68mB_PROKKA_50287,51.23,9,2,2,,13363,hypothetical protein
94,1056,WP_042850021,51.23,9,2,2,,12306,AbrB family transcriptional regulator Prochlorococcus sp MIT 0604
94,3155,WP_011128960,51.23,9,2,2,,12670,hypothetical protein Synechococcus sp WH 8102
94,1271,NP_30m_PROKKA_23933,51.23,8,2,2,,14384,hypothetical protein
71,475,WP_042849808,56.73,6,3,3,,56017,photosystem II CP47 chlorophyll apoprotein Prochlorococcus sp MIT 0604
93,152526,XP_003056674,56.66,3,2,1,,60236,ATP synthase  Micromonas pusilla CCMP1545
93,152543,ETNP_70m_PROKKA_66000,56.66,3,2,1,,54925,ATP synthase subunit alpha
49,85284,ETNP14_68maa_PROKKA_65219,54.94,12,5,1,Mutation,50959,Major capsid protein Gp23
68,2328,ETNP_180m_PROKKA_21035,53.85,6,3,0,,50145,Major capsid protein Gp23
68,2326,ETNP_100m_particle_PROKKA_95828,53.85,6,3,0,,47809,Major capsid protein Gp23
106,152548,WP_042849938,52.21,6,2,2,,29194,membrane protease subunit  stomatinprohibitin Prochlorococcus sp MIT 0604
100,2923,NP_30m_PROKKA_13558,51.39,6,2,2,,28181,Taurine-binding periplasmic protein precursor
92,2753,ETNP_100m_particle_PROKKA_74716,51.19,4,3,0,,58796,Major capsid protein Gp23
103,85642,ETNP_90m_PROKKA_201271,50.72,12,2,2,,18492,EF hand
153,781,WP_041484570,49.76,8,2,2,,34180,DNA-directed RNA polymerase subunit alpha Prochlorococcus
153,251,ETNP_90m_PROKKA_141259,41.75,4,1,1,,31811,DNA-directed RNA polymerase subunit alpha
153,158,ETNP_90m_PROKKA_195974,41.75,4,1,1,,34157,DNA-directed RNA polymerase subunit alpha
153,2428,NP_85m_PROKKA_31865,41.75,28,1,1,,4403,DNA-directed RNA polymerase subunit alpha
153,2430,ETNP_90m_PROKKA_142220,41.75,19,1,1,,6435,DNA-directed RNA polymerase subunit alpha
153,2433,ETNP_160m_PROKKA_228195,41.75,13,1,1,,9141,DNA-directed RNA polymerase subunit alpha
153,2432,ETNP_60m_PROKKA_20372,41.75,13,1,1,,9251,DNA-directed RNA polymerase subunit alpha
153,2434,ETNP_140m_PROKKA_46898,41.75,12,1,1,,9952,DNA-directed RNA polymerase subunit alpha
153,1334,ETNP14_68mB_PROKKA_02962,41.75,8,1,1,,15540,DNA-directed RNA polymerase subunit alpha
153,2435,ETNP_70m_PROKKA_51105,41.75,7,1,1,,16453,DNA-directed RNA polymerase subunit alpha
153,2436,NP_30m_PROKKA_15153,41.75,5,1,1,,22899,DNA-directed RNA polymerase subunit alpha
153,374,ETNP14_68maa_PROKKA_85716,41.75,4,1,1,,34222,DNA-directed RNA polymerase subunit alpha
153,1899,WP_006173333,41.75,4,1,1,,34131,DNA-directed RNA polymerase subunit alpha Synechococcus sp WH 5701
153,509,WP_038654322,41.75,4,1,1,,34193,DNA-directed RNA polymerase subunit alpha Prochlorococcus sp MIT 0801
153,231,WP_011131122,41.75,4,1,1,,34181,DNA-directed RNA polymerase subunit alpha Prochlorococcus marinus
153,649,WP_038543109,41.75,4,1,1,,34053,DNA-directed RNA polymerase subunit alpha Synechococcus sp KORDI-100
153,650,ETNP14_68maa_PROKKA_78027,41.75,4,1,1,,34191,DNA-directed RNA polymerase subunit alpha
153,1091,WP_011128947,41.75,4,1,1,,33988,DNA-directed RNA polymerase subunit alpha Synechococcus
153,230,WP_036912688,41.75,4,1,1,,34181,DNA-directed RNA polymerase subunit alpha Prochlorococcus
153,875,ETNP_90m_PROKKA_62994,41.75,3,1,1,,36472,DNA-directed RNA polymerase subunit alpha
142,152542,ETNP_90m_PROKKA_63950,48.20,6,2,2,,38131,Glyceraldehyde-3-phosphate dehydrogenase 1
142,152545,ETNP_120m_PROKKA_147312,48.20,6,2,2,,36725,Glyceraldehyde-3-phosphate dehydrogenase 1
142,152551,ETNP14_120mab_PROKKA_132611,48.20,13,2,2,,17724,Glyceraldehyde-3-phosphate dehydrogenase 1
142,152552,ETNP14_68mB_PROKKA_40312,48.20,13,2,2,,17724,Glyceraldehyde-3-phosphate dehydrogenase 1
142,152553,ETNP_100m_particle_PROKKA_148940,48.20,10,2,2,,23889,Glyceraldehyde-3-phosphate dehydrogenase 1
142,152554,ETNP_90m_PROKKA_194139,48.20,8,2,2,,29171,Glyceraldehyde-3-phosphate dehydrogenase 1
142,152555,ETNP_70m_PROKKA_95047,48.20,6,2,2,,36474,Glyceraldehyde-3-phosphate dehydrogenase 1
142,152556,XP_003059267,48.20,5,2,2,,43089,hypothetical protein MICPUCDRAFT_27359  Micromonas pusilla CCMP1545
142,152614,ETNP_120m_PROKKA_158945,40.07,19,1,1,,8563,Glyceraldehyde-3-phosphate dehydrogenase 1
142,152613,ETNP_90m_PROKKA_25498,40.07,19,1,1,,8182,Glyceraldehyde-3-phosphate dehydrogenase 1
142,152615,ETNP_100m_particle_PROKKA_116919,40.07,9,1,1,,16269,Glyceraldehyde-3-phosphate dehydrogenase 1
142,152618,ETNP_70m_PROKKA_129931,40.07,4,1,1,,36416,Glyceraldehyde-3-phosphate dehydrogenase 1
142,152619,ETNP_300m_PROKKA_117881,40.07,4,1,1,,36573,Glyceraldehyde-3-phosphate dehydrogenase 1
142,152620,ETNP_90m_PROKKA_82827,40.07,4,1,1,,36559,Glyceraldehyde-3-phosphate dehydrogenase 1
142,152621,ETNP_180m_PROKKA_149692,40.07,4,1,1,,36573,Glyceraldehyde-3-phosphate dehydrogenase 1
142,152622,ETNP_120m_free_PROKKA_211754,40.07,4,1,1,,36573,Glyceraldehyde-3-phosphate dehydrogenase 1
142,152623,ETNP_140m_PROKKA_39202,40.07,4,1,1,,36559,Glyceraldehyde-3-phosphate dehydrogenase 1
142,152624,ETNP_120m_particle_PROKKA_33260,40.07,4,1,1,,36573,Glyceraldehyde-3-phosphate dehydrogenase 1
142,152625,ETNP_160m_PROKKA_207240,40.07,4,1,1,,36573,Glyceraldehyde-3-phosphate dehydrogenase 1
142,152617,ETNP_90m_PROKKA_130036,40.07,4,1,1,,36371,Glyceraldehyde-3-phosphate dehydrogenase 1
142,152616,ETNP_90m_PROKKA_203190,40.07,5,1,1,,33030,Glyceraldehyde-3-phosphate dehydrogenase 1
107,1605,NP_30m_PROKKA_07332,47.72,22,2,2,,8828,Photosystem I iron-sulfur center
107,1606,WP_007099573,47.72,22,2,2,,8828,photosystem I iron-sulfur center Cyanobacteria
107,1607,WP_006172463,47.72,22,2,2,,8844,photosystem I iron-sulfur center Synechococcus sp WH 5701
91,723,NP_30m_PROKKA_05960,46.65,6,3,2,,33591,Elongation factor Tu
91,759,ETNP_70m_PROKKA_09967,46.65,5,3,2,,43287,Elongation factor Tu
91,716,WP_002806605,46.65,5,3,2,,43652,elongation factor Tu Prochlorococcus
105,152649,WP_042850699,45.26,2,2,2,,47295,porin Prochlorococcus sp MIT 0604
87,152533,ETNP_60m_PROKKA_30166,44.65,2,3,1,,134445,DNA-directed RNA polymerase subunit beta'
88,152538,ETNP_120m_particle_PROKKA_93006,44.19,3,1,1,,38936,Photosystem Q(B) protein 2 precursor
88,152539,ADB27561,44.19,3,1,1,,39727,photosystem II D1 protein chloroplast  Thalassiosira oceanica CCMP1005
88,152540,ADB27608,44.19,3,1,1,,39727,photosystem II D1 protein chloroplast  Thalassiosira oceanica CCMP1005
88,152558,ETNP_150m_particle_PROKKA_19916,44.19,18,1,1,,6743,Photosystem Q(B) protein 1 precursor
88,152559,ETNP_100m_particle_PROKKA_40097,44.19,15,1,1,,7887,Photosystem Q(B) protein 1 precursor
88,152560,ETNP_120m_free_PROKKA_82506,44.19,7,1,1,,17626,Photosystem Q(B) protein 1 precursor
88,152561,ETNP_90m_PROKKA_133834,44.19,5,1,1,,23511,Photosystem Q(B) protein 1 precursor
88,152562,ETNP_100m_particle_PROKKA_82278,44.19,5,1,1,,24260,Photosystem Q(B) protein 2 precursor
88,152563,WP_006171384,44.19,3,1,1,,39545,photosystem I reaction center subunit IX Synechococcus sp WH 5701
90,3393,NP_30m_PROKKA_12968,43.85,8,2,1,,28600,Major capsid protein Gp23
99,152522,ETNP_120m_PROKKA_174342,42.17,13,2,0,,14552,Major capsid protein Gp23
129,952,ETNP_70m_PROKKA_100403,41.85,3,1,1,,56420,Photosystem II 44 kDa reaction center protein
129,989,ADB27529,41.85,3,1,1,,56333,photosystem II CP47 chlorophyll apoprotein chloroplast  Thalassiosira oceanica CCMP1005
144,1344,NP_300m_PROKKA_43112,40.94,5,1,1,,25652,Photosystem Q(B) protein precursor
144,85389,NP_30m_PROKKA_12072,40.94,4,1,1,,31800,Photosystem Q(B) protein precursor
144,2439,AIR93568.1,40.94,3,1,1,,39631,photosystem II D1 protein [Prochlorococcus phage P-TIM68]
144,2440,YP_009213744.1,40.94,3,1,1,,39631,photosystem II D1 protein [Prochlorococcus phage P-TIM68]
144,1348,WP_002805533,40.94,3,1,1,,39638,photosystem II protein D1 Prochlorococcus
144,1347,NP_30m_PROKKA_05529,40.94,3,1,1,,39638,Photosystem Q(B) protein precursor
144,2441,ADO99990.1,40.94,3,1,1,,39701,photosystem II D1 protein [Prochlorococcus phage P-HM2]
144,2445,YP_004323581.1,40.94,3,1,1,,39701,photosystem II D1 protein [Prochlorococcus phage P-HM2]
144,2448,AGH26238.1,40.94,3,1,1,,39898,photosystem Q(B) protein [Prochlorococcus phage MED4-213]
144,2449,YP_007673883.1,40.94,3,1,1,,39898,photosystem Q(B) protein [Prochlorococcus phage MED4-213]
82,626,NP_300m_PROKKA_22239,39.72,6,3,2,,51425,ATP synthase subunit beta
82,1098,NP_30m_PROKKA_02451,39.72,8,3,2,,36511,ATP synthase subunit beta
82,616,NP_85m_PROKKA_16488,33.18,5,2,1,,45070,ATP synthase subunit beta
82,619,NP_100m_PROKKA_10591,33.18,5,2,1,,49743,ATP synthase subunit beta
82,1714,NP_300m_PROKKA_18120,33.18,4,2,1,,51284,ATP synthase subunit beta
82,1713,NP_85m_PROKKA_05598,33.18,4,2,1,,51284,ATP synthase subunit beta
82,1834,NP_85m_PROKKA_03109,33.18,5,2,1,,50301,ATP synthase subunit beta
156,3641,NP_100m_PROKKA_26486,39.40,12,2,2,,10615,10 kDa chaperonin 5
156,3642,NP_300m_PROKKA_50598,39.40,12,2,2,,10616,10 kDa chaperonin 5
156,3640,ETNP14_68mB_PROKKA_82092,39.40,12,2,2,,10685,10 kDa chaperonin 1
156,3638,NP_125m_PROKKA_21296,39.40,12,2,2,,10499,10 kDa chaperonin 5
156,3637,ETNP14_68mB_PROKKA_109194,39.40,12,2,2,,10613,10 kDa chaperonin 1
80,99505,ETNP_120m_free_PROKKA_133039,39.26,3,1,1,,30958,Alpha-ketoglutarate-dependent taurine dioxygenase
143,85947,ETNP_70m_PROKKA_71206,38.93,10,2,2,,17288,Phosphoribulokinase  plasmid
143,85398,WP_042850248,38.93,5,2,2,,33579,phosphoribulokinase Prochlorococcus sp MIT 0604
143,87155,ETNP_300m_PROKKA_186201,31.02,6,1,1,,12779,Phosphoribulokinase  plasmid
154,152574,ETNP_70m_PROKKA_137754,38.38,5,1,1,,25325,hypothetical protein
97,152719,ETNP_120m_free_PROKKA_44629,37.45,6,2,2,,15218,LamB/YcsF family protein
97,152720,ETNP_120m_PROKKA_234534,37.45,3,2,2,,28845,LamB/YcsF family protein
180,152632,ETNP14_68maa_PROKKA_31047,37.39,7,1,1,,14927,50S ribosomal protein L17
180,152633,ETNP14_68maa_PROKKA_127450,37.39,7,1,1,,15052,50S ribosomal protein L17
125,152550,WP_012520218,37.36,3,2,1,,55450,ATP synthase subunit alpha Alteromonas mediterranea
159,152668,ETNP_120m_PROKKA_179609,36.51,8,2,1,,20129,Elongation factor Tu
162,152701,ETNP_70m_PROKKA_125853,35.74,15,2,2,,9589,ATP synthase subunit alpha
155,2438,ETNP_90m_PROKKA_201955,34.79,16,1,1,,7206,Photosystem Q(B) protein precursor
84,85347,ETNP_160m_PROKKA_96687,34.54,4,2,0,,47386,Major capsid protein Gp23
84,85348,ETNP_160m_PROKKA_50326,34.54,4,2,0,,47801,Major capsid protein Gp23
172,27539,ETNP_90m_PROKKA_207390,33.42,6,2,2,,16767,hypothetical protein
120,152642,WP_005999375,32.80,1,2,2,,90511,phosphohydrolase Desulfuromonas acetoxidans
126,152630,ETNP14_120maa_PROKKA_98903,32.03,14,2,2,,12857,50S ribosomal protein L7/L12
126,152631,WP_015068303,32.03,14,2,2,,12827,50S ribosomal protein L7L12 Alteromonas
131,152564,ETNP_120m_free_PROKKA_152738,31.34,6,1,1,,15320,General L-amino acid-binding periplasmic protein AapJ precursor
131,152565,NP_300m_PROKKA_27508,31.34,4,1,1,,23745,General L-amino acid-binding periplasmic protein AapJ precursor
131,152567,ETNP_110m_PROKKA_12434,31.34,3,1,1,,31284,General L-amino acid-binding periplasmic protein AapJ precursor
131,152568,NP_85m_PROKKA_10137,31.34,3,1,1,,31284,General L-amino acid-binding periplasmic protein AapJ precursor
131,152569,ETNP14_120maa_PROKKA_18629,31.34,2,1,1,,38030,General L-amino acid-binding periplasmic protein AapJ precursor
131,152570,NP_100m_PROKKA_10077,31.34,2,1,1,,38030,General L-amino acid-binding periplasmic protein AapJ precursor
131,152571,ETNP_100m_PROKKA_20429,31.34,2,1,1,,38030,General L-amino acid-binding periplasmic protein AapJ precursor
131,152635,NP_30m_PROKKA_15186,31.34,3,1,1,,26253,General L-amino acid-binding periplasmic protein AapJ precursor
131,152636,ETNP14_68maa_PROKKA_114524,31.34,3,1,1,,30019,General L-amino acid-binding periplasmic protein AapJ precursor
131,108124,ETNP14_120maa_PROKKA_107871,31.34,2,1,1,,39361,General L-amino acid-binding periplasmic protein AapJ precursor
131,119519,WP_013963181,31.34,2,1,1,,35570,amino acid ABC transporter substrate-binding protein Roseobacter litoralis
131,152638,ETNP14_68mB_PROKKA_57221,31.34,3,1,1,,29672,General L-amino acid-binding periplasmic protein AapJ precursor
131,152644,ETNP14_68mB_PROKKA_130971,31.34,6,1,1,,13970,General L-amino acid-binding periplasmic protein AapJ precursor
131,152645,ETNP14_68mB_PROKKA_111053,31.34,5,1,1,,18849,General L-amino acid-binding periplasmic protein AapJ precursor
131,152646,ETNP14_68mB_PROKKA_101617,31.34,5,1,1,,18850,General L-amino acid-binding periplasmic protein AapJ precursor
131,152647,ETNP14_68maa_PROKKA_94530,31.34,5,1,1,,19028,General L-amino acid-binding periplasmic protein AapJ precursor
131,152648,ETNP_300m_PROKKA_153557,31.34,4,1,1,,22700,General L-amino acid-binding periplasmic protein AapJ precursor
131,152651,ETNP14_68maa_PROKKA_182967,31.34,2,1,1,,35953,General L-amino acid-binding periplasmic protein AapJ precursor
131,152652,WP_025048064,31.34,2,1,1,,35499,amino acid ABC transporter substrate-binding protein Sulfitobacter mediterraneus
131,152653,ETNP_90m_PROKKA_39891,31.34,2,1,1,,35753,General L-amino acid-binding periplasmic protein AapJ precursor
131,152654,ETNP14_68maa_PROKKA_148935,31.34,2,1,1,,37743,General L-amino acid-binding periplasmic protein AapJ precursor
131,152655,ETNP_120m_PROKKA_41608,31.34,2,1,1,,39194,General L-amino acid-binding periplasmic protein AapJ precursor
131,152656,ETNP_120m_free_PROKKA_129462,31.34,2,1,1,,39336,General L-amino acid-binding periplasmic protein AapJ precursor
131,152657,ETNP_90m_PROKKA_93554,31.34,2,1,1,,39634,General L-amino acid-binding periplasmic protein AapJ precursor
140,153326,ETNP_300m_PROKKA_47374,30.94,5,1,1,Mutation,25913,CMP-N N'-diacetyllegionaminic acid synthase
184,152661,ETNP_70m_PROKKA_61429,30.23,2,1,1,,43256,hypothetical protein
181,152650,ETNP14_68mB_PROKKA_154738,30.20,4,1,1,,23174,hypothetical protein
130,108756,WP_013046328,30.15,2,1,1,,43375,amino acid ABC transporter substrate-binding protein Candidatus Puniceispirillum marinum
130,108758,WP_009605940,30.15,2,1,1,,44122,amino acid ABC transporter substrate-binding protein SAR116 cluster alpha proteobacterium HIMB100
130,108757,ETNP14_68maa_PROKKA_65486,30.15,2,1,1,,43435,Leucine-  isoleucine-  valine-  threonine-  and alanine-binding protein precursor
182,152659,ETNP_120m_particle_PROKKA_18306,30.07,7,1,1,,13162,tRNA N6-adenosine threonylcarbamoyltransferase
138,152773,ETNP_300m_PROKKA_91863,29.62,3,2,2,Mutation,59718,NAD-dependent dihydropyrimidine dehydrogenase subunit PreT
161,152698,ETNP_120m_PROKKA_57760,29.54,10,2,2,,20274,hypothetical protein
81,85456,ETNP14_120maa_PROKKA_175370,29.42,4,1,1,,19183,hypothetical protein
118,152699,AKM80536,29.37,8,2,2,,26776,hypothetical protein UW38_C0001G0691 Candidatus Saccharibacteria bacterium GW2011_GWC2_44_17
118,152700,WP_052545038,29.37,8,2,2,,26776,CBS domain-containing protein Candidatus Saccharibacteria bacterium GW2011_GWC2_44_17
186,85445,ETNP_120m_free_PROKKA_24647,29.21,2,1,1,,47733,hypothetical protein
136,152702,WP_012909877,29.19,2,2,2,,75958,sugar ABC transporter Pirellula staleyi
185,99520,ETNP14_68maa_PROKKA_26695,29.00,1,1,1,,150365,PKD domain protein
183,4777,ETNP_150m_particle_PROKKA_45722,28.76,2,1,1,,63083,N-substituted formamide deformylase precursor
183,4779,ETNP_100m_particle_PROKKA_107381,28.76,2,1,1,,64351,N-substituted formamide deformylase precursor
183,4778,ETNP_120m_free_PROKKA_84124,28.76,2,1,1,,64351,N-substituted formamide deformylase precursor
183,4780,ETNP_120m_particle_PROKKA_210611,28.76,2,1,1,,64325,N-substituted formamide deformylase precursor
109,152663,ETNP_300m_PROKKA_174982,28.44,6,1,1,,13188,nicotinamidase/pyrazinamidase
109,152664,ETNP_120m_free_PROKKA_285731,28.44,4,1,1,,21249,nicotinamidase/pyrazinamidase
109,152665,ETNP_180m_PROKKA_84362,28.44,4,1,1,,21263,Vibriobactin-specific isochorismatase
146,86413,ETNP14_120maa_PROKKA_52214,28.01,1,1,1,,139446,DNA-directed RNA polymerase subunit beta'
146,135591,ETNP14_68maa_PROKKA_116726,28.01,2,1,1,,43788,DNA-directed RNA polymerase subunit beta'
157,3435,ETNP_100m_particle_PROKKA_114586,28.00,3,1,1,,49067,hypothetical protein
157,4194,ETNP_120m_PROKKA_256283,28.00,7,1,1,,22801,hypothetical protein
157,4196,ETNP14_68maa_PROKKA_49206,28.00,3,1,1,,49018,hypothetical protein
157,4195,ETNP_100m_particle_PROKKA_19282,28.00,3,1,1,,49111,hypothetical protein
359,152733,NP_125m_PROKKA_12001,27.93,5,2,0,,40365,Chaperone protein ClpB
361,152747,EJK45858,27.90,2,2,2,,93881,hypothetical protein THAOC_35505  Thalassiosira oceanica
510,152817,ETNP14_120maa_PROKKA_82851,27.72,10,2,2,,16646,hypothetical protein
145,152627,ETNP_90m_PROKKA_204601,27.62,15,1,1,,7729,Photosystem Q(B) protein precursor
145,152628,ETNP14_68mB_PROKKA_52350,27.62,15,1,1,,7727,Photosystem Q(B) protein precursor
145,152629,ETNP14_68mB_PROKKA_36295,27.62,15,1,1,,7729,Photosystem Q(B) protein precursor
145,152669,ETNP_60m_PROKKA_06687,27.62,15,1,1,,7576,Photosystem Q(B) protein precursor
145,152670,ETNP14_68mB_PROKKA_96074,27.62,7,1,1,,18137,Photosystem Q(B) protein precursor
145,152671,ETNP14_68maa_PROKKA_92623,27.62,5,1,1,,25682,Photosystem Q(B) protein precursor
145,152672,ETNP14_68mB_PROKKA_06538,27.62,4,1,1,,31892,Photosystem Q(B) protein precursor
145,152673,ETNP_120m_PROKKA_84421,27.62,4,1,1,,31906,Photosystem Q(B) protein precursor
145,152674,ETNP14_68mB_PROKKA_19223,27.62,3,1,1,,39842,Photosystem Q(B) protein precursor
145,152675,WP_011294225,27.62,3,1,1,,39638,photosystem II protein D1 Prochlorococcus
160,152676,ETNP_150m_particle_PROKKA_15820,27.45,10,1,1,,11342,ATP synthase subunit alpha
110,99498,ETNP_70m_PROKKA_139337,27.43,15,1,1,,6361,hypothetical protein
110,99499,ETNP_120m_PROKKA_206053,27.43,4,1,1,,23591,Core histone H2A/H2B/H3/H4
110,86724,ETNP_120m_free_PROKKA_147607,27.43,4,1,1,,23591,Core histone H2A/H2B/H3/H4
110,86725,ETNP_120m_particle_PROKKA_10426,27.43,4,1,1,,23591,Core histone H2A/H2B/H3/H4
187,152697,WP_042850028,27.35,9,1,1,,12308,plastocyanin Prochlorococcus sp MIT 0604
279,152691,WP_013962285,27.11,3,2,2,,63375,arginyl-tRNA synthetase Roseobacter litoralis
223,152682,NP_125m_PROKKA_12697,26.95,5,2,2,,25550,Biotin carboxylase
124,152980,ETNP_120m_particle_PROKKA_108621,26.94,0,1,1,Mutation,247622,Chromosome partition protein Smc
188,85687,ETNP_120m_PROKKA_146427,26.81,2,1,1,,61985,Elongation factor G
189,85450,ETNP14_120maa_PROKKA_34426,26.37,4,1,1,,23823,Zinc import ATP-binding protein ZnuC
190,152705,ETNP_160m_PROKKA_73365,26.28,4,1,1,,43584,60 kDa chaperonin 5
96,152709,ETNP14_120maa_PROKKA_155781,26.12,7,1,1,,12808,50S ribosomal protein L30
165,152712,ETNP14_120maa_PROKKA_165394,25.81,7,1,1,,11729,hypothetical protein
121,152713,ETNP_70m_PROKKA_141158,25.78,19,1,1,,5415,hypothetical protein
178,86081,ETNP_180m_PROKKA_121628,24.83,5,1,1,Mutation,39193,Protein RecA
65,152696,ETNP_120m_particle_PROKKA_136730,24.48,2,1,1,,48443,ATP-dependent Clp protease ATP-binding subunit ClpX
193,152729,WP_011311000,24.35,3,1,1,,28233,DNAase Thiobacillus denitrificans
174,152734,WP_014472835,24.25,3,1,1,,25153,regulator Arcobacter sp L
163,152703,WP_015798943,24.09,3,1,1,,46592,FAD-dependent pyridine nucleotide-disulfide oxidoreductase Acidimicrobium ferrooxidans
194,152737,XP_003075254,23.52,2,1,1,,59690,unnamed protein product partial  Ostreococcus tauri
196,85808,ETNP_100m_particle_PROKKA_59590,23.37,12,1,1,,7921,hypothetical protein
164,152707,ETNP14_120maa_PROKKA_127254,23.33,4,1,1,,41299,Diaminopropionate ammonia-lyase
164,152708,ETNP14_68maa_PROKKA_168792,23.33,4,1,1,,41340,Diaminopropionate ammonia-lyase
137,152743,ETNP_180m_PROKKA_54233,23.26,3,1,1,,28182,hypothetical protein
197,152742,ETNP14_120maa_PROKKA_187731,23.01,4,1,1,,26307,Macrolide export ATP-binding/permease protein MacB
198,152744,ETNP_100m_particle_PROKKA_41149,22.98,3,1,1,,36740,Sialic acid TRAP transporter permease protein SiaT
199,152745,ETNP_110m_PROKKA_28803,22.96,4,1,1,,26420,hypothetical protein
133,85792,WP_013261177,22.68,1,1,1,,86250,RND transporter gamma proteobacterium HdN1
203,152758,NP_125m_PROKKA_09752,22.64,2,1,1,,31415,Aminodeoxyfutalosine synthase
203,152759,NP_100m_PROKKA_10326,22.64,2,1,1,,39047,Aminodeoxyfutalosine synthase
203,152760,NP_85m_PROKKA_11730,22.64,2,1,1,,39058,Aminodeoxyfutalosine synthase
169,152721,ETNP14_120maa_PROKKA_08495,22.57,1,1,1,,62560,Periplasmic dipeptide transport protein precursor
202,152750,NP_125m_PROKKA_15500,22.52,6,1,1,,14768,hypothetical protein
202,152753,ETNP_300m_PROKKA_133944,22.52,3,1,1,,26363,hypothetical protein
202,152754,ETNP_140m_PROKKA_141388,22.52,3,1,1,,31818,hypothetical protein
202,152755,ETNP_160m_PROKKA_142357,22.52,3,1,1,,31818,hypothetical protein
113,152751,ETNP_120m_free_PROKKA_44152,22.50,4,1,1,,26874,Acryloyl-CoA reductase (NADH)
152,152752,ETNP_120m_particle_PROKKA_210964,22.47,6,1,1,,19251,hypothetical protein
176,152757,ETNP14_120maa_PROKKA_35450,22.41,4,1,1,,21215,hypothetical protein
127,3183,ETNP14_68mB_PROKKA_97541,22.30,4,1,0,,28493,ATP synthase subunit beta
123,152762,ETNP_90m_PROKKA_141447,22.20,4,1,1,,19714,hypothetical protein
205,152764,ETNP_120m_PROKKA_251294,21.98,3,1,1,,34911,Membrane dipeptidase (Peptidase family M19)
205,152765,ETNP_90m_PROKKA_31909,21.98,3,1,1,,34911,Membrane dipeptidase (Peptidase family M19)
205,152766,ETNP_70m_PROKKA_77678,21.98,3,1,1,,34963,Membrane dipeptidase (Peptidase family M19)
205,152767,ETNP14_68maa_PROKKA_13289,21.98,3,1,1,,34911,Membrane dipeptidase (Peptidase family M19)
205,152768,ETNP_100m_PROKKA_43624,21.98,3,1,1,,34911,Membrane dipeptidase (Peptidase family M19)
168,152718,ETNP_100m_particle_PROKKA_119931,21.97,1,1,1,,65022,Modification methylase DpnIIB
168,152769,ETNP_70m_PROKKA_125470,21.97,9,1,1,,8570,hypothetical protein
168,152770,ETNP_90m_PROKKA_64849,21.97,7,1,1,,10939,hypothetical protein
168,152772,WP_014473186,21.97,2,1,1,,51595,diguanylate cyclase Arcobacter sp L
206,152771,ETNP_120m_particle_PROKKA_179087,21.96,2,1,1,,39631,hypothetical protein
167,152716,ETNP_110m_PROKKA_02211,21.96,2,1,1,,50620,Cystathionine beta-lyase PatB
179,156159,ETNP14_68maa_PROKKA_168148,21.83,3,1,1,Mutation,35529,Oligopeptide transport system permease protein OppC
170,152726,WP_012624191,21.76,1,1,1,,60583,trehalose-binding protein Desulfovibrio desulfuricans
134,152677,ETNP14_68maa_PROKKA_15084,21.75,0,1,1,,357148,hypothetical protein
134,152681,ETNP_100m_particle_PROKKA_67477,21.75,0,1,1,,356979,hypothetical protein
134,152775,ETNP_120m_PROKKA_114860,21.75,1,1,1,,218318,hypothetical protein
208,152777,ETNP_300m_PROKKA_61114,21.72,3,1,1,,41021,Monocarboxylate 2-oxoacid-binding periplasmic protein precursor
208,152778,ETNP14_120maa_PROKKA_26935,21.72,3,1,1,,41743,Monocarboxylate 2-oxoacid-binding periplasmic protein precursor
119,152793,BAL60077,21.59,2,1,1,,47513,trk system potassium uptake protein TrkA Candidatus Acetothermus autotrophicum
211,152795,ETNP_120m_particle_PROKKA_227614,21.44,2,1,1,,38333,hypothetical protein
171,108620,ETNP14_120maa_PROKKA_122073,21.36,3,1,1,,34557,Acryloyl-CoA reductase (NADH)
116,15,WP_011127385,21.32,1,1,1,,57175,molecular chaperone GroEL Synechococcus
116,11,WP_038546435,21.32,1,1,1,,57099,molecular chaperone GroEL Synechococcus sp KORDI-100
116,50,WP_006171951,21.32,1,1,1,,57476,molecular chaperone GroEL Synechococcus sp WH 5701
116,152790,ETNP_120m_PROKKA_243052,21.32,12,1,1,,7470,hypothetical protein
116,152791,ETNP_160m_PROKKA_98618,21.32,9,1,1,,10495,hypothetical protein
116,152798,ETNP_180m_PROKKA_128331,21.32,3,1,1,,31059,Asparagine synthetase [glutamine-hydrolyzing] 1
150,152678,ETNP_300m_PROKKA_154030,21.30,6,1,1,,15796,hypothetical protein
150,152679,ETNP_180m_PROKKA_93761,21.30,6,1,1,,15796,hypothetical protein
117,28638,XP_003054761,21.28,0,1,1,,430289,predicted protein  Micromonas pusilla CCMP1545
70,152796,ETNP14_68mB_PROKKA_174266,21.14,19,1,1,,4843,hypothetical protein
70,152797,ETNP14_68mB_PROKKA_164975,21.14,13,1,1,,6977,hypothetical protein
212,152799,ETNP14_120mab_PROKKA_17266,20.95,5,1,1,,19898,Putative aminoacrylate hydrolase RutD
213,152800,ETNP_90m_PROKKA_14241,20.80,8,1,1,,13143,hypothetical protein
213,152801,ETNP_70m_PROKKA_120042,20.80,7,1,1,,14454,hypothetical protein
135,152684,ETNP_120m_PROKKA_00081,20.75,1,1,1,,83783,Alanine--tRNA ligase
135,152685,ETNP_120m_free_PROKKA_112038,20.75,1,1,1,,93764,Alanine--tRNA ligase
219,152813,ETNP_120m_particle_PROKKA_139810,20.40,3,1,1,,30930,50S ribosomal protein L2
217,152810,ETNP_70m_PROKKA_109269,20.38,3,1,1,,28561,hypothetical protein
115,152686,NP_85m_PROKKA_25757,20.10,4,1,1,,21741,ATP synthase subunit beta
115,152687,ETNP14_120maa_PROKKA_172964,20.10,4,1,1,,21741,ATP synthase subunit beta
115,152688,ETSP_PROKKA_00395,20.10,4,1,1,,21760,ATP synthase subunit beta
115,152689,ETNP_140m_PROKKA_36747,20.10,2,1,1,,43928,ATP synthase subunit beta
115,152690,ETNP_100m_PROKKA_12953,20.10,2,1,1,,43928,ATP synthase subunit beta
115,3829,NP_300m_PROKKA_15057,20.10,2,1,1,,49774,ATP synthase subunit beta
115,3830,ETNP14_120maa_PROKKA_111901,20.10,2,1,1,,49774,ATP synthase subunit beta
115,3108,ETNP14_120maa_PROKKA_96724,20.10,2,1,1,,49839,ATP synthase subunit beta
115,3833,NP_85m_PROKKA_14765,20.10,2,1,1,,49774,ATP synthase subunit beta
115,152693,ETNP14_120mab_PROKKA_04301,20.10,6,1,1,,15114,ATP synthase subunit beta
115,152694,NP_300m_PROKKA_59462,20.10,6,1,1,,15071,ATP synthase subunit beta
115,152827,ETNP_120m_PROKKA_152816,20.10,15,1,1,,5856,ATP synthase subunit beta
115,152840,ETNP_100m_particle_PROKKA_10208,20.10,7,1,1,,13435,hypothetical protein
115,152896,ETNP14_120mac_PROKKA_103680,20.10,20,1,1,,4532,ATP synthase subunit beta
115,152897,ETNP14_120mab_PROKKA_80911,20.10,15,1,1,,5588,ATP synthase subunit beta
115,152898,ETNP_180m_PROKKA_52945,20.10,10,1,1,,9052,hypothetical protein
115,152899,ETNP_90m_PROKKA_46438,20.10,6,1,1,,15909,hypothetical protein
115,152900,ETNP_70m_PROKKA_122625,20.10,6,1,1,,15909,hypothetical protein
115,152901,ETNP_100m_particle_PROKKA_45723,20.10,5,1,1,,16706,hypothetical protein
115,152902,ETNP_120m_PROKKA_277396,20.10,4,1,1,,23785,hypothetical protein
115,152903,ETNP_120m_particle_PROKKA_53702,20.10,3,1,1,,26242,hypothetical protein
