Pressure [dbar],StartTime,scan,timeS,longitude,latitude,depSMignore,t090C,t190C,c0uS/cm,c1S/m,flECO-AFL,CStarAt0,CStarTr0,par,modError,v0,v1,v2,v3,v4,v5,v6,v7,sbeox0V,sbeox1V,sal00,sal11,sigma-�00,sigma-�11,sbeox0Mm/L,sbeox1Mm/L,sbeox0PS,sbeox1PS,flag
48.292,2019-10-11 12:24:17,3940.0,164.13,-106.85736000000001,16.810579999999998,48.0,24.1054,24.0506,51478.0,5.157799,0.3478,0.0871,97.8465,0.0036333,0.0,2.4812,2.4683,0.0858,0.1159,4.5518,0.0,0.0245,0.0,2.4616,2.4456,34.4866,34.604,23.2245,23.3296,227.25900000000001,237.787,105.45700000000001,110.31200000000001,False
49.298,2019-10-11 12:24:17,3960.0,164.94799999999998,-106.85736000000001,16.810579999999998,49.0,23.8755,23.8299,51224.0,5.13145,0.3511,0.0881,97.8222,0.0036043,0.0,2.4682,2.4616,0.0861,0.1157,4.5507,0.0,0.0244,0.0,2.4658,2.4514,34.4719,34.5761,23.2814,23.3737,229.292,239.854,105.97,110.83,False
50.305,2019-10-11 12:24:17,3992.0,166.27900000000002,-106.85736000000001,16.810579999999998,50.0,23.8111,23.7715,51154.0,5.123501999999999,0.3739,0.0874,97.8375,0.0036039,0.0,2.4622,2.4498,0.0884,0.1158,4.5514,0.0,0.0244,0.0,2.4694,2.4575,34.4689,34.561,23.2981,23.3795,229.0,240.232,105.715,110.883,False
51.31100000000001,2019-10-11 12:24:17,4143.0,172.592,-106.85733,16.810579999999998,51.0,23.9359,23.8229,51298.0,5.128726,0.4568,0.0883,97.8174,0.0033606,0.0,2.4697,2.4561,0.0967,0.1152,4.5505,0.0,0.0234,0.0,2.4539,2.444,34.4808,34.5602,23.2705,23.3638,225.78,236.96,104.462,109.471,False
52.317,2019-10-11 12:24:17,4176.0,173.94,-106.85734,16.810579999999998,52.0,23.6509,23.6083,50980.0,5.108473,0.4044,0.0883,97.8178,0.0033128999999999997,0.0,2.469,2.456,0.0915,0.1154,4.5505,0.0,0.0232,0.0,2.4489,2.4336,34.4609,34.5734,23.3391,23.4367,226.87900000000002,237.42700000000002,104.441,109.286,False
53.323,2019-10-11 12:24:17,4200.0,174.96200000000002,-106.85734,16.810579999999998,53.0,23.3021,23.2562,50592.0,5.068361,0.3944,0.09,97.7751,0.0033161,0.0,2.4592,2.4507,0.0905,0.1157,4.5485,0.0,0.0232,0.0,2.4431,2.4333,34.4362,34.5423,23.422,23.5157,227.275,239.26,103.975,109.43799999999999,False
54.32899999999999,2019-10-11 12:24:17,4231.0,176.25599999999997,-106.85734,16.810579999999998,54.0,23.1605,23.12,50436.0,5.051901,0.4125,0.0897,97.7816,0.0031236999999999997,0.0,2.4505,2.4395,0.0923,0.1157,4.5488,0.0,0.0224,0.0,2.4446,2.436,34.4268,34.5225,23.4559,23.5401,229.293,240.72799999999998,104.633,109.834,False
55.336000000000006,2019-10-11 12:24:17,4308.0,179.476,-106.85736000000001,16.810579999999998,55.0,23.1319,23.1254,50404.0,5.051521,0.4476,0.0898,97.7808,0.0030159,0.0,2.4442,2.4344,0.0957,0.1157,4.5488,0.0,0.0219,0.0,2.4422,2.4343,34.4247,34.515,23.4626,23.5329,228.52200000000002,239.426,104.228,109.245,False
56.342,2019-10-11 12:24:17,4362.0,181.69799999999998,-106.85736000000001,16.810579999999998,56.0,22.9043,22.8599,50154.0,5.022673,0.4588,0.09,97.7739,0.0030291,0.0,2.4424,2.438,0.0969,0.1156,4.5484,0.0,0.022,0.0,2.4374,2.4269,34.4101,34.5013,23.517,23.5989,228.641,239.706,103.859,108.85799999999999,False
57.348,2019-10-11 12:24:17,4404.0,183.44,-106.85736000000001,16.810579999999998,57.0,22.7854,22.7567,50022.0,5.011309,0.4469,0.0886,97.8093,0.0030186,0.0,2.442,2.4314,0.0957,0.1154,4.5501,0.0,0.022,0.0,2.435,2.4229,34.4014,34.4944,23.5444,23.6232,229.83900000000003,240.266,104.18,108.91,False
58.354,2019-10-11 12:24:17,4510.0,187.891,-106.85736000000001,16.810579999999998,58.0,22.7808,22.7409,50020.0,5.008622,0.5144,0.0894,97.7902,0.0026871,0.0,2.4357,2.4226,0.1024,0.1155,4.5492,0.0,0.0206,0.0,2.4317,2.4223,34.4029,34.4858,23.547,23.6212,228.075,239.804,103.37200000000001,108.665,False
59.361000000000004,2019-10-11 12:24:17,4558.0,189.861,-106.85734,16.810579999999998,59.0,22.6237,22.5803,49846.0,4.992417,0.4949,0.0888,97.8048,0.0027307,0.0,2.4393,2.4254,0.1005,0.1149,4.5499,0.0,0.0207,0.0,2.4146,2.4077,34.3917,34.4866,23.5833,23.6676,225.623,237.268,101.973,107.213,False
60.367,2019-10-11 12:24:17,4581.0,190.81400000000002,-106.85734,16.810579999999998,60.0,22.4462,22.3995,49653.0,4.973846,0.462,0.0892,97.7955,0.0026041000000000003,0.0,2.4313,2.4232,0.0972,0.1153,4.5495,0.0,0.0202,0.0,2.4017,2.3942,34.3814,34.4849,23.6259,23.7176,224.69799999999998,236.43099999999998,101.23100000000001,106.493,False
61.373000000000005,2019-10-11 12:24:17,4602.0,191.725,-106.85734,16.810579999999998,61.0,22.3195,22.277,49518.0,4.959782,0.4713,0.0909,97.7522,0.0024701999999999997,0.0,2.424,2.4204,0.0981,0.1153,4.5474,0.0,0.0196,0.0,2.3949,2.3864,34.3759,34.472,23.6575,23.7423,226.593,236.828,101.853,106.43299999999999,False
62.38,2019-10-11 12:24:17,4628.0,192.79,-106.85734,16.810579999999998,62.0,22.0873,22.0372,49265.0,4.935688,0.5164,0.0917,97.7333,0.0024379000000000002,0.0,2.4193,2.4135,0.1026,0.1155,4.5465,0.0,0.0194,0.0,2.3993,2.3843,34.3617,34.4736,23.7119,23.8109,229.90900000000002,239.215,102.90899999999999,107.04899999999999,False
63.386,2019-10-11 12:24:17,4743.0,197.577,-106.85734,16.810579999999998,63.0,22.0536,22.0317,49217.0,4.929478,0.5869,0.0909,97.7525,0.0022929,0.0,2.4037,2.3948,0.1097,0.1157,4.5474,0.0,0.0188,0.0,2.3908,2.3821,34.3508,34.4289,23.713,23.7784,226.851,238.31099999999998,101.46799999999999,106.602,False
64.392,2019-10-11 12:24:17,4808.0,200.274,-106.85734,16.810579999999998,64.0,21.5806,21.5122,48674.0,4.882280000000001,0.5389,0.0921,97.7243,0.0021695,0.0,2.4126,2.4074,0.1049,0.1154,4.5461,0.0,0.0183,0.0,2.3523,2.3485,34.2985,34.4707,23.8044,23.9541,222.145,234.084,98.50200000000001,103.774,False
65.398,2019-10-11 12:24:17,4826.0,201.06099999999998,-106.85734,16.810579999999998,65.0,21.2314,21.1849,48277.0,4.836723999999999,0.5583,0.0913,97.7428,0.002173,0.0,2.3941,2.3931,0.1068,0.1155,4.547,0.0,0.0183,0.0,2.3432,2.3373,34.2619,34.3712,23.8725,23.9684,222.82299999999998,234.482,98.167,103.28299999999999,False
66.405,2019-10-11 12:24:17,4852.0,202.125,-106.85734,16.810579999999998,66.0,20.9909,20.9451,48017.0,4.810809,0.6351,0.0902,97.7717,0.002173,0.0,2.376,2.37,0.1145,0.1152,4.5483,0.0,0.0183,0.0,2.33,2.3273,34.2471,34.3566,23.9267,24.0224,222.32,234.894,97.51299999999999,103.009,False
67.411,2019-10-11 12:24:17,4906.0,204.37400000000002,-106.85734,16.810579999999998,67.0,20.8166,20.7798,47836.0,4.792019,0.791,0.0935,97.6908,0.0020598,0.0,2.3455,2.3414,0.1301,0.1152,4.5446,0.0,0.0178,0.0,2.3286,2.3127,34.2414,34.3388,23.9695,24.0535,226.78,234.63099999999997,99.15100000000001,102.575,False
68.417,2019-10-11 12:24:17,5031.0,209.578,-106.85734,16.810579999999998,68.0,21.1476,20.9137,48199.0,4.807607,0.8681,0.0966,97.6146,0.0018483,0.0,2.3287,2.3041,0.1378,0.1148,4.541,0.0,0.0169,0.0,2.2798,2.2724,34.2664,34.3555,23.899,24.03,207.168,224.27,91.15100000000001,98.3,False
69.42399999999999,2019-10-11 12:24:17,5073.0,211.327,-106.85734,16.810579999999998,69.0,20.5087,20.4686,47560.0,4.764530000000001,0.887,0.1014,97.4973,0.0018893,0.0,2.3272,2.3049,0.1397,0.115,4.5356,0.0,0.0171,0.0,2.1748,2.1937,34.2667,34.3682,24.0714,24.1593,200.452,215.105,87.163,93.524,False
70.43,2019-10-11 12:24:17,5101.0,212.518,-106.85733,16.810579999999998,70.0,20.377,20.3385,47463.0,4.753296,1.1594,0.1049,97.4109,0.0018893,0.0,2.2748,2.2697,0.1669,0.1152,4.5316,0.0,0.0171,0.0,2.157,2.1667,34.2942,34.3824,24.1274,24.2048,204.205,215.17,88.59899999999999,93.34,False
71.436,2019-10-11 12:24:17,5134.0,213.88299999999998,-106.85732,16.810589999999998,71.0,20.3614,20.3232,47451.0,4.752012000000001,1.2902,0.1102,97.2831,0.0018893,0.0,2.2119,2.2272,0.1801,0.1152,4.5256,0.0,0.0171,0.0,2.1509,2.1534,34.2969,34.3841,24.1336,24.2102,204.523,214.918,88.713,93.206,False
72.442,2019-10-11 12:24:17,5177.0,215.65200000000002,-106.85732,16.8106,72.0,20.2636,20.223,47343.0,4.7419720000000005,1.3355,0.1107,97.2695,0.0018831,0.0,2.1616,2.1738,0.1846,0.1151,4.525,0.0,0.0171,0.0,2.1389,2.141,34.2881,34.3838,24.1528,24.2365,202.843,213.65400000000002,87.823,92.488,False
73.449,2019-10-11 12:24:17,5242.0,218.386,-106.85732,16.8106,73.0,20.1125,20.0341,47179.0,4.720936,1.4116,0.1102,97.2829,0.0017012000000000002,0.0,2.1445,2.147,0.1922,0.1152,4.5256,0.0,0.0163,0.0,2.1225,2.1187,34.2777,34.366,24.1848,24.2728,200.231,211.37900000000002,86.447,91.178,False
74.455,2019-10-11 12:24:17,5339.0,222.405,-106.85732,16.8106,74.0,20.0123,19.9788,47090.0,4.716899,1.4155,0.1064,97.3756,0.0015984000000000003,0.0,2.1256,2.1125,0.1926,0.1151,4.5299,0.0,0.0159,0.0,1.9936,2.0405,34.286,34.3779,24.2175,24.2964,165.293,190.935,71.243,82.287,False
75.461,2019-10-11 12:24:17,5377.0,223.984,-106.85732,16.8106,75.0,19.8827,19.8461,47028.0,4.7093169999999995,1.3084,0.1063,97.3777,0.0016063,0.0,2.0941,2.1046,0.1818,0.115,4.53,0.0,0.0159,0.0,1.8473,1.8998,34.3411,34.4242,24.2935,24.3665,151.632,170.637,65.21300000000001,73.374,False
76.468,2019-10-11 12:24:17,5407.0,225.25900000000001,-106.85732,16.8106,76.0,19.8646,19.8254,47052.0,4.712386,1.3067,0.1075,97.3497,0.0016063,0.0,2.0378,2.0714,0.1816,0.1149,4.5287,0.0,0.0159,0.0,1.7645,1.8172,34.375,34.466,24.3242,24.4039,142.191,161.65,61.147,69.502,False
77.47399999999999,2019-10-11 12:24:17,5436.0,226.454,-106.85732,16.8106,77.0,19.6753,19.6299,46864.0,4.694529,1.2837,0.1039,97.4351,0.0016063,0.0,1.9227,1.9836,0.1794,0.115,4.5326,0.0,0.0159,0.0,1.6986,1.744,34.3758,34.4797,24.3742,24.4652,140.405,154.583,60.168,66.23100000000001,False
78.48,2019-10-11 12:24:17,5470.0,227.868,-106.85732,16.8106,78.0,19.3745,19.3344,46567.0,4.664758999999999,1.2288,0.0972,97.6007,0.0015038,0.0,1.8243,1.8756,0.1739,0.1149,4.5404,0.0,0.0155,0.0,1.6653,1.6916,34.3775,34.4773,24.4532,24.5398,145.38,153.968,61.95399999999999,65.60600000000001,False
79.487,2019-10-11 12:24:17,5591.0,232.899,-106.85732,16.8106,79.0,19.4853,19.3863,46674.0,4.667209,1.1804,0.0901,97.7729,0.0012875999999999999,0.0,1.6374,1.6522,0.169,0.1147,4.5484,0.0,0.0145,0.0,1.6579,1.6619,34.3744,34.4544,24.4223,24.5089,140.329,152.207,59.92,64.90899999999999,False
80.493,2019-10-11 12:24:17,5643.0,235.08599999999998,-106.8573,16.8106,80.0,19.2027,19.1609,46408.0,4.649306,1.1515,0.0918,97.7329,0.0013238,0.0,1.6907,1.6841,0.1661,0.115,4.5466,0.0,0.0147,0.0,1.5019,1.5565,34.3866,34.4922,24.5043,24.5957,107.45100000000001,127.68799999999999,45.648,54.239,False
81.5,2019-10-11 12:24:17,5667.0,236.102,-106.8573,16.8106,81.0,18.8594,18.8071,46081.0,4.617219,1.0079,0.0872,97.8432,0.0013241,0.0,1.6666,1.6734,0.1518,0.1149,4.5517,0.0,0.0147,0.0,1.4321,1.4879,34.3986,34.5185,24.6008,24.7056,102.87,120.14200000000001,43.427,50.707,False
82.506,2019-10-11 12:24:17,5691.0,237.088,-106.8573,16.8106,82.0,18.5854,18.5443,45815.0,4.589589,0.8919,0.0799,98.0239,0.0013241,0.0,1.6135,1.6426,0.1402,0.1149,4.5601,0.0,0.0147,0.0,1.3829,1.4313,34.4032,34.5057,24.6733,24.762,103.555,115.499,43.494,48.503,False
83.512,2019-10-11 12:24:17,5757.0,239.83700000000002,-106.8573,16.8106,83.0,18.5071,18.4998,45747.0,4.584178,0.8301,0.0744,98.1582,0.0013241,0.0,1.4545,1.4939,0.134,0.1145,4.5663,0.0,0.0147,0.0,1.3651,1.3976,34.411,34.497,24.6989,24.7665,108.147,117.97399999999999,45.355,49.497,False
84.51899999999999,2019-10-11 12:24:17,5859.0,244.10299999999998,-106.8573,16.8106,84.0,18.4772,18.4211,45724.0,4.579751,0.9317,0.0744,98.1581,0.0013241,0.0,1.3671,1.3891,0.1442,0.114,4.5663,0.0,0.0147,0.0,1.2984,1.3364,34.4162,34.5254,24.7103,24.8079,94.635,105.70200000000001,39.671,44.292,False
85.525,2019-10-11 12:24:17,5885.0,245.153,-106.8573,16.8106,85.0,18.1532,18.1105,45419.0,4.549564,0.791,0.0725,98.204,0.0012887,0.0,1.3732,1.4038,0.1301,0.1147,4.5684,0.0,0.0145,0.0,1.2645,1.3028,34.4298,34.5306,24.8012,24.889,89.26799999999999,102.069,37.196,42.521,False
86.531,2019-10-11 12:24:17,5907.0,246.07,-106.8573,16.8106,86.0,18.0307,17.9856,45284.0,4.536315,0.7053,0.0697,98.2722,0.0012708,0.0,1.3517,1.3918,0.1216,0.1147,4.5716,0.0,0.0145,0.0,1.2315,1.269,34.4178,34.5229,24.8222,24.9138,87.23,97.609,36.259,40.565,False
87.538,2019-10-11 12:24:17,5929.0,246.982,-106.85732,16.8106,87.0,17.706,17.6553,44976.0,4.506379,0.6432,0.066,98.3634,0.0011672,0.0,1.3143,1.3568,0.1153,0.1147,4.5759,0.0,0.014,0.0,1.213,1.2435,34.4281,34.5464,24.9095,25.0124,90.041,97.291,37.2,40.186,False
88.544,2019-10-11 12:24:17,6019.0,250.768,-106.85732,16.8106,88.0,17.7753,17.7428,45045.0,4.510509,0.6026,0.0605,98.5,0.0011457000000000001,0.0,1.23,1.2546,0.1112,0.1138,4.5822,0.0,0.0139,0.0,1.2236,1.2364,34.4277,34.5071,24.8922,24.9609,94.93,100.463,39.269,41.555,False
89.551,2019-10-11 12:24:17,6102.0,254.195,-106.85732,16.8106,89.0,17.7042,17.5811,44977.0,4.4988209999999995,0.7327,0.0619,98.4643,0.0012146,0.0,1.2413,1.2449,0.1242,0.1147,4.5806,0.0,0.0142,0.0,1.1879,1.2104,34.4299,34.5438,24.9113,25.0284,84.99,93.259,35.113,38.465,False
90.557,2019-10-11 12:24:17,6123.0,255.06599999999997,-106.85732,16.8106,90.0,17.4716,17.4342,44758.0,4.482727,0.5657,0.0584,98.5494,0.0011128,0.0,1.2394,1.253,0.1076,0.1147,4.5845,0.0,0.0137,0.0,1.1742,1.1952,34.4386,34.5298,24.9743,25.0533,85.45299999999999,92.42299999999999,35.15,38.010999999999996,False
91.564,2019-10-11 12:24:17,6144.0,255.957,-106.85732,16.8106,91.0,17.4301,17.3938,44720.0,4.478854,0.4513,0.0593,98.5301,0.0010559,0.0,1.226,1.245,0.0961,0.1148,4.5836,0.0,0.0135,0.0,1.1657,1.1846,34.4404,34.5305,24.9858,25.0636,86.081,92.087,35.381,37.843,False
92.57,2019-10-11 12:24:17,6209.0,258.677,-106.85731000000001,16.8106,92.0,17.4283,17.3975,44720.0,4.478713,0.475,0.0564,98.5987,0.0010449,0.0,1.1837,1.2024,0.0985,0.1143,4.5868,0.0,0.0134,0.0,1.1615,1.1759,34.4418,34.5257,24.9873,25.059,87.01700000000001,92.335,35.764,37.946999999999996,False
93.57600000000001,2019-10-11 12:24:17,6311.0,262.932,-106.8573,16.8106,93.0,17.4377,17.4011,44732.0,4.4799739999999995,0.5352,0.0559,98.6125,0.0010428,0.0,1.1615,1.1727,0.1045,0.1147,4.5874,0.0,0.0134,0.0,1.1459,1.1634,34.4434,34.5332,24.9863,25.0639,80.623,88.898,33.143,36.539,False
94.583,2019-10-11 12:24:17,6336.0,263.957,-106.85732,16.8106,94.0,17.3126,17.2736,44617.0,4.4686449999999995,0.4684,0.0551,98.6304,0.0010316,0.0,1.1615,1.1747,0.0978,0.1147,4.5883,0.0,0.0134,0.0,1.1204,1.1454,34.4503,34.5437,25.0216,25.1026,74.252,84.36,30.453000000000003,34.592,False
95.589,2019-10-11 12:24:17,6360.0,264.945,-106.85732,16.8106,95.0,17.1865,17.1429,44505.0,4.457374,0.4097,0.0541,98.6571,0.0010306,0.0,1.1591,1.1729,0.092,0.1148,4.5895,0.0,0.0133,0.0,1.0923,1.1211,34.4601,34.5575,25.0593,25.1444,71.018,80.192,29.057,32.803000000000004,False
96.595,2019-10-11 12:24:17,6386.0,266.027,-106.85732,16.8106,96.0,17.0458,17.0056,44377.0,4.4446069999999995,0.3853,0.0517,98.7169,0.0010424000000000002,0.0,1.1501,1.1665,0.0895,0.1136,4.5923,0.0,0.0134,0.0,1.0734,1.0958,34.4691,34.5638,25.0997,25.1819,74.61399999999999,78.709,30.447,32.113,False
97.602,2019-10-11 12:24:17,6487.0,270.248,-106.85732,16.8106,97.0,17.046,16.9966,44377.0,4.442119,0.431,0.0506,98.7421,0.00088508,0.0,1.0899,1.1071,0.0941,0.1137,4.5935,0.0,0.0127,0.0,1.0671,1.0776,34.4687,34.5495,25.0993,25.1731,73.626,78.77,30.041999999999998,32.128,False
98.60799999999999,2019-10-11 12:24:17,6552.0,272.959,-106.85732,16.8106,98.0,16.8643,16.8366,44213.0,4.431036,0.4044,0.051,98.7348,0.00075931,0.0,1.1029,1.1011,0.0915,0.1147,4.5931,0.0,0.0122,0.0,0.9908,1.025,34.4815,34.5901,25.1521,25.242,55.582,64.94800000000001,22.604,26.416,False
99.615,2019-10-11 12:24:17,6571.0,273.77099999999996,-106.85732,16.8106,99.0,16.6925,16.6529,44054.0,4.412546,0.3435,0.049,98.7814,0.00076216,0.0,1.0921,1.0989,0.0853,0.1127,4.5953,0.0,0.0122,0.0,0.9692,0.9997,34.4895,34.5862,25.1986,25.2822,55.992,63.48,22.695999999999998,25.726999999999997,False
100.62200000000001,2019-10-11 12:24:17,6595.0,274.759,-106.85732,16.8106,100.0,16.6396,16.6035,44006.0,4.407299,0.324,0.0478,98.8116,0.00076216,0.0,1.0589,1.0833,0.0834,0.1139,4.5967,0.0,0.0122,0.0,0.9516,0.978,34.4928,34.5825,25.2136,25.2909,56.93899999999999,62.288000000000004,23.057,25.219,False
101.62799999999999,2019-10-11 12:24:17,6694.0,278.88,-106.85731000000001,16.81061,101.0,16.6721,16.6063,44038.0,4.407216,0.3543,0.0475,98.8203,0.00076216,0.0,0.958,0.981,0.0864,0.1122,4.5971,0.0,0.0122,0.0,0.9504,0.9606,34.4922,34.5789,25.2055,25.2875,60.303999999999995,63.61600000000001,24.433000000000003,25.758000000000003,False
102.634,2019-10-11 12:24:17,6778.0,282.373,-106.8573,16.81062,102.0,16.5691,16.52,43946.0,4.401611,0.3855,0.0475,98.8195,0.00076216,0.0,0.9703,0.9726,0.0895,0.1144,4.5971,0.0,0.0122,0.0,0.9082,0.9332,34.4998,34.6039,25.2354,25.3268,47.013000000000005,54.975,19.012999999999998,22.225,False
103.641,2019-10-11 12:24:17,6797.0,283.161,-106.8573,16.81062,103.0,16.3602,16.3216,43752.0,4.382205,0.3357,0.0469,98.8331,0.00074893,0.0,0.9706,0.9761,0.0846,0.1133,4.5977,0.0,0.0121,0.0,0.8893,0.9155,34.509,34.6043,25.291,25.3732,45.662,53.131,18.392,21.397,False
104.647,2019-10-11 12:24:17,6818.0,284.056,-106.8573,16.81062,104.0,16.2909,16.2544,43689.0,4.375654,0.3091,0.0459,98.8595,0.00068847,0.0,0.9564,0.9692,0.0819,0.1134,4.5989,0.0,0.0119,0.0,0.8715,0.8975,34.5128,34.6045,25.3099,25.3888,45.365,51.145,18.249000000000002,20.570999999999998,False
105.654,2019-10-11 12:24:17,6881.0,286.685,-106.8573,16.81062,105.0,16.2498,16.2216,43653.0,4.371980000000001,0.3074,0.0455,98.8687,0.00053879,0.0,0.8989,0.9197,0.0817,0.1131,4.5993,0.0,0.0112,0.0,0.8647,0.8828,34.5167,34.6,25.3224,25.393,48.09,52.248000000000005,19.329,21.0,False
106.66,2019-10-11 12:24:17,7000.0,291.617,-106.8573,16.81062,106.0,16.1756,16.1833,43590.0,4.370183,0.3272,0.0448,98.8875,0.00047839,0.0,0.8643,0.8768,0.0837,0.1122,4.6002,0.0,0.011,0.0,0.8173,0.8531,34.5246,34.6171,25.3456,25.4149,32.556,43.35,13.069,17.414,False
107.667,2019-10-11 12:24:17,7022.0,292.52299999999997,-106.85728999999999,16.81062,107.0,15.938,15.9004,43368.0,4.344515,0.2931,0.0439,98.9101,0.00048236,0.0,0.8655,0.8803,0.0803,0.1123,4.6013,0.0,0.011,0.0,0.7766,0.8144,34.5336,34.6353,25.4068,25.4935,28.124000000000002,36.666,11.237,14.648,False
108.67299999999999,2019-10-11 12:24:17,7044.0,293.464,-106.85728,16.81062,108.0,15.7476,15.7087,43187.0,4.3264059999999995,0.262,0.0433,98.924,0.00048236,0.0,0.85,0.8755,0.0772,0.113,4.602,0.0,0.011,0.0,0.7538,0.7874,34.5382,34.6409,25.4534,25.5413,29.004,34.275,11.545,13.642000000000001,False
109.68,2019-10-11 12:24:17,7095.0,295.584,-106.85728,16.81062,109.0,15.6819,15.6645,43130.0,4.3208269999999995,0.2634,0.0428,98.936,0.00048236,0.0,0.7939,0.8263,0.0773,0.1128,4.6025,0.0,0.011,0.0,0.7405,0.7665,34.5442,34.6293,25.4729,25.5423,30.998,35.306,12.324000000000002,14.039000000000001,False
110.686,2019-10-11 12:24:17,7185.0,299.32099999999997,-106.85728,16.81062,110.0,15.6052,15.6144,43058.0,4.31734,0.2986,0.0419,98.958,0.00047578,0.0,0.7372,0.7582,0.0809,0.1123,4.6035,0.0,0.011,0.0,0.7216,0.7462,34.5457,34.6416,25.4913,25.5631,29.238000000000003,32.537,11.607000000000001,12.927,False
111.693,2019-10-11 12:24:17,7219.0,300.77,-106.85728,16.81062,111.0,15.4497,15.4191,42896.0,4.296615,0.2379,0.0417,98.9635,0.00047484,0.0,0.7338,0.7607,0.0748,0.1123,4.6038,0.0,0.011,0.0,0.7166,0.7365,34.5362,34.6266,25.5188,25.5952,28.749000000000002,31.94,11.377,12.64,False
112.699,2019-10-11 12:24:17,7263.0,302.578,-106.85728,16.81062,112.0,15.3606,15.3245,42804.0,4.287025,0.2373,0.0421,98.9522,0.00043017,0.0,0.7236,0.7482,0.0747,0.1123,4.6033,0.0,0.0108,0.0,0.7003,0.7239,34.5313,34.623,25.5349,25.6135,22.996,28.558000000000003,9.085,11.28,False
113.706,2019-10-11 12:24:17,7309.0,304.48400000000004,-106.85728,16.81062,113.0,15.1262,15.081,42586.0,4.264753,0.2235,0.0405,98.9916,0.00031365,0.0,0.7157,0.7364,0.0733,0.1123,4.6051,0.0,0.0103,0.0,0.6785,0.6966,34.5403,34.6361,25.5936,25.6773,23.004,24.462,9.045,9.617,False
114.712,2019-10-11 12:24:17,7401.0,308.32099999999997,-106.85728,16.81062,114.0,15.1162,15.018,42584.0,4.258705,0.2049,0.0378,99.059,0.0002026,0.0,0.6755,0.695,0.0715,0.1123,4.6082,0.0,0.0098,0.0,0.6561,0.6674,34.5469,34.6365,25.6008,25.6915,18.002,22.000999999999998,7.079,8.638,False
115.719,2019-10-11 12:24:17,7444.0,310.119,-106.85728,16.81062,115.0,14.9641,14.9325,42458.0,4.252028,0.1944,0.0384,99.0429,0.0002326,0.0,0.6732,0.6786,0.0704,0.1123,4.6075,0.0,0.0099,0.0,0.6304,0.651,34.5662,34.6512,25.6491,25.7216,14.307,18.409000000000002,5.609,7.216,False
116.725,2019-10-11 12:24:17,7470.0,311.211,-106.85728,16.81062,116.0,14.9415,14.9051,42441.0,4.250211,0.1701,0.0387,99.0373,0.00021363,0.0,0.6616,0.6749,0.068,0.1123,4.6072,0.0,0.0098,0.0,0.6171,0.6396,34.5709,34.6586,25.6577,25.7333,12.093,16.354,4.739,6.4079999999999995,False
117.73200000000001,2019-10-11 12:24:17,7511.0,312.918,-106.85728,16.81062,117.0,14.8563,14.8078,42376.0,4.242682,0.1753,0.038,99.0548,0.00020841,0.0,0.6398,0.6586,0.0686,0.1123,4.608,0.0,0.0098,0.0,0.6043,0.6226,34.5868,34.6759,25.6886,25.7678,13.439,15.194,5.257000000000001,5.942,False
118.738,2019-10-11 12:24:17,7625.0,317.655,-106.85728,16.81062,118.0,14.8678,14.8421,42392.0,4.245658000000001,0.1995,0.0379,99.0566,0.0002028,0.0,0.597,0.6125,0.0709,0.1123,4.6081,0.0,0.0098,0.0,0.5763,0.6049,34.5908,34.6722,25.6892,25.7576,4.103,11.128,1.607,4.355,False
119.745,2019-10-11 12:24:17,7652.0,318.81,-106.85728,16.81062,119.0,14.6842,14.6759,42272.0,4.2358519999999995,0.1538,0.0379,99.0558,0.00020334,0.0,0.6039,0.6165,0.0664,0.1123,4.6081,0.0,0.0098,0.0,0.5523,0.581,34.6438,34.7303,25.7699,25.8384,2.784,6.645,1.0859999999999999,2.593,False
120.751,2019-10-11 12:24:17,7678.0,319.858,-106.85728,16.81063,120.0,14.6587,14.6254,42255.0,4.231651,0.1431,0.0369,99.0816,0.00020334,0.0,0.5949,0.6156,0.0653,0.1123,4.6093,0.0,0.0098,0.0,0.5401,0.5662,34.6505,34.7364,25.7806,25.8541,2.3930000000000002,5.308,0.9329999999999999,2.069,False
121.758,2019-10-11 12:24:17,7707.0,321.101,-106.85728,16.81064,121.0,14.6274,14.5939,42238.0,4.2298919999999995,0.1419,0.0362,99.0987,0.00020334,0.0,0.572,0.6016,0.0652,0.1123,4.6101,0.0,0.0098,0.0,0.5317,0.5538,34.6625,34.7481,25.7966,25.8699,3.023,4.763999999999999,1.178,1.8559999999999999,False
122.765,2019-10-11 12:24:17,7829.0,326.153,-106.85726000000001,16.81064,122.0,14.6387,14.6097,42248.0,4.230855,0.1485,0.0365,99.091,0.00020334,0.0,0.5228,0.5422,0.0659,0.1123,4.6097,0.0,0.0098,0.0,0.5255,0.5411,34.661,34.7424,25.7931,25.8621,4.518,5.421,1.761,2.112,False
123.771,2019-10-11 12:24:17,7876.0,328.11699999999996,-106.85726000000001,16.81064,123.0,14.5385,14.5319,42163.0,4.225719000000001,0.127,0.0363,99.0958,0.00020334,0.0,0.5298,0.5464,0.0637,0.1123,4.6099,0.0,0.0098,0.0,0.5243,0.5409,34.6717,34.7645,25.8229,25.896,3.358,4.581,1.306,1.7830000000000001,False
124.77799999999999,2019-10-11 12:24:17,7894.0,328.885,-106.85726000000001,16.81064,124.0,14.431,14.3948,42061.0,4.212731,0.1292,0.0349,99.1318,0.00020334,0.0,0.5299,0.5464,0.0639,0.114,4.6116,0.0,0.0098,0.0,0.523,0.5397,34.6736,34.7674,25.8474,25.9276,2.603,4.175,1.01,1.62,False
125.78399999999999,2019-10-11 12:24:17,7914.0,329.69300000000004,-106.85725,16.81064,125.0,14.3979,14.3615,42032.0,4.209512,0.1338,0.0344,99.1446,0.00020334,0.0,0.5281,0.5451,0.0644,0.1138,4.6122,0.0,0.0098,0.0,0.5198,0.537,34.6763,34.7672,25.8566,25.9346,2.09,3.491,0.8109999999999999,1.354,False
126.791,2019-10-11 12:24:17,8005.0,333.49,-106.85723,16.81063,126.0,14.3143,14.3074,41962.0,4.204242,0.1755,0.0395,99.0174,0.00020334,0.0,0.5216,0.5378,0.0685,0.1122,4.6063,0.0,0.0098,0.0,0.5186,0.534,34.6858,34.7668,25.8817,25.9457,2.9360000000000004,3.912,1.137,1.516,False
127.79799999999999,2019-10-11 12:24:17,8086.0,336.861,-106.85722,16.81062,127.0,14.1725,14.237,41844.0,4.201198000000001,0.1808,0.0387,99.036,0.00020334,0.0,0.5205,0.5356,0.0691,0.1123,4.6072,0.0,0.0098,0.0,0.5139,0.5308,34.7038,34.8016,25.9257,25.9876,1.432,2.679,0.5529999999999999,1.037,False
128.804,2019-10-11 12:24:17,8109.0,337.847,-106.85722,16.81062,128.0,14.0033,13.9705,41707.0,4.177533,0.2707,0.0443,98.8981,0.00020334,0.0,0.5213,0.5359,0.078,0.1123,4.6007,0.0,0.0098,0.0,0.5117,0.5279,34.7285,34.8221,25.9805,26.0597,1.3780000000000001,2.372,0.53,0.9129999999999999,False
129.811,2019-10-11 12:24:17,8131.0,338.75199999999995,-106.85722,16.81062,129.0,13.9632,13.9282,41673.0,4.17354,0.349,0.0492,98.7779,0.00020334,0.0,0.5199,0.5359,0.0859,0.1146,4.5951,0.0,0.0098,0.0,0.5104,0.5259,34.7325,34.8227,25.992,26.069,1.4609999999999999,2.286,0.562,0.879,False
130.817,2019-10-11 12:24:17,8157.0,339.815,-106.85722,16.81062,130.0,13.886,13.8514,41603.0,4.166562,0.4205,0.0503,98.7505,0.00020334,0.0,0.5165,0.5334,0.093,0.1127,4.5938,0.0,0.0098,0.0,0.5094,0.5241,34.7368,34.8268,26.0114,26.0882,1.564,2.11,0.601,0.81,False
131.82399999999998,2019-10-11 12:24:17,8270.0,344.545,-106.85721000000001,16.81065,131.0,13.9228,13.885,41637.0,4.168895,0.5108,0.0497,98.7641,0.00019941,0.0,0.5093,0.5238,0.1021,0.1132,4.5945,0.0,0.0098,0.0,0.508,0.5217,34.7347,34.8177,26.0022,26.0743,1.534,2.182,0.59,0.838,False
132.83100000000002,2019-10-11 12:24:17,8330.0,347.04699999999997,-106.8572,16.81064,132.0,13.8164,13.7697,41542.0,4.160499,0.4729,0.0518,98.7134,0.00020341,0.0,0.5092,0.5234,0.0983,0.1123,4.5922,0.0,0.0098,0.0,0.5082,0.5216,34.7426,34.8435,26.0305,26.1182,1.631,2.1069999999999998,0.626,0.8079999999999999,False
133.83700000000002,2019-10-11 12:24:17,8351.0,347.913,-106.8572,16.81064,133.0,13.7165,13.6822,41453.0,4.151512,0.4882,0.0513,98.726,0.00020334,0.0,0.5092,0.5234,0.0998,0.1123,4.5927,0.0,0.0098,0.0,0.5081,0.5214,34.749,34.8384,26.0562,26.1324,1.5319999999999998,2.031,0.586,0.777,False
134.844,2019-10-11 12:24:17,8378.0,349.035,-106.8572,16.81064,134.0,13.658,13.6231,41400.0,4.146162,0.4807,0.0507,98.7406,0.00020334,0.0,0.5092,0.5232,0.0991,0.1123,4.5934,0.0,0.0098,0.0,0.5075,0.5209,34.7524,34.8416,26.071,26.1472,1.3219999999999998,1.962,0.505,0.75,False
135.85,2019-10-11 12:24:17,8470.0,352.876,-106.8572,16.81064,135.0,13.6486,13.6331,41393.0,4.146571,0.4306,0.0509,98.7367,0.00020162,0.0,0.5085,0.5218,0.094,0.1144,4.5932,0.0,0.0098,0.0,0.507,0.5203,34.7531,34.8359,26.0735,26.1408,1.486,1.9680000000000002,0.568,0.753,False
136.857,2019-10-11 12:24:17,8542.0,355.86800000000005,-106.8572,16.81064,136.0,13.5753,13.5421,41327.0,4.1388,0.43,0.0507,98.7408,0.0002034,0.0,0.5079,0.5212,0.094,0.1124,4.5934,0.0,0.0098,0.0,0.507,0.52,34.7578,34.8453,26.0923,26.1668,1.482,1.9369999999999998,0.565,0.7390000000000001,False
137.864,2019-10-11 12:24:17,8563.0,356.764,-106.8572,16.81064,137.0,13.5607,13.5283,41315.0,4.137304,0.4027,0.0508,98.7384,0.00019437,0.0,0.5079,0.5213,0.0913,0.1146,4.5933,0.0,0.0097,0.0,0.507,0.5201,34.7591,34.8435,26.0963,26.1682,1.482,1.915,0.5660000000000001,0.731,False
138.87,2019-10-11 12:24:17,8591.0,357.914,-106.85721000000001,16.81064,138.0,13.5218,13.4888,41279.0,4.133953,0.3856,0.0516,98.7201,0.00020273,0.0,0.5079,0.5212,0.0895,0.1147,4.5925,0.0,0.0098,0.0,0.507,0.5197,34.7609,34.8475,26.1057,26.1795,1.484,1.8359999999999999,0.5660000000000001,0.7,False
139.877,2019-10-11 12:24:17,8669.0,361.15,-106.85722,16.81064,139.0,13.5076,13.4793,41268.0,4.132732,0.3614,0.0513,98.7271,0.00020097,0.0,0.5079,0.5207,0.0871,0.1139,4.5928,0.0,0.0098,0.0,0.507,0.5193,34.7625,34.8443,26.1099,26.179,1.484,1.848,0.5660000000000001,0.7040000000000001,False
140.88299999999998,2019-10-11 12:24:17,8730.0,363.717,-106.85722,16.81064,140.0,13.4244,13.3913,41191.0,4.125201000000001,0.333,0.0517,98.7171,0.00020343,0.0,0.5079,0.5204,0.0843,0.1147,4.5923,0.0,0.0098,0.0,0.507,0.5193,34.7657,34.8532,26.1294,26.2039,1.4869999999999999,1.839,0.5660000000000001,0.7,False
141.89,2019-10-11 12:24:17,8762.0,365.04,-106.85722,16.81064,141.0,13.3517,13.3178,41125.0,4.118652,0.311,0.0518,98.7136,0.00020334,0.0,0.5079,0.5201,0.0821,0.1131,4.5922,0.0,0.0098,0.0,0.507,0.5192,34.769,34.8581,26.1468,26.2227,1.456,1.828,0.5529999999999999,0.695,False
142.89700000000002,2019-10-11 12:24:17,8797.0,366.519,-106.85722,16.81064,142.0,13.3018,13.2696,41080.0,4.113844,0.2823,0.0526,98.6939,0.00019426,0.0,0.5079,0.5203,0.0792,0.1137,4.5913,0.0,0.0097,0.0,0.5069,0.5191,34.7717,34.8564,26.1591,26.2312,1.446,1.775,0.5489999999999999,0.674,False
143.904,2019-10-11 12:24:17,8876.0,369.777,-106.85722,16.81064,143.0,13.2884,13.264,41068.0,4.1132230000000005,0.2505,0.0531,98.6809,0.00019572,0.0,0.5078,0.52,0.076,0.1144,4.5906,0.0,0.0098,0.0,0.5066,0.5187,34.7724,34.8552,26.1623,26.2314,1.41,1.7590000000000001,0.535,0.667,False
144.91,2019-10-11 12:24:17,8948.0,372.792,-106.85722,16.81064,144.0,13.2334,13.2003,41018.0,4.107747,0.2423,0.0528,98.6885,0.00020372,0.0,0.5073,0.5196,0.0752,0.1147,4.591,0.0,0.0098,0.0,0.5065,0.5186,34.7748,34.8613,26.1754,26.2491,1.314,1.714,0.498,0.65,False
145.917,2019-10-11 12:24:17,8974.0,373.894,-106.85722,16.81064,145.0,13.1941,13.1618,40982.0,4.1040529999999995,0.2114,0.0528,98.6892,0.00017992,0.0,0.5076,0.5197,0.0721,0.1147,4.591,0.0,0.0097,0.0,0.5062,0.5185,34.7762,34.8611,26.1844,26.2567,1.381,1.6680000000000001,0.523,0.632,False
146.924,2019-10-11 12:24:17,9001.0,374.983,-106.85722,16.81064,146.0,13.1876,13.1557,40977.0,4.103356,0.1961,0.0528,98.6882,0.00020255,0.0,0.5075,0.5196,0.0706,0.1147,4.591,0.0,0.0098,0.0,0.5061,0.5181,34.7765,34.8597,26.186,26.257,1.262,1.651,0.478,0.625,False
147.93,2019-10-11 12:24:17,9032.0,376.30199999999996,-106.85722,16.81064,147.0,13.1739,13.1418,40964.0,4.102175,0.187,0.0531,98.6805,0.00020334,0.0,0.5073,0.5196,0.0697,0.1147,4.5906,0.0,0.0098,0.0,0.5059,0.5182,34.7766,34.8608,26.1889,26.2606,1.2990000000000002,1.683,0.49200000000000005,0.637,False
148.937,2019-10-11 12:24:17,9138.0,380.699,-106.85723,16.81064,148.0,13.161,13.1388,40953.0,4.101826,0.1733,0.0533,98.6756,0.00019878,0.0,0.5068,0.5189,0.0684,0.114,4.5904,0.0,0.0098,0.0,0.5061,0.5181,34.7776,34.8598,26.1923,26.2605,1.432,1.6880000000000002,0.542,0.639,False
149.944,2019-10-11 12:24:17,9190.0,382.855,-106.85723999999999,16.81064,149.0,13.0708,13.0354,40868.0,4.0928260000000005,0.1699,0.0529,98.6869,0.00018232,0.0,0.5069,0.5189,0.068,0.1147,4.5909,0.0,0.0097,0.0,0.5062,0.5181,34.7785,34.8689,26.2112,26.2883,1.291,1.65,0.488,0.623,False
150.951,2019-10-11 12:24:17,9214.0,383.86699999999996,-106.85723999999999,16.81064,150.0,12.9746,12.9408,40776.0,4.083611,0.1491,0.0541,98.6573,0.000195,0.0,0.5069,0.5189,0.0659,0.1147,4.5895,0.0,0.0097,0.0,0.5061,0.518,34.7794,34.8677,26.2312,26.3063,1.307,1.6740000000000002,0.493,0.631,False
151.957,2019-10-11 12:24:17,9240.0,384.95300000000003,-106.85723999999999,16.81064,151.0,12.9551,12.9221,40758.0,4.081501,0.1418,0.0545,98.6466,0.00018236,0.0,0.5072,0.5193,0.0652,0.1147,4.589,0.0,0.0097,0.0,0.5058,0.518,34.7797,34.8643,26.2354,26.3076,1.29,1.64,0.486,0.618,False
152.964,2019-10-11 12:24:17,9322.0,388.37199999999996,-106.85723999999999,16.81064,152.0,12.9606,12.9333,40764.0,4.082308,0.1276,0.0549,98.6361,0.0002001,0.0,0.5068,0.5188,0.0638,0.1147,4.5885,0.0,0.0098,0.0,0.5058,0.5179,34.7799,34.8613,26.2345,26.303,1.3130000000000002,1.649,0.495,0.622,False
153.97,2019-10-11 12:24:17,9385.0,390.981,-106.85723999999999,16.81064,153.0,12.9403,12.9104,40746.0,4.080507,0.1252,0.0548,98.6375,0.00018913,0.0,0.5067,0.5188,0.0635,0.1147,4.5886,0.0,0.0097,0.0,0.5055,0.5178,34.7807,34.8648,26.2392,26.3103,1.1840000000000002,1.6269999999999998,0.446,0.613,False
154.977,2019-10-11 12:24:17,9410.0,392.04699999999997,-106.85723999999999,16.81064,154.0,12.9389,12.9075,40745.0,4.080125,0.1249,0.0549,98.6357,0.00015685,0.0,0.5067,0.5188,0.0635,0.1147,4.5885,0.0,0.0095,0.0,0.5053,0.5176,34.7812,34.8633,26.2398,26.3098,1.091,1.554,0.41100000000000003,0.585,False
155.984,2019-10-11 12:24:17,9439.0,393.26,-106.85723999999999,16.81064,155.0,12.9377,12.9065,40745.0,4.080064,0.1249,0.055,98.6342,0.000167,0.0,0.5067,0.5187,0.0635,0.1147,4.5884,0.0,0.0096,0.0,0.5049,0.5175,34.7813,34.8633,26.2402,26.3099,1.165,1.5959999999999999,0.439,0.601,False
156.991,2019-10-11 12:24:17,9533.0,397.17800000000005,-106.85723999999999,16.81064,156.0,12.9415,12.9103,40749.0,4.0804540000000005,0.118,0.0548,98.6375,0.00016381,0.0,0.5059,0.5184,0.0628,0.1146,4.5886,0.0,0.0095,0.0,0.5048,0.5173,34.7814,34.8631,26.2395,26.309,1.153,1.548,0.434,0.583,False
157.997,2019-10-11 12:24:17,9604.0,400.11300000000006,-106.85723999999999,16.81062,157.0,12.9374,12.9061,40746.0,4.080132,0.1195,0.0545,98.6457,0.00018911,0.0,0.5058,0.5183,0.063,0.1147,4.589,0.0,0.0097,0.0,0.5045,0.5174,34.7815,34.8634,26.2405,26.3102,1.193,1.601,0.45,0.603,False
159.004,2019-10-11 12:24:17,9625.0,401.004,-106.85723999999999,16.81062,158.0,12.9363,12.9051,40745.0,4.080082,0.1249,0.0545,98.647,0.00018396,0.0,0.5056,0.5183,0.0635,0.1147,4.589,0.0,0.0097,0.0,0.5049,0.5171,34.7812,34.8635,26.2405,26.3104,1.209,1.483,0.456,0.5589999999999999,False
160.011,2019-10-11 12:24:17,9647.0,401.901,-106.85723999999999,16.81062,159.0,12.9305,12.899,40740.0,4.0796209999999995,0.1249,0.0549,98.6359,0.00016825,0.0,0.5057,0.5183,0.0635,0.1148,4.5885,0.0,0.0096,0.0,0.5046,0.5171,34.7815,34.8642,26.2419,26.3123,1.09,1.527,0.41100000000000003,0.575,False
161.018,2019-10-11 12:24:17,9671.0,402.92900000000003,-106.85723999999999,16.81062,160.0,12.9204,12.8882,40731.0,4.0787379999999995,0.1249,0.0549,98.6357,0.00018792,0.0,0.5055,0.518,0.0635,0.1148,4.5885,0.0,0.0097,0.0,0.5046,0.517,34.7817,34.8653,26.2441,26.3153,1.119,1.484,0.42100000000000004,0.5589999999999999,False
162.025,2019-10-11 12:24:17,9792.0,407.96,-106.85723999999999,16.81062,161.0,12.9048,12.8799,40716.0,4.077712,0.1124,0.0549,98.6353,0.00017932,0.0,0.5056,0.5179,0.0623,0.1146,4.5885,0.0,0.0096,0.0,0.5045,0.517,34.7812,34.8628,26.2469,26.3151,1.163,1.541,0.43799999999999994,0.58,False
163.031,2019-10-11 12:24:17,9860.0,410.79900000000004,-106.85723999999999,16.81062,162.0,12.8426,12.8076,40657.0,4.071275,0.1126,0.0551,98.631,0.00012174,0.0,0.5055,0.5179,0.0623,0.1146,4.5883,0.0,0.0093,0.0,0.5046,0.5169,34.7818,34.8675,26.2597,26.3331,1.1520000000000001,1.4480000000000002,0.433,0.544,False
164.03799999999998,2019-10-11 12:24:17,9878.0,411.538,-106.85723999999999,16.81062,163.0,12.8235,12.7927,40639.0,4.069630999999999,0.1023,0.055,98.6343,0.00015886,0.0,0.5055,0.5178,0.0612,0.1147,4.5884,0.0,0.0095,0.0,0.5046,0.5168,34.7819,34.8651,26.2636,26.3342,1.159,1.49,0.436,0.56,False
165.045,2019-10-11 12:24:17,9897.0,412.32300000000004,-106.85723999999999,16.81062,164.0,12.8121,12.7806,40628.0,4.068562,0.0891,0.0549,98.6357,0.00011672,0.0,0.5056,0.518,0.0599,0.1148,4.5885,0.0,0.0092,0.0,0.5046,0.5169,34.7813,34.8656,26.2654,26.337,1.16,1.496,0.436,0.562,False
166.051,2019-10-11 12:24:17,9920.0,413.30699999999996,-106.85723999999999,16.81062,165.0,12.7883,12.7563,40605.0,4.066318,0.0895,0.0548,98.6381,0.0001588,0.0,0.5055,0.518,0.0599,0.1147,4.5886,0.0,0.0095,0.0,0.5046,0.5168,34.7812,34.8661,26.2701,26.3423,1.161,1.4609999999999999,0.436,0.5489999999999999,False
167.05900000000003,2019-10-11 12:24:17,10035.0,418.07099999999997,-106.85723999999999,16.81062,166.0,12.7992,12.7599,40616.0,4.066168,0.089,0.0545,98.6473,0.0001158,0.0,0.5055,0.5176,0.0599,0.1146,4.589,0.0,0.0092,0.0,0.5046,0.5168,34.7808,34.8609,26.2677,26.3375,1.162,1.51,0.43700000000000006,0.5670000000000001,False
168.065,2019-10-11 12:24:17,10084.0,420.121,-106.85723999999999,16.81062,167.0,12.6852,12.6685,40506.0,4.059165,0.0883,0.0544,98.6494,6.8619e-05,0.0,0.5055,0.5177,0.0598,0.1147,4.5891,0.0,0.0089,0.0,0.5046,0.5168,34.78,34.8778,26.2895,26.3687,1.1540000000000001,1.452,0.433,0.544,False
169.072,2019-10-11 12:24:17,10108.0,421.139,-106.85723999999999,16.81062,168.0,12.6361,12.6044,40459.0,4.051664,0.0883,0.0529,98.6849,0.00010145,0.0,0.5055,0.5177,0.0598,0.1145,4.5908,0.0,0.0091,0.0,0.5046,0.5168,34.7795,34.8646,26.2989,26.3711,1.1540000000000001,1.452,0.43200000000000005,0.544,False
170.079,2019-10-11 12:24:17,10142.0,422.546,-106.85723999999999,16.81062,169.0,12.6161,12.5845,40439.0,4.049608999999999,0.0883,0.0533,98.6767,8.772700000000001e-05,0.0,0.5055,0.5179,0.0598,0.1147,4.5904,0.0,0.0091,0.0,0.5046,0.5166,34.7787,34.8629,26.3023,26.3738,1.155,1.466,0.43200000000000005,0.5489999999999999,False
171.085,2019-10-11 12:24:17,10262.0,427.542,-106.85723999999999,16.81062,170.0,12.6349,12.6011,40457.0,4.051082,0.0883,0.0533,98.6754,0.00011668,0.0,0.5054,0.5174,0.0598,0.1146,4.5904,0.0,0.0092,0.0,0.5045,0.5165,34.7784,34.8612,26.2983,26.3692,1.163,1.443,0.436,0.54,False
172.092,2019-10-11 12:24:17,10295.0,428.908,-106.85723999999999,16.81062,171.0,12.5815,12.5495,40407.0,4.046397,0.0883,0.0528,98.6881,0.00010175,0.0,0.5055,0.5174,0.0598,0.1147,4.591,0.0,0.0092,0.0,0.5046,0.5166,34.779,34.8636,26.3093,26.3812,1.1340000000000001,1.4409999999999998,0.424,0.539,False
173.09900000000002,2019-10-11 12:24:17,10316.0,429.784,-106.85723999999999,16.81062,172.0,12.567,12.5354,40393.0,4.044973000000001,0.0806,0.0528,98.6882,0.00010167,0.0,0.5054,0.5176,0.059,0.1146,4.591,0.0,0.0092,0.0,0.5045,0.5165,34.7788,34.8624,26.312,26.3831,1.158,1.4,0.433,0.523,False
174.106,2019-10-11 12:24:17,10338.0,430.699,-106.85723999999999,16.81062,173.0,12.5526,12.5211,40379.0,4.043566,0.0757,0.0528,98.6871,0.00012626,0.0,0.5054,0.5175,0.0586,0.1147,4.5909,0.0,0.0093,0.0,0.5045,0.5164,34.7784,34.8618,26.3146,26.3854,1.159,1.42,0.433,0.531,False
175.113,2019-10-11 12:24:17,10447.0,435.25199999999995,-106.85723999999999,16.81062,174.0,12.565,12.5353,40392.0,4.04477,0.0802,0.0525,98.6953,9.685299999999999e-05,0.0,0.5054,0.5173,0.059,0.1146,4.5913,0.0,0.0091,0.0,0.5044,0.5162,34.7785,34.8598,26.3122,26.3811,1.133,1.415,0.423,0.529,False
176.11900000000003,2019-10-11 12:24:17,10527.0,438.56699999999995,-106.85723999999999,16.81062,175.0,12.5509,12.5186,40379.0,4.043391000000001,0.0885,0.0528,98.6881,5.4421000000000006e-05,0.0,0.5054,0.517,0.0598,0.1145,4.591,0.0,0.0088,0.0,0.5044,0.5161,34.7788,34.8616,26.3153,26.3858,1.114,1.403,0.41600000000000004,0.524,False
177.12599999999998,2019-10-11 12:24:17,10545.0,439.315,-106.85723999999999,16.81062,176.0,12.53,12.498,40359.0,4.041518,0.0876,0.0528,98.6882,9.046799999999999e-05,0.0,0.5053,0.5174,0.0597,0.1147,4.591,0.0,0.0091,0.0,0.5045,0.5163,34.778,34.8622,26.3188,26.3904,1.133,1.381,0.423,0.516,False
178.13299999999998,2019-10-11 12:24:17,10562.0,440.023,-106.85723999999999,16.81062,177.0,12.5161,12.4847,40346.0,4.040151,0.0862,0.0519,98.7123,0.00010721,0.0,0.5054,0.5173,0.0596,0.1145,4.5921,0.0,0.0092,0.0,0.5043,0.516,34.7778,34.8609,26.3213,26.392,1.046,1.341,0.391,0.501,False
179.14,2019-10-11 12:24:17,10578.0,440.72,-106.85723999999999,16.81062,178.0,12.5092,12.4785,40339.0,4.039551,0.0765,0.052,98.71,7.329e-05,0.0,0.5054,0.5173,0.0586,0.1144,4.592,0.0,0.009,0.0,0.5042,0.5161,34.7776,34.8604,26.3225,26.3928,1.123,1.396,0.419,0.521,False
180.14700000000002,2019-10-11 12:24:17,10599.0,441.589,-106.85723999999999,16.81062,179.0,12.5012,12.4698,40332.0,4.038704,0.0753,0.0519,98.7123,0.00012324,0.0,0.5054,0.5171,0.0585,0.1146,4.5921,0.0,0.0093,0.0,0.5043,0.516,34.7773,34.8599,26.3239,26.3941,1.083,1.36,0.40399999999999997,0.508,False
181.15400000000002,2019-10-11 12:24:17,10720.0,446.63,-106.85723999999999,16.81064,180.0,12.5083,12.4751,40338.0,4.0391379999999995,0.0803,0.0524,98.6988,1.9182e-05,0.0,0.5054,0.5169,0.059,0.1145,4.5915,0.0,0.0086,0.0,0.5042,0.516,34.7769,34.8587,26.3223,26.3922,1.08,1.402,0.40299999999999997,0.524,False
182.16099999999997,2019-10-11 12:24:17,10786.0,449.39,-106.85723999999999,16.81064,181.0,12.4891,12.4501,40321.0,4.037416,0.0746,0.0519,98.713,9.5848e-05,0.0,0.5054,0.5168,0.0585,0.1145,4.5921,0.0,0.0091,0.0,0.5045,0.5162,34.7771,34.8648,26.3262,26.4019,1.13,1.3619999999999999,0.42200000000000004,0.508,False
183.167,2019-10-11 12:24:17,10804.0,450.111,-106.85723999999999,16.81064,182.0,12.442,12.4093,40274.0,4.033155000000001,0.0654,0.0519,98.7131,6.4779e-05,0.0,0.5054,0.5169,0.0575,0.1145,4.5921,0.0,0.0089,0.0,0.5044,0.5158,34.7754,34.8612,26.3341,26.407,1.091,1.237,0.40700000000000003,0.461,False
184.174,2019-10-11 12:24:17,10827.0,451.082,-106.85723999999999,16.81064,183.0,12.4121,12.3797,40245.0,4.030207,0.0712,0.0518,98.7144,4.8487e-05,0.0,0.5053,0.5169,0.0581,0.1146,4.5922,0.0,0.0088,0.0,0.5041,0.5156,34.7749,34.8598,26.3395,26.4117,0.976,1.3030000000000002,0.364,0.486,False
185.18099999999998,2019-10-11 12:24:17,10939.0,455.74300000000005,-106.85723999999999,16.81064,184.0,12.4231,12.3866,40256.0,4.0306,0.0684,0.0515,98.7219,7.0572e-05,0.0,0.5051,0.5167,0.0578,0.1145,4.5925,0.0,0.009,0.0,0.504,0.5158,34.7745,34.8567,26.3371,26.408,1.104,1.3530000000000002,0.41100000000000003,0.504,False
186.188,2019-10-11 12:24:17,11020.0,459.134,-106.85723999999999,16.81064,185.0,12.3233,12.2917,40158.0,4.02209,0.0646,0.0522,98.7035,3.234e-05,0.0,0.5051,0.5165,0.0575,0.1146,4.5917,0.0,0.0087,0.0,0.5045,0.5156,34.772,34.8622,26.3545,26.4307,1.07,1.261,0.39799999999999996,0.469,False
187.195,2019-10-11 12:24:17,11039.0,459.908,-106.85723999999999,16.81064,186.0,12.2841,12.2514,40120.0,4.017793,0.0763,0.0511,98.7313,7.697699999999999e-05,0.0,0.5054,0.5167,0.0586,0.1144,4.593,0.0,0.009,0.0,0.5043,0.5156,34.7709,34.8576,26.3613,26.4349,1.023,1.349,0.38,0.501,False
188.202,2019-10-11 12:24:17,11059.0,460.74699999999996,-106.85723999999999,16.81064,187.0,12.2523,12.2204,40090.0,4.014659,0.0657,0.0498,98.7629,5.9737e-05,0.0,0.5054,0.5169,0.0576,0.1145,4.5944,0.0,0.0089,0.0,0.504,0.5157,34.771,34.8556,26.3675,26.4394,0.965,1.3719999999999999,0.358,0.51,False
189.209,2019-10-11 12:24:17,11153.0,464.656,-106.85723999999999,16.81064,188.0,12.2669,12.2359,40104.0,4.01581,0.0633,0.05,98.7568,5.8373999999999994e-05,0.0,0.5049,0.5165,0.0573,0.1135,4.5941,0.0,0.0089,0.0,0.5039,0.5155,34.771,34.8519,26.3647,26.4335,1.103,1.308,0.41,0.486,False
190.21599999999998,2019-10-11 12:24:17,11212.0,467.14599999999996,-106.85723999999999,16.81064,189.0,12.2512,12.2188,40091.0,4.014463,0.0664,0.05,98.7573,5.4168e-05,0.0,0.5048,0.5165,0.0576,0.1146,4.5942,0.0,0.0088,0.0,0.504,0.5157,34.7724,34.8544,26.3689,26.4388,1.133,1.3519999999999999,0.42100000000000004,0.502,False
191.22299999999998,2019-10-11 12:24:17,11240.0,468.292,-106.85723999999999,16.81064,190.0,12.2365,12.2055,40078.0,4.013227,0.0624,0.0496,98.7667,8.9925e-05,0.0,0.505,0.5165,0.0572,0.1145,4.5946,0.0,0.0091,0.0,0.5039,0.5156,34.7724,34.8543,26.3718,26.4414,0.986,1.2930000000000001,0.366,0.48,False
192.229,2019-10-11 12:24:17,11276.0,469.79900000000004,-106.85723999999999,16.81064,191.0,12.2261,12.1955,40068.0,4.012315,0.0681,0.0496,98.768,5.0833999999999995e-05,0.0,0.5048,0.5165,0.0578,0.1146,4.5946,0.0,0.0088,0.0,0.5036,0.5155,34.7722,34.8544,26.3736,26.4433,0.9670000000000001,1.319,0.359,0.49,False
193.236,2019-10-11 12:24:17,11370.0,473.70099999999996,-106.85723999999999,16.81064,192.0,12.2348,12.2032,40077.0,4.013,0.0673,0.0487,98.7917,6.2274e-05,0.0,0.5046,0.5164,0.0577,0.1145,4.5957,0.0,0.0089,0.0,0.5037,0.5155,34.7723,34.8534,26.372,26.4411,1.069,1.314,0.397,0.488,False
194.243,2019-10-11 12:24:17,11419.0,475.75199999999995,-106.85723999999999,16.81064,193.0,12.2158,12.1853,40059.0,4.011407,0.0659,0.0494,98.7725,7.9541e-05,0.0,0.5047,0.5163,0.0576,0.1129,4.5949,0.0,0.009,0.0,0.5036,0.5156,34.7727,34.8542,26.3761,26.4452,1.002,1.3130000000000002,0.37200000000000005,0.48700000000000004,False
195.25,2019-10-11 12:24:17,11450.0,477.026,-106.85723999999999,16.81064,194.0,12.2136,12.183,40058.0,4.011237,0.0631,0.0493,98.7751,7.715100000000001e-05,0.0,0.5045,0.5164,0.0573,0.1145,4.595,0.0,0.009,0.0,0.5036,0.5154,34.7727,34.8542,26.3765,26.4457,1.022,1.3219999999999998,0.379,0.491,False
196.257,2019-10-11 12:24:17,11481.0,478.32599999999996,-106.85723999999999,16.81064,195.0,12.207,12.176,40052.0,4.010639,0.0632,0.0482,98.802,7.5585e-05,0.0,0.5045,0.5165,0.0573,0.1146,4.5962,0.0,0.009,0.0,0.5036,0.5155,34.7725,34.8546,26.3777,26.4473,1.0190000000000001,1.2790000000000001,0.37799999999999995,0.475,False
197.264,2019-10-11 12:24:17,11561.0,481.67,-106.85723999999999,16.81064,196.0,12.2079,12.1777,40053.0,4.010736,0.0692,0.0485,98.7963,1.0799000000000001e-05,0.0,0.5044,0.5164,0.0579,0.1146,4.596,0.0,0.0086,0.0,0.5035,0.5154,34.7722,34.8535,26.3773,26.4462,1.015,1.307,0.377,0.485,False
198.271,2019-10-11 12:24:17,11626.0,484.35900000000004,-106.85723999999999,16.81064,197.0,12.1995,12.1687,40045.0,4.009982,0.0634,0.0491,98.7814,1.7429000000000002e-05,0.0,0.5045,0.5163,0.0573,0.1146,4.5953,0.0,0.0086,0.0,0.5034,0.5153,34.7723,34.854,26.379,26.4484,1.001,1.2429999999999999,0.371,0.461,False
199.278,2019-10-11 12:24:17,11654.0,485.56199999999995,-106.85723999999999,16.81064,198.0,12.1991,12.1686,40045.0,4.009988,0.0627,0.048,98.8073,2.7876e-05,0.0,0.5045,0.5163,0.0573,0.1146,4.5965,0.0,0.0087,0.0,0.5035,0.5153,34.7722,34.8537,26.379,26.4482,1.016,1.315,0.377,0.488,False
200.285,2019-10-11 12:24:17,11684.0,486.80300000000005,-106.85723999999999,16.81064,199.0,12.1993,12.1687,40046.0,4.010036,0.0638,0.0486,98.7938,2.5523000000000003e-05,0.0,0.5044,0.5163,0.0574,0.1146,4.5958,0.0,0.0087,0.0,0.5034,0.5152,34.7728,34.8537,26.3795,26.4482,1.0,1.2329999999999999,0.371,0.457,False
201.292,2019-10-11 12:24:17,11757.0,489.833,-106.85723999999999,16.81064,200.0,12.1999,12.1694,40047.0,4.010117,0.0714,0.0487,98.79,3.287e-05,0.0,0.5043,0.5161,0.0581,0.1146,4.5957,0.0,0.0087,0.0,0.5034,0.5152,34.7727,34.8535,26.3793,26.4479,1.004,1.2790000000000001,0.373,0.474,False
202.299,2019-10-11 12:24:17,11831.0,492.923,-106.85723999999999,16.81064,201.0,12.1985,12.168,40046.0,4.010083,0.0629,0.0485,98.795,5.7612e-06,0.0,0.5043,0.5161,0.0573,0.1146,4.5959,0.0,0.0085,0.0,0.5035,0.5155,34.7728,34.854,26.3796,26.4486,1.085,1.331,0.40299999999999997,0.494,False
203.30599999999998,2019-10-11 12:24:17,11857.0,493.99699999999996,-106.85723999999999,16.81064,202.0,12.1867,12.1547,40035.0,4.008935,0.0634,0.0493,98.7734,2.4351999999999997e-05,0.0,0.5043,0.5163,0.0574,0.1147,4.5949,0.0,0.0087,0.0,0.5035,0.5151,34.772,34.8547,26.3813,26.4517,1.001,1.21,0.371,0.449,False
204.313,2019-10-11 12:24:17,11885.0,495.186,-106.85723999999999,16.81064,203.0,12.1421,12.1083,39991.0,4.004719000000001,0.0663,0.0476,98.8171,1.24e-05,0.0,0.5043,0.5161,0.0576,0.1146,4.597,0.0,0.0086,0.0,0.5036,0.5154,34.7701,34.8566,26.3885,26.4621,1.026,1.334,0.38,0.494,False
205.32,2019-10-11 12:24:17,11941.0,497.48900000000003,-106.85723999999999,16.81064,204.0,12.093,12.0497,39942.0,3.998562,0.069,0.0474,98.8213,2.2345e-05,0.0,0.5045,0.5162,0.0579,0.1146,4.5972,0.0,0.0086,0.0,0.5035,0.5152,34.7679,34.851,26.3961,26.469,1.008,1.2590000000000001,0.373,0.466,False
206.327,2019-10-11 12:24:17,12018.0,500.718,-106.85723999999999,16.81064,205.0,12.0286,11.9988,39879.0,3.993475,0.068,0.0475,98.8203,2.0546e-05,0.0,0.5044,0.5161,0.0578,0.1146,4.5971,0.0,0.0086,0.0,0.5034,0.515,34.766,34.8485,26.407,26.4768,1.0070000000000001,1.24,0.37200000000000005,0.45799999999999996,False
207.333,2019-10-11 12:24:17,12060.0,502.476,-106.85723999999999,16.81064,206.0,12.0256,11.9947,39877.0,3.99316,0.0628,0.0471,98.8302,2.1836e-05,0.0,0.5043,0.5161,0.0573,0.1145,4.5976,0.0,0.0086,0.0,0.5034,0.5154,34.7668,34.8488,26.4083,26.4778,1.023,1.3719999999999999,0.37799999999999995,0.507,False
208.34099999999998,2019-10-11 12:24:17,12086.0,503.523,-106.85723999999999,16.81064,207.0,12.0102,11.9787,39862.0,3.991764,0.0754,0.0467,98.8385,1.6152e-05,0.0,0.5043,0.5159,0.0585,0.1149,4.598,0.0,0.0086,0.0,0.5034,0.5152,34.7665,34.8496,26.411,26.4816,1.006,1.249,0.37200000000000005,0.462,False
209.347,2019-10-11 12:24:17,12109.0,504.485,-106.85723999999999,16.81064,208.0,11.9914,11.9594,39844.0,3.98998,0.0641,0.0466,98.8411,8.9502e-06,0.0,0.5043,0.5158,0.0574,0.1148,4.5981,0.0,0.0086,0.0,0.5034,0.5153,34.7653,34.8498,26.4137,26.4854,1.01,1.29,0.373,0.47600000000000003,False
210.354,2019-10-11 12:24:17,12134.0,505.55,-106.85723999999999,16.81064,209.0,11.9476,11.9139,39800.0,3.985615,0.0639,0.0459,98.8577,2.163e-05,0.0,0.5043,0.5162,0.0574,0.1146,4.5988,0.0,0.0086,0.0,0.5034,0.515,34.7634,34.8494,26.4205,26.4937,1.005,1.193,0.371,0.44,False
211.362,2019-10-11 12:24:17,12168.0,506.94800000000004,-106.85723999999999,16.81064,210.0,11.9272,11.8954,39781.0,3.983459,0.063,0.0457,98.8646,1.0423e-05,0.0,0.5043,0.5162,0.0573,0.1145,4.5992,0.0,0.0086,0.0,0.5034,0.5151,34.7627,34.8452,26.4239,26.494,1.0070000000000001,1.271,0.371,0.469,False
212.368,2019-10-11 12:24:17,12212.0,508.774,-106.85723999999999,16.81064,211.0,11.9128,11.8823,39766.0,3.982135,0.0633,0.0454,98.8718,4.6927e-06,0.0,0.5043,0.516,0.0573,0.1143,4.5995,0.0,0.0085,0.0,0.5034,0.5149,34.7618,34.844,26.4259,26.4956,1.02,1.2109999999999999,0.376,0.447,False
213.375,2019-10-11 12:24:17,12239.0,509.936,-106.85723999999999,16.81064,212.0,11.9083,11.8779,39762.0,3.9817910000000003,0.0633,0.0454,98.872,-7.625e-08,0.0,0.5043,0.5159,0.0573,0.1147,4.5995,0.0,0.0085,0.0,0.5035,0.515,34.7617,34.8444,26.4267,26.4967,1.014,1.248,0.374,0.46,False
214.382,2019-10-11 12:24:17,12258.0,510.722,-106.85723999999999,16.81064,213.0,11.9009,11.8706,39755.0,3.981025,0.0631,0.0457,98.8634,1.3279000000000001e-05,0.0,0.5043,0.5158,0.0573,0.1146,4.5991,0.0,0.0086,0.0,0.5034,0.5149,34.7612,34.8432,26.4278,26.4973,0.991,1.2009999999999998,0.366,0.44299999999999995,False
215.39,2019-10-11 12:24:17,12274.0,511.389,-106.85723999999999,16.81064,214.0,11.8974,11.8654,39753.0,3.9806269999999997,0.0632,0.0455,98.869,2.4154e-05,0.0,0.5043,0.5161,0.0573,0.1146,4.5994,0.0,0.0087,0.0,0.5034,0.5149,34.7617,34.8438,26.4288,26.4987,1.011,1.251,0.373,0.461,False
216.396,2019-10-11 12:24:17,12291.0,512.0830000000001,-106.85723999999999,16.81064,215.0,11.8888,11.8582,39745.0,3.979918,0.0639,0.0454,98.8719,2.2632e-05,0.0,0.5043,0.516,0.0574,0.1143,4.5995,0.0,0.0086,0.0,0.5034,0.515,34.7613,34.8432,26.4302,26.4996,1.011,1.2690000000000001,0.373,0.46799999999999997,False
217.403,2019-10-11 12:24:17,12311.0,512.905,-106.85723999999999,16.81064,216.0,11.8785,11.8473,39735.0,3.978913,0.0634,0.0453,98.8754,9.7627e-06,0.0,0.5044,0.5158,0.0573,0.1146,4.5997,0.0,0.0086,0.0,0.5034,0.5148,34.7607,34.8432,26.4317,26.5017,1.011,1.1640000000000001,0.373,0.429,False
218.41,2019-10-11 12:24:17,12356.0,514.771,-106.85723999999999,16.81064,217.0,11.8796,11.8484,39736.0,3.978929,0.0667,0.0453,98.8733,3.3235e-05,0.0,0.5043,0.5158,0.0577,0.1145,4.5996,0.0,0.0087,0.0,0.5034,0.5148,34.7608,34.8418,26.4316,26.5004,1.012,1.214,0.373,0.447,False
219.417,2019-10-11 12:24:17,12424.0,517.61,-106.85723999999999,16.81064,218.0,11.8787,11.8465,39736.0,3.9788989999999997,0.0624,0.0454,98.8719,5.0578e-05,0.0,0.5043,0.5155,0.0572,0.1145,4.5995,0.0,0.0088,0.0,0.5034,0.5148,34.7609,34.8429,26.4319,26.5017,1.012,1.25,0.373,0.461,False
220.425,2019-10-11 12:24:17,12446.0,518.55,-106.85723999999999,16.81064,219.0,11.8705,11.8396,39728.0,3.9781989999999996,0.0639,0.0454,98.872,7.9403e-06,0.0,0.5043,0.5158,0.0574,0.1144,4.5995,0.0,0.0086,0.0,0.5034,0.5149,34.7608,34.8421,26.4334,26.5023,1.012,1.209,0.373,0.445,False
221.43200000000002,2019-10-11 12:24:17,12464.0,519.311,-106.85723999999999,16.81064,220.0,11.8652,11.8357,39724.0,3.977865,0.0754,0.045,98.8822,5.6404e-05,0.0,0.5043,0.5156,0.0585,0.1148,4.6,0.0,0.0089,0.0,0.5034,0.5147,34.7607,34.842,26.4343,26.5031,1.012,1.165,0.373,0.429,False
222.43900000000002,2019-10-11 12:24:17,12480.0,519.977,-106.85723999999999,16.81064,221.0,11.8624,11.8329,39721.0,3.977635,0.0735,0.0454,98.872,2.9123000000000002e-05,0.0,0.5043,0.516,0.0583,0.1146,4.5995,0.0,0.0087,0.0,0.5034,0.5148,34.7605,34.8419,26.4347,26.5035,1.012,1.219,0.373,0.449,False
223.446,2019-10-11 12:24:17,12495.0,520.595,-106.85723,16.81064,222.0,11.862,11.8318,39721.0,3.9775410000000004,0.0762,0.0451,98.8791,1.3257e-05,0.0,0.5043,0.5154,0.0586,0.1148,4.5998,0.0,0.0086,0.0,0.5034,0.5146,34.7603,34.8416,26.4346,26.5035,1.013,1.218,0.373,0.449,False
224.453,2019-10-11 12:24:17,12510.0,521.205,-106.85722,16.81064,223.0,11.8588,11.829,39719.0,3.9773650000000003,0.0651,0.0449,98.8833,3.722e-05,0.0,0.5043,0.5159,0.0575,0.1145,4.6,0.0,0.0087,0.0,0.5034,0.5149,34.7605,34.842,26.4354,26.5044,1.013,1.209,0.373,0.445,False
225.46,2019-10-11 12:24:17,12526.0,521.879,-106.85722,16.81064,224.0,11.8518,11.8216,39712.0,3.976683,0.0626,0.0454,98.8726,2.469e-05,0.0,0.5043,0.5157,0.0573,0.1146,4.5995,0.0,0.0087,0.0,0.5034,0.5146,34.7601,34.8419,26.4364,26.5057,1.013,1.155,0.373,0.425,False
226.467,2019-10-11 12:24:17,12548.0,522.804,-106.85722,16.81064,225.0,11.8418,11.8116,39703.0,3.9757870000000004,0.0654,0.0453,98.8754,5.371e-05,0.0,0.5043,0.5157,0.0575,0.1147,4.5997,0.0,0.0088,0.0,0.5034,0.5146,34.7599,34.842,26.4382,26.5077,1.013,1.212,0.373,0.446,False
227.47400000000002,2019-10-11 12:24:17,12623.0,525.934,-106.85722,16.81064,226.0,11.845,11.8147,39706.0,3.975969,0.0648,0.0447,98.8878,1.7537e-05,0.0,0.5043,0.5156,0.0575,0.1147,4.6002,0.0,0.0086,0.0,0.5034,0.5148,34.7592,34.8404,26.4371,26.5059,1.013,1.206,0.373,0.444,False
228.481,2019-10-11 12:24:17,12670.0,527.872,-106.85722,16.81064,227.0,11.8226,11.7912,39685.0,3.973906,0.0639,0.0449,98.8841,5.5487e-05,0.0,0.5043,0.5156,0.0574,0.1145,4.6001,0.0,0.0089,0.0,0.5034,0.5147,34.7593,34.8418,26.4414,26.5115,1.014,1.27,0.373,0.467,False
229.488,2019-10-11 12:24:17,12691.0,528.762,-106.85722,16.81064,228.0,11.819,11.789,39682.0,3.973633,0.0639,0.0452,98.8775,3.181e-05,0.0,0.5043,0.5157,0.0574,0.1145,4.5997,0.0,0.0087,0.0,0.5034,0.515,34.7595,34.8408,26.4422,26.5111,1.014,1.188,0.373,0.43700000000000006,False
230.495,2019-10-11 12:24:17,12709.0,529.515,-106.85722,16.81064,229.0,11.8163,11.7864,39680.0,3.97347,0.0623,0.0449,98.8838,3.8422e-05,0.0,0.5043,0.5154,0.0572,0.1145,4.6,0.0,0.0087,0.0,0.5034,0.5146,34.7594,34.8412,26.4427,26.512,1.015,1.18,0.373,0.434,False
231.502,2019-10-11 12:24:17,12725.0,530.1709999999999,-106.85722,16.81064,230.0,11.8129,11.7829,39677.0,3.973131,0.064,0.0443,98.8989,2.4945e-05,0.0,0.5043,0.5158,0.0574,0.1147,4.6007,0.0,0.0087,0.0,0.5034,0.5148,34.7595,34.8407,26.4435,26.5123,1.015,1.288,0.373,0.474,False
232.50900000000001,2019-10-11 12:24:17,12740.0,530.7819999999999,-106.85722,16.81064,231.0,11.8124,11.7825,39677.0,3.9731199999999998,0.0631,0.0449,98.8845,5.3787e-05,0.0,0.5043,0.5155,0.0573,0.1146,4.6001,0.0,0.0088,0.0,0.5034,0.5148,34.7594,34.8405,26.4435,26.5122,1.015,1.165,0.373,0.429,False
233.517,2019-10-11 12:24:17,12754.0,531.381,-106.85722,16.81064,232.0,11.8117,11.7817,39677.0,3.973099,0.0622,0.0449,98.8851,2.965e-05,0.0,0.5043,0.5157,0.0572,0.1144,4.6001,0.0,0.0087,0.0,0.5034,0.5145,34.7594,34.8406,26.4436,26.5125,1.015,1.045,0.374,0.385,False
234.524,2019-10-11 12:24:17,12769.0,532.01,-106.85722,16.81064,233.0,11.8111,11.7812,39676.0,3.973082,0.0631,0.0444,98.8965,3.7966e-05,0.0,0.5043,0.5157,0.0573,0.1146,4.6006,0.0,0.0087,0.0,0.5034,0.5143,34.7592,34.8405,26.4437,26.5125,1.015,1.123,0.374,0.413,False
235.53099999999998,2019-10-11 12:24:17,12788.0,532.794,-106.85722,16.81064,234.0,11.8098,11.7795,39676.0,3.9729669999999997,0.0612,0.0443,98.8983,5.5053e-05,0.0,0.5043,0.5156,0.0571,0.1146,4.6007,0.0,0.0089,0.0,0.5034,0.5146,34.7592,34.8406,26.4439,26.5129,1.015,1.253,0.374,0.461,False
236.53799999999998,2019-10-11 12:24:17,12845.0,535.163,-106.85722,16.81064,235.0,11.8095,11.7795,39676.0,3.972968,0.0627,0.0448,98.8865,0.00010657,0.0,0.5043,0.5155,0.0573,0.1146,4.6002,0.0,0.0092,0.0,0.5034,0.5146,34.7592,34.8401,26.444,26.5125,1.015,1.198,0.374,0.441,False
237.545,2019-10-11 12:24:17,12908.0,537.7819999999999,-106.85722,16.81064,236.0,11.7976,11.7645,39665.0,3.971818,0.0635,0.0443,98.8987,3.8202e-05,0.0,0.5043,0.5154,0.0574,0.1148,4.6007,0.0,0.0087,0.0,0.5034,0.5146,34.7591,34.8425,26.4462,26.5172,1.016,1.232,0.374,0.45299999999999996,False
238.55200000000002,2019-10-11 12:24:17,12930.0,538.7040000000001,-106.85722,16.81064,237.0,11.7695,11.7377,39638.0,3.969315,0.0597,0.0443,98.8983,8.035199999999999e-05,0.0,0.5043,0.5156,0.057,0.1145,4.6007,0.0,0.009,0.0,0.5034,0.515,34.7585,34.8426,26.451,26.5224,1.018,1.3230000000000002,0.375,0.486,False
239.55900000000003,2019-10-11 12:24:17,12950.0,539.5369999999999,-106.85722,16.81064,238.0,11.7401,11.709,39609.0,3.9664620000000004,0.0613,0.0445,98.8928,6.430699999999999e-05,0.0,0.5043,0.5154,0.0571,0.1145,4.6004,0.0,0.0089,0.0,0.5034,0.5148,34.7572,34.8411,26.4556,26.5267,1.037,1.171,0.381,0.43,False
240.56599999999997,2019-10-11 12:24:17,12970.0,540.362,-106.85722,16.81064,239.0,11.7094,11.6752,39578.0,3.963683,0.0633,0.0484,98.7989,7.1235e-05,0.0,0.5043,0.5157,0.0573,0.1146,4.5961,0.0,0.009,0.0,0.5035,0.5148,34.7558,34.8451,26.4602,26.5361,1.0190000000000001,1.236,0.374,0.45399999999999996,False
241.574,2019-10-11 12:24:17,12990.0,541.224,-106.85722,16.81064,240.0,11.6367,11.6045,39506.0,3.956293,0.0628,0.0433,98.9237,2.8004e-05,0.0,0.5043,0.5154,0.0573,0.1146,4.602,0.0,0.0087,0.0,0.5034,0.5148,34.7519,34.8384,26.4708,26.5441,1.0090000000000001,1.226,0.37,0.449,False
242.581,2019-10-11 12:24:17,13011.0,542.094,-106.85722,16.81064,241.0,11.6045,11.5729,39473.0,3.953029,0.0672,0.0431,98.9281,4.7705e-05,0.0,0.5043,0.5159,0.0577,0.1145,4.6022,0.0,0.0088,0.0,0.5034,0.5149,34.7496,34.8355,26.4751,26.5478,1.021,1.199,0.374,0.439,False
243.588,2019-10-11 12:24:17,13032.0,542.9590000000001,-106.85722,16.81064,242.0,11.5639,11.5315,39433.0,3.9490410000000002,0.0723,0.0423,98.949,5.0778999999999996e-05,0.0,0.5043,0.5157,0.0582,0.1146,4.6031,0.0,0.0088,0.0,0.5034,0.5145,34.7475,34.8347,26.4811,26.5549,1.022,1.131,0.374,0.414,False
244.595,2019-10-11 12:24:17,13054.0,543.875,-106.85722,16.81064,243.0,11.5368,11.5062,39406.0,3.946194,0.0611,0.0419,98.9572,3.4276e-05,0.0,0.5043,0.5157,0.0571,0.1145,4.6035,0.0,0.0087,0.0,0.5034,0.5145,34.7464,34.83,26.4852,26.5559,1.023,1.161,0.374,0.425,False
245.602,2019-10-11 12:24:17,13082.0,545.03,-106.85722,16.81064,244.0,11.5218,11.4915,39391.0,3.944667,0.0634,0.0412,98.9746,6.038e-05,0.0,0.5043,0.5157,0.0574,0.1146,4.6043,0.0,0.0089,0.0,0.5034,0.5145,34.7451,34.8284,26.4871,26.5574,1.024,1.179,0.374,0.431,False
246.609,2019-10-11 12:24:17,13123.0,546.762,-106.85722,16.81064,245.0,11.5112,11.4811,39381.0,3.9435949999999997,0.0615,0.0422,98.9515,2.5814e-05,0.0,0.5043,0.5155,0.0572,0.1146,4.6032,0.0,0.0087,0.0,0.5034,0.5145,34.7451,34.8271,26.489,26.5584,1.024,1.198,0.374,0.43799999999999994,False
247.61700000000002,2019-10-11 12:24:17,13162.0,548.38,-106.85722,16.81064,246.0,11.5049,11.4747,39376.0,3.9430129999999997,0.0615,0.0423,98.948,4.1274e-05,0.0,0.5043,0.5154,0.0572,0.1146,4.6031,0.0,0.0088,0.0,0.5034,0.5145,34.745,34.8269,26.4901,26.5595,1.024,1.173,0.374,0.429,False
248.62400000000002,2019-10-11 12:24:17,13189.0,549.502,-106.85722,16.81064,247.0,11.4949,11.4644,39366.0,3.942096,0.062,0.0419,98.957,4.7048999999999996e-05,0.0,0.5043,0.5153,0.0572,0.1147,4.6035,0.0,0.0088,0.0,0.5034,0.5145,34.7446,34.8272,26.4917,26.5616,1.025,1.2009999999999998,0.374,0.439,False
249.63099999999997,2019-10-11 12:24:17,13213.0,550.496,-106.85722,16.81065,248.0,11.4841,11.4539,39356.0,3.941042,0.0622,0.0416,98.964,3.6806e-05,0.0,0.5043,0.5154,0.0572,0.1146,4.6038,0.0,0.0087,0.0,0.5034,0.5146,34.744,34.8261,26.4933,26.5628,1.025,1.2,0.375,0.439,False
250.638,2019-10-11 12:24:17,13236.0,551.469,-106.85722,16.810660000000002,249.0,11.4787,11.4487,39351.0,3.9405360000000003,0.0649,0.0422,98.9507,4.8927e-05,0.0,0.5043,0.5154,0.0575,0.1148,4.6032,0.0,0.0088,0.0,0.5034,0.5144,34.7434,34.8256,26.4938,26.5634,1.025,1.16,0.375,0.424,False
251.645,2019-10-11 12:24:17,13261.0,552.496,-106.85722,16.810660000000002,250.0,11.473,11.4424,39346.0,3.939973,0.0713,0.042,98.9547,4.6968e-05,0.0,0.5043,0.5154,0.0581,0.1147,4.6034,0.0,0.0088,0.0,0.5034,0.5144,34.7433,34.8256,26.4949,26.5645,1.025,1.1520000000000001,0.375,0.42100000000000004,False
252.653,2019-10-11 12:24:17,13288.0,553.607,-106.85722,16.810660000000002,251.0,11.4657,11.4356,39339.0,3.9393309999999997,0.0654,0.0414,98.97,6.003e-05,0.0,0.5043,0.5155,0.0575,0.1146,4.6041,0.0,0.0089,0.0,0.5034,0.5144,34.7436,34.8252,26.4964,26.5655,1.026,1.167,0.375,0.426,False
253.66,2019-10-11 12:24:17,13317.0,554.831,-106.85722,16.81065,252.0,11.4593,11.4297,39333.0,3.938739,0.0695,0.0411,98.9772,5.5951999999999996e-05,0.0,0.5043,0.5153,0.058,0.1147,4.6044,0.0,0.0089,0.0,0.5034,0.5144,34.743,34.8245,26.4972,26.566,1.026,1.185,0.375,0.433,False
254.667,2019-10-11 12:24:17,13350.0,556.189,-106.85722,16.81064,253.0,11.4586,11.4287,39332.0,3.9386620000000003,0.0688,0.0415,98.9669,6.6108e-05,0.0,0.5043,0.5153,0.0579,0.1147,4.6039,0.0,0.0089,0.0,0.5034,0.5144,34.7426,34.8242,26.497,26.566,1.0190000000000001,1.208,0.373,0.441,False
255.674,2019-10-11 12:24:17,13383.0,557.581,-106.85722,16.81064,254.0,11.456,11.4269,39331.0,3.9385790000000003,0.0621,0.0411,98.976,5.7333e-05,0.0,0.5043,0.5153,0.0572,0.1148,4.6044,0.0,0.0089,0.0,0.5034,0.5145,34.7428,34.8246,26.4977,26.5668,1.02,1.14,0.37200000000000005,0.41600000000000004,False
256.681,2019-10-11 12:24:17,13412.0,558.7869999999999,-106.85722,16.81064,255.0,11.4495,11.4196,39325.0,3.9379160000000004,0.0624,0.0411,98.977,7.314600000000001e-05,0.0,0.5043,0.5153,0.0573,0.1147,4.6044,0.0,0.009,0.0,0.5034,0.5144,34.7431,34.8245,26.4991,26.568,1.037,1.186,0.379,0.433,False
257.688,2019-10-11 12:24:17,13437.0,559.818,-106.85722,16.81064,256.0,11.4341,11.4021,39309.0,3.936294,0.0619,0.0417,98.9627,3.367e-05,0.0,0.5043,0.5153,0.0572,0.1148,4.6037,0.0,0.0087,0.0,0.5034,0.5145,34.7415,34.8246,26.5008,26.5713,1.0270000000000001,1.186,0.375,0.433,False
258.69599999999997,2019-10-11 12:24:17,13459.0,560.754,-106.85722,16.81064,257.0,11.4188,11.3884,39294.0,3.9349540000000003,0.0622,0.0419,98.9583,2.9026e-05,0.0,0.5042,0.5155,0.0572,0.1149,4.6035,0.0,0.0087,0.0,0.5034,0.5144,34.7407,34.8238,26.503,26.5733,1.028,1.169,0.375,0.42700000000000005,False
259.703,2019-10-11 12:24:17,13480.0,561.611,-106.85722,16.81064,258.0,11.4019,11.3707,39278.0,3.933257,0.0622,0.0415,98.9669,6.7139e-05,0.0,0.5043,0.5152,0.0572,0.1148,4.6039,0.0,0.0089,0.0,0.5034,0.5144,34.7399,34.8232,26.5055,26.576,1.028,1.166,0.375,0.425,False
260.71,2019-10-11 12:24:17,13498.0,562.39,-106.85722,16.81064,259.0,11.3881,11.357,39265.0,3.9318410000000004,0.0604,0.0419,98.9573,6.0076000000000006e-05,0.0,0.5043,0.5152,0.0571,0.1147,4.6035,0.0,0.0089,0.0,0.5034,0.5144,34.7392,34.8216,26.5075,26.5774,1.0290000000000001,1.153,0.375,0.42,False
261.717,2019-10-11 12:24:17,13516.0,563.134,-106.85722,16.81064,260.0,11.3766,11.3463,39253.0,3.930758,0.061,0.0411,98.9772,2.348e-05,0.0,0.5043,0.5154,0.0571,0.1148,4.6044,0.0,0.0087,0.0,0.5034,0.5143,34.7384,34.8206,26.5091,26.5785,1.0290000000000001,1.14,0.375,0.41600000000000004,False
262.725,2019-10-11 12:24:17,13535.0,563.931,-106.85722,16.81064,261.0,11.3709,11.3408,39248.0,3.930197,0.0584,0.0411,98.977,2.7697e-05,0.0,0.5043,0.5153,0.0569,0.1147,4.6044,0.0,0.0087,0.0,0.5034,0.5143,34.7382,34.8198,26.51,26.579,1.0290000000000001,1.17,0.375,0.42700000000000005,False
263.732,2019-10-11 12:24:17,13600.0,566.606,-106.85723,16.81064,262.0,11.3718,11.3418,39249.0,3.9302309999999996,0.0682,0.041,98.9804,5.7981000000000006e-05,0.0,0.5043,0.5152,0.0578,0.1146,4.6046,0.0,0.0089,0.0,0.5034,0.5144,34.738,34.8187,26.5097,26.578,1.0290000000000001,1.181,0.375,0.43,False
264.73900000000003,2019-10-11 12:24:17,13667.0,569.396,-106.85723999999999,16.81064,263.0,11.3602,11.3289,39238.0,3.929293,0.0721,0.0411,98.9768,1.4867e-05,0.0,0.5043,0.5152,0.0582,0.1148,4.6044,0.0,0.0086,0.0,0.5034,0.5143,34.7374,34.8211,26.5113,26.5823,1.03,1.204,0.375,0.439,False
265.747,2019-10-11 12:24:17,13681.0,570.007,-106.85723999999999,16.81064,264.0,11.3378,11.3071,39216.0,3.927046,0.0729,0.0411,98.977,9.5558e-05,0.0,0.5043,0.5155,0.0583,0.1148,4.6044,0.0,0.0091,0.0,0.5034,0.5145,34.736,34.819,26.5144,26.5846,1.031,1.205,0.375,0.439,False
266.754,2019-10-11 12:24:17,13695.0,570.5980000000001,-106.85723999999999,16.81064,265.0,11.3257,11.2948,39204.0,3.9258879999999996,0.0743,0.0411,98.977,2.9695e-05,0.0,0.5043,0.5152,0.0584,0.1148,4.6044,0.0,0.0087,0.0,0.5034,0.5145,34.7351,34.8187,26.516,26.5867,1.031,1.175,0.375,0.428,False
267.76099999999997,2019-10-11 12:24:17,13709.0,571.1569999999999,-106.85723999999999,16.81064,266.0,11.3115,11.2808,39190.0,3.9244510000000004,0.0616,0.0403,98.9971,5.1266999999999996e-05,0.0,0.5043,0.5153,0.0572,0.1149,4.6053,0.0,0.0088,0.0,0.5034,0.5144,34.7343,34.8173,26.518,26.5882,1.031,1.077,0.376,0.392,False
268.768,2019-10-11 12:24:17,13722.0,571.711,-106.85723999999999,16.81064,267.0,11.3039,11.2732,39183.0,3.9237370000000005,0.0615,0.0406,98.9892,8.1482e-05,0.0,0.5043,0.5154,0.0572,0.1149,4.605,0.0,0.009,0.0,0.5034,0.5142,34.7339,34.8169,26.5191,26.5892,1.032,1.105,0.376,0.402,False
269.776,2019-10-11 12:24:17,13736.0,572.3009999999999,-106.85723999999999,16.81064,268.0,11.2867,11.2557,39165.0,3.922078,0.063,0.0411,98.9772,7.2786e-05,0.0,0.5043,0.5152,0.0573,0.1149,4.6044,0.0,0.009,0.0,0.5034,0.5141,34.7321,34.8165,26.5208,26.5922,1.032,1.15,0.376,0.418,False
270.783,2019-10-11 12:24:17,13752.0,572.957,-106.85723999999999,16.81064,269.0,11.2711,11.2401,39150.0,3.920529,0.0611,0.0411,98.977,6.0555e-05,0.0,0.5043,0.5153,0.0571,0.1148,4.6044,0.0,0.0089,0.0,0.5034,0.5144,34.7313,34.8154,26.5231,26.5942,1.033,1.185,0.376,0.431,False
271.79,2019-10-11 12:24:17,13773.0,573.813,-106.85723999999999,16.81064,270.0,11.2563,11.2261,39136.0,3.9190150000000004,0.0623,0.0405,98.9937,5.1265e-05,0.0,0.5043,0.5154,0.0572,0.1145,4.6052,0.0,0.0088,0.0,0.5034,0.5141,34.7306,34.8132,26.5252,26.595,0.9990000000000001,1.111,0.363,0.40399999999999997,False
272.797,2019-10-11 12:24:17,13824.0,575.966,-106.85723999999999,16.81065,271.0,11.254,11.2263,39134.0,3.918914,0.0652,0.0402,99.0015,3.4493e-05,0.0,0.5043,0.5152,0.0575,0.1144,4.6055,0.0,0.0087,0.0,0.5034,0.5143,34.7304,34.8116,26.5256,26.5938,1.036,1.192,0.377,0.433,False
273.805,2019-10-11 12:24:17,13901.0,579.177,-106.85723999999999,16.81065,272.0,11.233,11.1836,39113.0,3.915255,0.0605,0.0405,98.9938,2.8630999999999997e-05,0.0,0.5043,0.5152,0.0571,0.1148,4.6052,0.0,0.0087,0.0,0.5034,0.5144,34.729,34.8151,26.5283,26.6044,1.033,1.173,0.376,0.426,False
274.812,2019-10-11 12:24:17,13926.0,580.2040000000001,-106.85723999999999,16.81064,273.0,11.1791,11.1488,39059.0,3.911426,0.0627,0.0397,99.0132,2.9049000000000003e-05,0.0,0.5043,0.5152,0.0573,0.1144,4.6061,0.0,0.0087,0.0,0.5034,0.5144,34.7264,34.8095,26.5361,26.6063,1.036,1.1640000000000001,0.376,0.42200000000000004,False
275.819,2019-10-11 12:24:17,13945.0,580.991,-106.85723999999999,16.81064,274.0,11.1649,11.1345,39045.0,3.909983,0.0745,0.0394,99.0202,5.9456e-05,0.0,0.5043,0.5154,0.0584,0.1148,4.6064,0.0,0.0089,0.0,0.5034,0.5143,34.7253,34.8082,26.5379,26.608,1.036,1.13,0.376,0.41,False
276.827,2019-10-11 12:24:17,13961.0,581.658,-106.85723999999999,16.81064,275.0,11.1532,11.1213,39034.0,3.9087949999999996,0.0721,0.0401,99.0035,4.0925e-05,0.0,0.5043,0.5152,0.0582,0.115,4.6056,0.0,0.0088,0.0,0.5034,0.5142,34.7245,34.8084,26.5395,26.6106,1.036,1.138,0.376,0.413,False
277.834,2019-10-11 12:24:17,13976.0,582.273,-106.85723999999999,16.81064,276.0,11.1285,11.097,39008.0,3.906452,0.072,0.0401,99.0033,4.0668000000000004e-05,0.0,0.5043,0.5153,0.0582,0.1148,4.6056,0.0,0.0088,0.0,0.5034,0.5142,34.7222,34.8076,26.5421,26.6144,1.037,1.1640000000000001,0.376,0.42200000000000004,False
278.841,2019-10-11 12:24:17,13990.0,582.882,-106.85723999999999,16.81064,277.0,11.1076,11.0763,38988.0,3.9043069999999997,0.0632,0.0399,99.0088,5.7709e-05,0.0,0.5043,0.5153,0.0573,0.1148,4.6059,0.0,0.0089,0.0,0.5034,0.5141,34.7207,34.8054,26.5448,26.6164,1.013,1.172,0.36700000000000005,0.425,False
279.849,2019-10-11 12:24:17,14006.0,583.531,-106.85723999999999,16.81064,278.0,11.0808,11.0481,38960.0,3.9015769999999996,0.066,0.0395,99.0186,5.9779e-05,0.0,0.5043,0.5153,0.0576,0.1147,4.6063,0.0,0.0089,0.0,0.5033,0.5144,34.7186,34.8045,26.548,26.6209,1.004,1.148,0.364,0.41600000000000004,False
280.856,2019-10-11 12:24:17,14024.0,584.303,-106.85723999999999,16.810660000000002,279.0,11.0619,11.0319,38942.0,3.8996160000000004,0.0712,0.0395,99.0183,5.8161999999999996e-05,0.0,0.5043,0.5153,0.0581,0.1145,4.6063,0.0,0.0089,0.0,0.5033,0.5141,34.7173,34.7999,26.5505,26.6202,1.046,1.082,0.379,0.392,False
281.863,2019-10-11 12:24:17,14057.0,585.649,-106.85723999999999,16.810660000000002,280.0,11.0536,11.024,38933.0,3.898772,0.0664,0.0395,99.0178,3.6279e-05,0.0,0.5043,0.5151,0.0576,0.1148,4.6063,0.0,0.0087,0.0,0.5034,0.5142,34.7165,34.7985,26.5513,26.6206,1.0390000000000001,1.198,0.376,0.434,False
282.871,2019-10-11 12:24:17,14115.0,588.067,-106.85723999999999,16.810660000000002,281.0,11.0502,11.0205,38931.0,3.898389,0.0652,0.0391,99.0273,1.7767e-05,0.0,0.5043,0.5151,0.0575,0.1145,4.6067,0.0,0.0086,0.0,0.5033,0.5143,34.7164,34.7975,26.5519,26.6205,1.031,1.172,0.373,0.424,False
283.878,2019-10-11 12:24:17,14152.0,589.628,-106.85723999999999,16.810660000000002,282.0,11.0468,11.0159,38928.0,3.898029,0.0613,0.0388,99.0341,5.0369e-05,0.0,0.5043,0.5152,0.0571,0.1145,4.607,0.0,0.0088,0.0,0.5034,0.5144,34.7165,34.7979,26.5526,26.6216,1.05,1.168,0.38,0.423,False
284.885,2019-10-11 12:24:17,14174.0,590.536,-106.85723999999999,16.810660000000002,283.0,11.0295,10.9957,38910.0,3.896291,0.0586,0.0388,99.0332,1.8248e-05,0.0,0.5042,0.5152,0.0569,0.1149,4.607,0.0,0.0086,0.0,0.5034,0.5143,34.7144,34.7992,26.5542,26.6263,1.04,1.177,0.377,0.426,False
285.893,2019-10-11 12:24:17,14193.0,591.327,-106.85723999999999,16.810660000000002,284.0,11.0013,10.9715,38881.0,3.893588,0.0608,0.039,99.0296,3.0146999999999998e-05,0.0,0.5042,0.5152,0.0571,0.1145,4.6068,0.0,0.0087,0.0,0.5034,0.5143,34.7119,34.7947,26.5573,26.6272,1.041,1.161,0.377,0.42,False
286.9,2019-10-11 12:24:17,14211.0,592.104,-106.85723999999999,16.810660000000002,285.0,10.9822,10.952,38861.0,3.891671,0.0601,0.0388,99.0333,3.1982e-05,0.0,0.5043,0.5152,0.057,0.1145,4.607,0.0,0.0087,0.0,0.5034,0.5142,34.7099,34.7936,26.5592,26.6298,1.023,1.136,0.37,0.41100000000000003,False
287.907,2019-10-11 12:24:17,14233.0,593.007,-106.85723999999999,16.810660000000002,286.0,10.9689,10.9391,38849.0,3.8902660000000004,0.0604,0.0388,99.0333,1.0514000000000001e-05,0.0,0.5043,0.5152,0.0571,0.1147,4.607,0.0,0.0086,0.0,0.5033,0.5143,34.7093,34.7913,26.5612,26.6304,1.036,1.168,0.374,0.42200000000000004,False
288.915,2019-10-11 12:24:17,14262.0,594.1990000000001,-106.85723999999999,16.81064,287.0,10.9513,10.9213,38831.0,3.8885440000000004,0.0639,0.0389,99.0321,6.7426e-06,0.0,0.5043,0.5152,0.0574,0.1147,4.6069,0.0,0.0085,0.0,0.5034,0.5142,34.7078,34.7906,26.5632,26.6331,1.053,1.1179999999999999,0.381,0.40399999999999997,False
289.922,2019-10-11 12:24:17,14298.0,595.69,-106.85723999999999,16.81064,288.0,10.9377,10.9079,38818.0,3.8871620000000005,0.0636,0.0388,99.0331,1.1184000000000002e-05,0.0,0.5043,0.5152,0.0574,0.1146,4.607,0.0,0.0086,0.0,0.5034,0.5141,34.7068,34.7891,26.5649,26.6343,1.006,1.157,0.363,0.418,False
290.92900000000003,2019-10-11 12:24:17,14330.0,597.039,-106.85723999999999,16.81064,289.0,10.9271,10.8975,38807.0,3.886113,0.069,0.039,99.0295,6.567000000000001e-06,0.0,0.5043,0.515,0.0579,0.1147,4.6068,0.0,0.0085,0.0,0.5033,0.5141,34.7061,34.7879,26.5662,26.6353,1.052,1.173,0.38,0.423,False
291.937,2019-10-11 12:24:17,14357.0,598.1759999999999,-106.85723999999999,16.81064,290.0,10.9243,10.8947,38806.0,3.885846,0.0602,0.039,99.0295,1.5999e-05,0.0,0.5043,0.5149,0.057,0.1148,4.6068,0.0,0.0086,0.0,0.5034,0.5143,34.7067,34.7875,26.5673,26.6355,1.042,1.2,0.376,0.433,False
292.944,2019-10-11 12:24:17,14382.0,599.206,-106.85723999999999,16.81064,291.0,10.9221,10.8924,38803.0,3.885675,0.0618,0.0388,99.0352,8.8574e-06,0.0,0.5043,0.5151,0.0572,0.1146,4.6071,0.0,0.0086,0.0,0.5033,0.5143,34.7062,34.7875,26.5672,26.6359,1.038,1.1340000000000001,0.375,0.409,False
293.952,2019-10-11 12:24:17,14405.0,600.159,-106.85723999999999,16.810660000000002,292.0,10.9108,10.8804,38792.0,3.8846480000000003,0.0602,0.0387,99.0364,8.8409e-06,0.0,0.5041,0.515,0.057,0.1146,4.6071,0.0,0.0086,0.0,0.5034,0.5141,34.7054,34.7882,26.5687,26.6386,1.046,1.181,0.377,0.426,False
294.959,2019-10-11 12:24:17,14427.0,601.0980000000001,-106.85723999999999,16.810660000000002,293.0,10.8904,10.86,38772.0,3.882627,0.0611,0.0384,99.0438,2.7605e-05,0.0,0.5042,0.5151,0.0571,0.1148,4.6075,0.0,0.0087,0.0,0.5033,0.5143,34.7039,34.7868,26.5712,26.6413,1.008,1.157,0.364,0.41700000000000004,False
295.966,2019-10-11 12:24:17,14451.0,602.064,-106.85723999999999,16.810660000000002,294.0,10.8718,10.8417,38753.0,3.880754,0.072,0.0379,99.0556,5.6374e-05,0.0,0.5043,0.5151,0.0582,0.1148,4.6081,0.0,0.0089,0.0,0.5033,0.5141,34.7021,34.7851,26.5731,26.6432,1.038,1.097,0.374,0.395,False
296.974,2019-10-11 12:24:17,14476.0,603.137,-106.85723999999999,16.810660000000002,295.0,10.8627,10.833,38745.0,3.879832,0.0713,0.0379,99.0558,3.0314e-05,0.0,0.5043,0.5151,0.0581,0.1147,4.6081,0.0,0.0087,0.0,0.5034,0.5139,34.7021,34.7836,26.5748,26.6436,1.064,1.115,0.384,0.402,False
297.981,2019-10-11 12:24:17,14507.0,604.403,-106.85723999999999,16.810660000000002,296.0,10.8529,10.823,38736.0,3.878892,0.0689,0.0386,99.039,3.1695999999999996e-05,0.0,0.5043,0.5152,0.0579,0.1144,4.6073,0.0,0.0087,0.0,0.5034,0.5143,34.7016,34.7832,26.5762,26.6451,1.0290000000000001,1.2,0.371,0.43200000000000005,False
298.98900000000003,2019-10-11 12:24:17,14539.0,605.765,-106.85723999999999,16.810660000000002,297.0,10.8339,10.8038,38717.0,3.87704,0.0611,0.038,99.0539,1.271e-05,0.0,0.5042,0.515,0.0571,0.1146,4.608,0.0,0.0086,0.0,0.5033,0.5139,34.7005,34.7825,26.5787,26.648,1.013,1.031,0.365,0.37200000000000005,False
299.996,2019-10-11 12:24:17,14572.0,607.113,-106.85723999999999,16.810660000000002,298.0,10.8252,10.7958,38708.0,3.876176,0.069,0.0379,99.0558,2.5099e-05,0.0,0.5043,0.5149,0.0579,0.1145,4.6081,0.0,0.0087,0.0,0.5034,0.514,34.6998,34.781,26.5797,26.6483,1.064,1.2309999999999999,0.38299999999999995,0.44299999999999995,False
301.004,2019-10-11 12:24:17,14604.0,608.4490000000001,-106.85723999999999,16.810660000000002,299.0,10.823,10.7936,38707.0,3.8759910000000004,0.0702,0.038,99.0524,1.3205999999999999e-05,0.0,0.5042,0.5151,0.058,0.1147,4.6079,0.0,0.0086,0.0,0.5034,0.5143,34.6997,34.7807,26.5801,26.6485,1.083,1.138,0.39,0.41,False
302.01099999999997,2019-10-11 12:24:17,14631.0,609.596,-106.85723999999999,16.81065,300.0,10.8212,10.7918,38705.0,3.875858,0.0624,0.0382,99.0482,1.6919000000000002e-05,0.0,0.5042,0.5147,0.0573,0.1146,4.6077,0.0,0.0086,0.0,0.5034,0.514,34.6994,34.7807,26.5802,26.6488,1.064,1.139,0.38299999999999995,0.41,False
303.018,2019-10-11 12:24:17,14656.0,610.625,-106.85723999999999,16.81064,301.0,10.8192,10.7898,38704.0,3.875711,0.0707,0.0379,99.0558,1.6267000000000002e-05,0.0,0.5043,0.5148,0.0581,0.1148,4.6081,0.0,0.0086,0.0,0.5035,0.5142,34.7,34.7806,26.5811,26.6491,1.0759999999999998,1.19,0.38799999999999996,0.428,False
304.026,2019-10-11 12:24:17,14681.0,611.669,-106.85723999999999,16.81064,302.0,10.8123,10.7823,38698.0,3.8751279999999997,0.0619,0.0379,99.0558,-3.39e-08,0.0,0.5042,0.5151,0.0572,0.1149,4.6081,0.0,0.0085,0.0,0.5034,0.5141,34.6995,34.7815,26.582,26.6512,1.043,1.1,0.375,0.396,False
305.033,2019-10-11 12:24:17,14705.0,612.669,-106.85723999999999,16.81064,303.0,10.7892,10.7586,38674.0,3.872865,0.0696,0.0379,99.0558,1e-12,0.0,0.5043,0.5148,0.058,0.1146,4.6081,0.0,0.0085,0.0,0.5035,0.5141,34.6973,34.7808,26.5844,26.6548,1.088,1.188,0.392,0.428,False
306.041,2019-10-11 12:24:17,14726.0,613.531,-106.85723999999999,16.81065,304.0,10.7579,10.7266,38643.0,3.869818,0.0651,0.037,99.0797,3.0851e-05,0.0,0.5042,0.515,0.0575,0.1146,4.6092,0.0,0.0087,0.0,0.5035,0.5142,34.695,34.7802,26.5881,26.6601,1.033,1.102,0.371,0.396,False
307.048,2019-10-11 12:24:17,14745.0,614.339,-106.85723999999999,16.810660000000002,305.0,10.7439,10.7137,38629.0,3.868272,0.0613,0.037,99.0806,4.2895e-05,0.0,0.5043,0.5151,0.0571,0.1145,4.6092,0.0,0.0088,0.0,0.5034,0.5138,34.6941,34.7765,26.59,26.6596,1.028,1.055,0.37,0.379,False
308.056,2019-10-11 12:24:17,14766.0,615.205,-106.85723999999999,16.810660000000002,306.0,10.7311,10.7012,38616.0,3.867088,0.0604,0.0369,99.082,1.1395e-06,0.0,0.5043,0.515,0.0571,0.1147,4.6093,0.0,0.0085,0.0,0.5035,0.514,34.6931,34.776,26.5914,26.6614,1.093,1.196,0.39299999999999996,0.43,False
309.063,2019-10-11 12:24:17,14793.0,616.313,-106.85723999999999,16.810660000000002,307.0,10.7148,10.6851,38601.0,3.865504,0.071,0.0369,99.082,5.624e-06,0.0,0.5043,0.515,0.0581,0.1148,4.6093,0.0,0.0085,0.0,0.5034,0.5141,34.6922,34.775,26.5936,26.6635,1.01,1.0959999999999999,0.363,0.39399999999999996,False
310.07099999999997,2019-10-11 12:24:17,14843.0,618.436,-106.85723999999999,16.810660000000002,308.0,10.6952,10.6655,38581.0,3.863485,0.0708,0.0368,99.0843,3.2715e-06,0.0,0.5043,0.5148,0.0581,0.1147,4.6094,0.0,0.0085,0.0,0.5034,0.5139,34.691,34.7729,26.5962,26.6653,1.08,1.153,0.38799999999999996,0.414,False
311.078,2019-10-11 12:24:17,14902.0,620.862,-106.85723999999999,16.81065,309.0,10.6791,10.6497,38566.0,3.8619550000000005,0.0654,0.0373,99.0709,1.3031e-05,0.0,0.5041,0.5147,0.0575,0.1147,4.6088,0.0,0.0086,0.0,0.5035,0.5139,34.6905,34.7721,26.5987,26.6675,1.064,1.0959999999999999,0.382,0.39299999999999996,False
312.086,2019-10-11 12:24:17,14941.0,622.515,-106.85723999999999,16.81064,310.0,10.6652,10.6357,38552.0,3.8605379999999996,0.0703,0.0369,99.082,2.0309e-05,0.0,0.5043,0.5148,0.058,0.1147,4.6093,0.0,0.0086,0.0,0.5034,0.514,34.6895,34.7707,26.6004,26.6689,1.0270000000000001,1.133,0.369,0.40700000000000003,False
313.093,2019-10-11 12:24:17,14986.0,624.372,-106.85723,16.81064,311.0,10.6599,10.6303,38547.0,3.8600550000000005,0.0703,0.0368,99.084,1.4038e-05,0.0,0.5042,0.5147,0.058,0.1147,4.6094,0.0,0.0086,0.0,0.5034,0.5139,34.6889,34.7706,26.6009,26.6698,1.054,1.115,0.37799999999999995,0.4,False
314.101,2019-10-11 12:24:17,15016.0,625.627,-106.85722,16.81064,312.0,10.6269,10.5964,38514.0,3.856933,0.0622,0.0365,99.0909,1.6986e-05,0.0,0.5043,0.5148,0.0572,0.1148,4.6097,0.0,0.0086,0.0,0.5034,0.514,34.6868,34.771,26.6051,26.6761,1.075,1.166,0.386,0.418,False
315.108,2019-10-11 12:24:17,15037.0,626.515,-106.85722,16.81064,313.0,10.613,10.5833,38501.0,3.855425,0.0712,0.0363,99.0964,3.041e-05,0.0,0.5042,0.5147,0.0581,0.1146,4.61,0.0,0.0087,0.0,0.5035,0.514,34.6861,34.7678,26.607,26.676,1.006,1.081,0.361,0.38799999999999996,False
316.116,2019-10-11 12:24:17,15058.0,627.359,-106.85722,16.81064,314.0,10.6028,10.5728,38491.0,3.854423,0.0743,0.0365,99.0921,5.6978e-07,0.0,0.5042,0.5148,0.0584,0.1147,4.6098,0.0,0.0085,0.0,0.5031,0.5138,34.6853,34.7673,26.6082,26.6775,0.956,1.0659999999999998,0.34299999999999997,0.382,False
317.123,2019-10-11 12:24:17,15086.0,628.539,-106.85722,16.810660000000002,315.0,10.59,10.5604,38479.0,3.8531489999999997,0.0704,0.0362,99.0996,4.165899999999999e-06,0.0,0.5042,0.5147,0.058,0.1147,4.6101,0.0,0.0085,0.0,0.5032,0.5139,34.6844,34.7658,26.6098,26.6785,1.028,1.141,0.368,0.409,False
318.131,2019-10-11 12:24:17,15227.0,634.42,-106.85723,16.81065,316.0,10.6062,10.5726,38495.0,3.8542919999999996,0.0667,0.0366,99.0886,2.7656e-06,0.0,0.5041,0.5146,0.0577,0.1147,4.6096,0.0,0.0085,0.0,0.5034,0.514,34.6853,34.7652,26.6076,26.6759,1.028,1.084,0.369,0.389,False
319.138,2019-10-11 12:24:17,15277.0,636.494,-106.85723999999999,16.81064,317.0,10.5827,10.5507,38472.0,3.852436,0.0664,0.0369,99.0821,4.1326e-08,0.0,0.5042,0.5146,0.0576,0.1146,4.6093,0.0,0.0085,0.0,0.5034,0.5138,34.6842,34.7669,26.611,26.6811,1.008,1.046,0.361,0.375,False
320.14599999999996,2019-10-11 12:24:17,15303.0,637.587,-106.85723999999999,16.81064,318.0,10.5621,10.5325,38452.0,3.850503,0.0644,0.0363,99.0961,7.2676e-06,0.0,0.5043,0.5145,0.0575,0.1146,4.6099,0.0,0.0085,0.0,0.5031,0.5136,34.6824,34.7644,26.6132,26.6823,0.9359999999999999,1.084,0.335,0.38799999999999996,False
321.153,2019-10-11 12:24:17,15335.0,638.9209999999999,-106.85723999999999,16.81064,319.0,10.5547,10.5253,38445.0,3.84977,0.0626,0.0355,99.1153,1.1248e-05,0.0,0.5042,0.5148,0.0573,0.1145,4.6108,0.0,0.0086,0.0,0.5032,0.5138,34.6822,34.7634,26.6144,26.6828,0.982,1.079,0.35200000000000004,0.387,False
322.161,2019-10-11 12:24:17,18302.0,762.54,-106.85723999999999,16.810660000000002,320.0,10.5479,10.5201,38438.0,3.8491,0.0642,0.0365,99.0927,-2.7689999999999997e-06,0.0,0.5033,0.5139,0.0574,0.1148,4.6098,0.0,0.0085,0.0,0.5025,0.5133,34.6815,34.7611,26.6151,26.682,0.925,1.044,0.331,0.374,False
323.168,2019-10-11 12:24:17,20628.0,859.443,-106.85721000000001,16.81063,321.0,10.542,10.5103,38433.0,3.848247,0.0657,0.0373,99.0728,-2.1300000000000001e-07,0.0,0.5029,0.5141,0.0576,0.1148,4.6089,0.0,0.0085,0.0,0.5021,0.5132,34.6815,34.7614,26.6161,26.684,0.813,1.015,0.292,0.364,False
