Peptide,-10lgP,Mass,Length,ppm,m/z,RT,Area,Fraction,Scan,Source File,Accession,PTM,AScore
LPQVEGTGGDVQPSQDLVR,98.08,1994.0068,19,-0.1,998.0106,61.39,3.09E6,4,15394,20181003_2-9_94m_nw6_dry.raw,54036848,,
LPQVEGTGGDVQPSQDLVR,67.06,1994.0068,19,-0.8,665.6757,61.50,3.78E6,4,15424,20181003_2-9_94m_nw6_dry.raw,54036848,,
LGEYGFQNALIVR,75.13,1478.7881,13,-1.0,740.4006,82.66,1.08E6,4,21325,20181003_2-9_94m_nw6_dry.raw,CAA76847.1,,
LGEYGFQNALIVR,39.01,1478.7881,13,0.2,740.4015,101.99,5.63E3,4,27369,20181003_2-9_94m_nw6_dry.raw,CAA76847.1,,
LGEYGFQNALIVR,19.03,1478.7881,13,-0.8,740.4008,83.16,8.9E3,4,21469,20181003_2-9_94m_nw6_dry.raw,CAA76847.1,,
NNPVLIGEPGVGK,55.89,1292.7089,13,0.0,647.3617,58.11,5.86E7,4,14496,20181003_2-9_94m_nw6_dry.raw,54036848,,
NNPVLIGEPGVGK,54.65,1292.7089,13,1.4,647.3626,57.61,5.86E7,4,14360,20181003_2-9_94m_nw6_dry.raw,54036848,,
NNPVLIGEPGVGK,48.19,1292.7089,13,-1.2,431.9097,57.86,4.19E5,4,14429,20181003_2-9_94m_nw6_dry.raw,54036848,,
NNPVLIGEPGVGK,45.88,1292.7089,13,2.2,647.3632,57.10,,4,14228,20181003_2-9_94m_nw6_dry.raw,54036848,,
NNPVLIGEPGVGK,40.95,1292.7089,13,2.5,647.3633,58.62,,4,14636,20181003_2-9_94m_nw6_dry.raw,54036848,,
KVPQVSTPTLVEVSR,53.45,1638.9304,15,0.2,547.3175,61.69,3.4E5,4,15474,20181003_2-9_94m_nw6_dry.raw,CAA76847.1,,
RHPEYAVSVLLR,51.53,1438.8044,12,1.0,480.6093,65.17,4.11E5,4,16396,20181003_2-9_94m_nw6_dry.raw,CAA76847.1,,
RHPEYAVSVLLR,47.63,1438.8044,12,3.0,480.6102,65.67,4.11E5,4,16526,20181003_2-9_94m_nw6_dry.raw,CAA76847.1,,
RHPEYAVSVLLR,28.21,1438.8044,12,1.6,480.6095,66.17,4.59E4,4,16668,20181003_2-9_94m_nw6_dry.raw,CAA76847.1,,
RHPEYAVSVLLR,27.13,1438.8044,12,2.0,480.6097,67.18,6.49E3,4,16953,20181003_2-9_94m_nw6_dry.raw,CAA76847.1,,
RHPEYAVSVLLR,27.01,1438.8044,12,4.7,480.6110,67.68,5.06E3,4,17094,20181003_2-9_94m_nw6_dry.raw,CAA76847.1,,
RHPEYAVSVLLR,21.46,1438.8044,12,0.5,480.6090,64.66,4.11E5,4,16270,20181003_2-9_94m_nw6_dry.raw,CAA76847.1,,
NPVLIGEPGVGK,47.86,1178.6659,12,1.3,590.3410,57.59,2.28E6,4,14355,20181003_2-9_94m_nw6_dry.raw,54036848,,
NPVLIGEPGVGK,22.90,1178.6659,12,1.2,590.3409,58.09,2.56E5,4,14491,20181003_2-9_94m_nw6_dry.raw,54036848,,
VTDAEIAEVLAR,45.77,1285.6877,12,0.5,429.5701,78.50,1.21E5,4,20128,20181003_2-9_94m_nw6_dry.raw,54036848,,
LPQVEGTGGD,41.96,971.4559,10,0.4,486.7354,43.74,1.49E6,4,10824,20181003_2-9_94m_nw6_dry.raw,54036848,,
AGFAGDDAPR,41.18,975.4410,10,1.9,488.7287,36.34,6.67E5,4,8982,20181003_2-9_94m_nw6_dry.raw,XP_003061104,,
DAYVGDEAQSK,39.23,1181.5200,11,1.0,591.7679,29.62,2.9E5,4,7332,20181003_2-9_94m_nw6_dry.raw,XP_003061104,,
NNPVLIGEPG,37.83,1008.5240,10,1.1,505.2698,61.19,3.17E6,4,15340,20181003_2-9_94m_nw6_dry.raw,54036848,,
AIDLIDEAASSIR,36.94,1372.7197,13,-1.4,458.5799,86.43,2.16E4,4,22460,20181003_2-9_94m_nw6_dry.raw,54036848,,
AIDLIDEAASSLR,36.94,1372.7197,13,-1.4,458.5799,86.43,2.16E4,4,22460,20181003_2-9_94m_nw6_dry.raw,,,
AVSHFTK,35.34,788.4181,7,12.0,395.2210,30.29,5.31E3,4,7497,20181003_2-9_94m_nw6_dry.raw,ETNP_70,,
ISGSSANAR,33.40,861.4304,9,5.8,431.7250,40.71,4.26E5,4,10063,20181003_2-9_94m_nw6_dry.raw,ETNP14_120,,
EALAEVLAR,32.22,970.5447,9,3.1,486.2811,61.76,5.94E5,4,15492,20181003_2-9_94m_nw6_dry.raw,CBE69591:WP_015349883,,
LAESGPDK,31.84,815.4025,8,13.7,408.7141,19.48,8.44E4,4,4708,20181003_2-9_94m_nw6_dry.raw,XP_003074489,,
AGIEDVR,31.64,758.3922,7,2.2,380.2042,34.93,1.21E5,4,8626,20181003_2-9_94m_nw6_dry.raw,ETNP_140:ETNP_180:ETNP_160:ETNP14_68:ABI77154.1:WP_013045870,,
AGLEDVR,31.64,758.3922,7,2.2,380.2042,34.93,1.21E5,4,8626,20181003_2-9_94m_nw6_dry.raw,ETNP14_120:ETNP_180:Fosmid_PROKKA_01527:BAI73159.1:XP_003083748,,
VIEVDGK,31.06,758.4174,7,1.6,380.2166,34.33,3.5E4,4,8480,20181003_2-9_94m_nw6_dry.raw,ETNP14_68:ETNP14_68:virus_CCADEAMM_07103:ETNP14_120:ETNP14_68:WP_018968667:Flavovirus_FBAKDGPJ_11802,,
VLEVDGK,31.06,758.4174,7,1.6,380.2166,34.33,3.5E4,4,8480,20181003_2-9_94m_nw6_dry.raw,virus_CCADEAMM_35860:ETNP14_68:WP_013962444:WP_025048882:NP_300:cyanophage_EEBLHMBA_01362,,
RATVSIPR,30.99,898.5348,8,-10.3,450.2701,51.40,8.69E5,4,12742,20181003_2-9_94m_nw6_dry.raw,ETNP_300:ETNP_120:ETNP_160:ETNP_120:ETNP_180:ETNP_140,,
RATVSIPR,17.07,898.5348,8,-10.5,450.2700,50.89,8.69E5,4,12606,20181003_2-9_94m_nw6_dry.raw,ETNP_300:ETNP_120:ETNP_160:ETNP_120:ETNP_180:ETNP_140,,
IAADDFR,30.72,806.3922,7,2.2,404.2043,45.83,1.9E5,4,11342,20181003_2-9_94m_nw6_dry.raw,ETNP14_68:WP_011400508,,
LPQVEGTGGDVQPSQD,30.43,1625.7533,16,1.4,813.8851,49.67,4.95E5,4,12299,20181003_2-9_94m_nw6_dry.raw,54036848,,
AEFVEVTK,30.12,921.4807,8,0.8,461.7480,47.25,1.53E5,4,11689,20181003_2-9_94m_nw6_dry.raw,CAA76847.1,,
AEFVEVTK,27.50,921.4807,8,3.0,461.7490,44.51,1.39E5,4,11017,20181003_2-9_94m_nw6_dry.raw,CAA76847.1,,
LATVSLPR,28.92,855.5178,8,3.2,428.7675,51.52,3.23E7,4,12773,20181003_2-9_94m_nw6_dry.raw,CAN91477.1,,
LATVSLPR,27.60,855.5178,8,2.5,428.7672,52.02,3.23E7,4,12901,20181003_2-9_94m_nw6_dry.raw,CAN91477.1,,
LATVSLPR,25.11,855.5178,8,2.9,428.7674,51.02,3.23E7,4,12637,20181003_2-9_94m_nw6_dry.raw,CAN91477.1,,
LATVSLPR,18.23,855.5178,8,1.9,428.7670,50.00,,4,12384,20181003_2-9_94m_nw6_dry.raw,CAN91477.1,,
LVTDLTK,27.57,788.4644,7,2.4,395.2404,42.84,2.37E5,4,10596,20181003_2-9_94m_nw6_dry.raw,CAA76847.1,,
TAESVSPK,26.93,817.4181,8,0.5,409.7165,21.30,5.54E4,4,5194,20181003_2-9_94m_nw6_dry.raw,AKM80889,,
TEGTTPR,26.68,760.3715,7,-0.8,381.1927,20.28,1.63E5,4,4927,20181003_2-9_94m_nw6_dry.raw,ETNP_120:XP_003084244,,
DAGAADDAPVAR,26.43,1127.5206,12,1.1,564.7682,31.88,4.23E5,4,7885,20181003_2-9_94m_nw6_dry.raw,XP_003063194,,
LIDEAASSIR,26.34,1073.5717,10,2.1,537.7943,48.96,5.3E5,4,12119,20181003_2-9_94m_nw6_dry.raw,54036848,,
LIDEAASSLR,26.34,1073.5717,10,2.1,537.7943,48.96,5.3E5,4,12119,20181003_2-9_94m_nw6_dry.raw,,,
YTTEKGYK,26.17,988.4865,8,-2.6,495.2493,43.51,1.31E5,4,10768,20181003_2-9_94m_nw6_dry.raw,NP_300:ETNP_120,,
SPLGDAVR,26.13,813.4344,8,1.3,407.7250,41.81,1.23E5,4,10341,20181003_2-9_94m_nw6_dry.raw,ACL66369.1:ABQ31933.1,,
ALLDNGAR,26.02,828.4453,8,1.1,415.2304,39.18,5.1E4,4,9680,20181003_2-9_94m_nw6_dry.raw,ABS64947.1,,
HLMLIH,25.78,762.4211,6,-3.4,382.2165,71.76,5.24E5,4,18232,20181003_2-9_94m_nw6_dry.raw,ETNP_100,,
HLMLIH,25.34,762.4211,6,-3.6,382.2164,68.59,5.27E4,4,17347,20181003_2-9_94m_nw6_dry.raw,ETNP_100,,
HLMLIH,22.77,762.4211,6,-4.1,382.2162,72.27,5.24E5,4,18375,20181003_2-9_94m_nw6_dry.raw,ETNP_100,,
ILAPPER,25.51,794.4650,7,0.2,398.2398,38.30,1.11E6,4,9462,20181003_2-9_94m_nw6_dry.raw,ETNP_300,,
LLAPPER,25.51,794.4650,7,0.2,398.2398,38.30,1.11E6,4,9462,20181003_2-9_94m_nw6_dry.raw,ETNP_120:ETNP_120,,
LIAPPER,25.51,794.4650,7,0.2,398.2398,38.30,1.11E6,4,9462,20181003_2-9_94m_nw6_dry.raw,ETNP_160,,
NKIFYSPPYR,25.46,1283.6663,10,-8.8,428.8922,47.58,2.35E6,4,11770,20181003_2-9_94m_nw6_dry.raw,ETNP_120,,
RFKVWPTK,25.33,1060.6182,8,6.7,531.3199,99.58,4.43E4,4,26599,20181003_2-9_94m_nw6_dry.raw,ETNP14_120,,
GAC(+57.02)LLPK,24.99,757.4156,7,0.9,379.7155,46.81,8.19E4,4,11581,20181003_2-9_94m_nw6_dry.raw,CAA76847.1,Carbamidomethylation,C3:Carbamidomethylation:1000.00
SPGANAVR,24.23,770.4034,8,0.6,386.2092,19.24,6.24E4,4,4647,20181003_2-9_94m_nw6_dry.raw,ACJ01092.1,,
APTINDK,24.07,757.3970,7,-7.9,379.7028,26.13,,4,6431,20181003_2-9_94m_nw6_dry.raw,ETNP_120,,
IIVSTHR,24.02,824.4868,7,8.8,413.2543,69.95,1.61E4,4,17717,20181003_2-9_94m_nw6_dry.raw,WP_012563186,,
LIVSTHR,24.02,824.4868,7,8.8,413.2543,69.95,1.61E4,4,17717,20181003_2-9_94m_nw6_dry.raw,BAJ28673.1,,
VIELAGGK,23.94,785.4647,8,0.8,393.7399,38.43,7.9E4,4,9495,20181003_2-9_94m_nw6_dry.raw,WP_018970754,,
LDVPLIYPGHL,23.92,1235.6914,11,-4.1,618.8505,58.03,1.11E7,4,14476,20181003_2-9_94m_nw6_dry.raw,XP_003056737,,
LDVPLIYPGHL,21.33,1235.6914,11,-1.3,618.8522,57.53,1.11E7,4,14339,20181003_2-9_94m_nw6_dry.raw,XP_003056737,,
HDRYVK,23.46,816.4242,6,14.1,409.2251,57.93,,4,14450,20181003_2-9_94m_nw6_dry.raw,ETNP14_120,,
YLYEIAR,23.11,926.4861,7,0.6,464.2506,59.36,4.69E4,4,14841,20181003_2-9_94m_nw6_dry.raw,CAA76847.1,,
YLYEIAR,20.68,926.4861,7,3.7,464.2521,56.43,1.22E5,4,14048,20181003_2-9_94m_nw6_dry.raw,CAA76847.1,,
NAIYKAGQEVS,23.03,1178.5931,11,8.6,590.3089,49.87,2.79E4,4,12350,20181003_2-9_94m_nw6_dry.raw,ETNP14_68,,
QEYEQLLAK,23.03,1120.5764,9,2.6,561.2969,53.46,1.55E5,4,13282,20181003_2-9_94m_nw6_dry.raw,virus_CCADEAMM_14035,,
C(+57.02)C(+57.02)TESLVNRRPC(+57.02)FSALTPDETYVPK,22.68,2999.3938,25,0.2,750.8559,71.01,2.85E5,4,18024,20181003_2-9_94m_nw6_dry.raw,CAA76847.1,Carbamidomethylation,C1:Carbamidomethylation:1000.00;C2:Carbamidomethylation:1000.00;C12:Carbamidomethylation:1000.00
EVSYQTSKPDK,22.59,1280.6248,11,9.9,641.3260,37.78,1.34E4,4,9331,20181003_2-9_94m_nw6_dry.raw,cyanophage_EEBLHMBA_02202,,
VLVNDVR,22.45,813.4708,7,0.9,407.7431,40.02,1.02E4,4,9886,20181003_2-9_94m_nw6_dry.raw,ETNP14_68:WP_011396911,,
VIVNDVR,22.45,813.4708,7,0.9,407.7431,40.02,1.02E4,4,9886,20181003_2-9_94m_nw6_dry.raw,ETNP_120:ETNP_120:ETNP_160,,
ISGWTANK,21.96,875.4501,8,1.6,438.7330,41.60,2.22E5,4,10289,20181003_2-9_94m_nw6_dry.raw,NP_30,,
AEDEIDK,21.74,818.3657,7,13.7,410.1957,25.98,2.22E4,4,6395,20181003_2-9_94m_nw6_dry.raw,ETNP14_120,,
AEDEIDK,20.67,818.3657,7,9.4,410.1940,25.74,2.22E4,4,6331,20181003_2-9_94m_nw6_dry.raw,ETNP14_120,,
AEDELDK,21.74,818.3657,7,13.7,410.1957,25.98,2.22E4,4,6395,20181003_2-9_94m_nw6_dry.raw,ETNP_90,,
AEDELDK,20.67,818.3657,7,9.4,410.1940,25.74,2.22E4,4,6331,20181003_2-9_94m_nw6_dry.raw,ETNP_90,,
IDENNMIVGASSR,21.33,1404.6667,13,12.5,703.3494,37.66,1.25E5,4,9301,20181003_2-9_94m_nw6_dry.raw,ETNP14_120,,
GAGLGELVPR,21.19,967.5450,10,2.2,484.7809,47.50,2.9E4,4,11749,20181003_2-9_94m_nw6_dry.raw,ETNP_120,,
VLVPFDQ,21.04,816.4381,7,-2.3,409.2254,55.67,,4,13848,20181003_2-9_94m_nw6_dry.raw,ETNP_120,,
VVTVHSR,21.00,796.4555,7,8.9,399.2386,72.33,9.7E3,4,18395,20181003_2-9_94m_nw6_dry.raw,WP_015350591,,
VVTVHSR,17.41,796.4555,7,12.7,399.2401,70.04,3.76E4,4,17740,20181003_2-9_94m_nw6_dry.raw,WP_015350591,,
VVTVHSR,15.96,796.4555,7,14.2,399.2407,70.55,2.65E4,4,17885,20181003_2-9_94m_nw6_dry.raw,WP_015350591,,
AGLQFPVGR,20.94,943.5239,9,1.7,472.7701,65.45,2.14E4,4,16468,20181003_2-9_94m_nw6_dry.raw,XP_003063220:XP_003054974:XP_003058884:XP_003080758:ETNP_70:EJK52562:EJK63752:EJK66680:ETNP_60:XP_002179427:XP_002179202:ETNP_70:EJK74336:ETNP_70:XP_002180358:XP_002181345:XP_003059832:XP_003074738:XP_003082251:EJK72006:ETNP_70:EJK65157:EJK60529,,
LVTVETK,20.81,788.4644,7,0.7,395.2397,40.09,1.93E5,4,9907,20181003_2-9_94m_nw6_dry.raw,ETNP_70:ETNP_70:ETNP_70,,
IVTVETK,20.81,788.4644,7,0.7,395.2397,40.09,1.93E5,4,9907,20181003_2-9_94m_nw6_dry.raw,ETNP_110:ETNP14_120:ETNP_120:ETNP_120:ETNP14_68:ETNP_100:WP_018049948:ETNP_120:WP_015440986:WP_013305339.1,,
GHTLSFR,20.71,816.4242,7,7.4,409.2224,81.20,,4,20895,20181003_2-9_94m_nw6_dry.raw,WP_015347651,,
SYELPDGQ,20.59,907.3923,8,3.4,454.7050,52.19,6.55E4,4,12947,20181003_2-9_94m_nw6_dry.raw,XP_003061104,,
WPILGNLAK,20.54,1010.5912,9,-7.2,506.2993,80.39,,4,20658,20181003_2-9_94m_nw6_dry.raw,ETNP_120,,
KHVNKFGK,20.51,956.5555,8,4.1,479.2870,67.04,1.97E4,4,16913,20181003_2-9_94m_nw6_dry.raw,AMC11347.1,,
MPQVGIVILKNK,20.33,1338.8057,12,8.0,670.4155,75.17,,4,19178,20181003_2-9_94m_nw6_dry.raw,WP_011823531.1,,
AEPLNPK,20.22,767.4177,7,0.9,384.7165,25.72,3.16E5,4,6326,20181003_2-9_94m_nw6_dry.raw,XP_003081944,,
AGRMINR,20.13,816.4388,7,-6.2,409.2242,22.62,,4,5542,20181003_2-9_94m_nw6_dry.raw,virus_CCADEAMM_38983:virus_CCADEAMM_17719,,
AGRMLNR,20.13,816.4388,7,-6.2,409.2242,22.62,,4,5542,20181003_2-9_94m_nw6_dry.raw,WP_011394814,,
SAGERAGIR,19.70,915.4886,9,-12.0,458.7461,40.65,5.64E4,4,10046,20181003_2-9_94m_nw6_dry.raw,,,
ADVVSSAK,19.60,775.4075,8,2.0,388.7118,22.16,8.86E3,4,5425,20181003_2-9_94m_nw6_dry.raw,,,
WLSEQRPAATK,19.57,1285.6779,11,7.5,643.8510,78.32,8.51E5,4,20081,20181003_2-9_94m_nw6_dry.raw,,,
YAIQSDGMLK,19.41,1124.5536,10,-12.4,563.2771,38.00,3.83E5,4,9387,20181003_2-9_94m_nw6_dry.raw,,,
EMHVASHISK,19.38,1137.5601,10,8.6,569.7922,62.74,9.88E4,4,15751,20181003_2-9_94m_nw6_dry.raw,,,
IYLIKNNK,19.35,1004.6018,8,-4.4,503.3060,88.95,,4,23226,20181003_2-9_94m_nw6_dry.raw,,,
IYLIKNNK,16.29,1004.6018,8,-2.6,503.3069,73.02,,4,18586,20181003_2-9_94m_nw6_dry.raw,,,
LYLLKNNK,19.35,1004.6018,8,-4.4,503.3060,88.95,,4,23226,20181003_2-9_94m_nw6_dry.raw,,,
LYLLKNNK,16.29,1004.6018,8,-2.6,503.3069,73.02,,4,18586,20181003_2-9_94m_nw6_dry.raw,,,
YTYEDIR,19.34,958.4396,7,0.0,480.2271,47.87,4.99E4,4,11842,20181003_2-9_94m_nw6_dry.raw,,,
AEAITLTPR,19.12,970.5447,9,3.9,486.2815,61.26,5.94E5,4,15356,20181003_2-9_94m_nw6_dry.raw,,,
YGTILQLIAVLR,18.98,1358.8285,12,4.1,453.9520,87.90,4.19E5,4,22915,20181003_2-9_94m_nw6_dry.raw,,,
IDLDEATR,18.94,931.4611,8,2.3,466.7389,45.83,2.2E4,4,11341,20181003_2-9_94m_nw6_dry.raw,,,
LDLDEATR,18.94,931.4611,8,2.3,466.7389,45.83,2.2E4,4,11341,20181003_2-9_94m_nw6_dry.raw,,,
IATVIPDK,18.83,855.5065,8,10.1,428.7649,50.51,3.23E7,4,12511,20181003_2-9_94m_nw6_dry.raw,,,
IIPEVKPIPEPK,18.77,1358.8173,12,12.6,680.4244,102.89,,4,27626,20181003_2-9_94m_nw6_dry.raw,,,
IIPEVKPIPEPK,17.05,1358.8173,12,11.7,680.4238,105.62,1.59E5,4,28284,20181003_2-9_94m_nw6_dry.raw,,,
IIPEVKPIPEPK,16.17,1358.8173,12,11.9,680.4240,105.06,,4,28151,20181003_2-9_94m_nw6_dry.raw,,,
IIPEVKPIPEPK,16.01,1358.8173,12,11.9,680.4240,110.65,2.8E4,4,29482,20181003_2-9_94m_nw6_dry.raw,,,
IIPEVKPIPEPK,15.11,1358.8173,12,11.4,680.4236,108.36,1.73E4,4,28945,20181003_2-9_94m_nw6_dry.raw,,,
TVLDALK,18.56,758.4538,7,2.8,380.2352,48.49,5.94E4,4,11996,20181003_2-9_94m_nw6_dry.raw,,,
RASNIIEHELK,18.27,1308.7150,11,-6.8,655.3603,57.48,1.03E5,4,14329,20181003_2-9_94m_nw6_dry.raw,,,
LLEWEC(+57.02)R,18.20,1004.4749,7,-12.4,503.2385,34.30,1.33E5,4,8470,20181003_2-9_94m_nw6_dry.raw,,Carbamidomethylation,C6:Carbamidomethylation:1000.00
VFFMMI,18.17,786.3809,6,-0.3,394.1976,64.93,,4,16339,20181003_2-9_94m_nw6_dry.raw,,,
EVSVSSYK,18.03,897.4443,8,-8.9,449.7255,52.65,3.34E4,4,13074,20181003_2-9_94m_nw6_dry.raw,,,
IYEKEIAKAIK,18.01,1304.7703,11,-10.7,653.3854,85.46,6.61E3,4,22163,20181003_2-9_94m_nw6_dry.raw,,,
M(+15.99)EHPGVLK,17.88,925.4691,8,14.0,463.7483,72.20,9.22E5,4,18356,20181003_2-9_94m_nw6_dry.raw,,Oxidation (M),M1:Oxidation (M):1000.00
M(+15.99)EHPGVLK,17.58,925.4691,8,13.3,463.7480,71.70,9.22E5,4,18215,20181003_2-9_94m_nw6_dry.raw,,Oxidation (M),M1:Oxidation (M):1000.00
YTIVIVTHSMQQAAR,17.83,1716.8981,15,-1.3,573.3059,74.88,5.98E4,4,19094,20181003_2-9_94m_nw6_dry.raw,,,
VNLIWNPVK,17.72,1081.6284,9,-12.2,541.8149,55.04,3.69E5,4,13685,20181003_2-9_94m_nw6_dry.raw,,,
VNLIWNPVK,16.73,1081.6284,9,-10.7,541.8157,55.58,3.69E5,4,13825,20181003_2-9_94m_nw6_dry.raw,,,
VVEVSPK,17.64,756.4381,7,2.6,379.2273,27.52,8.13E4,4,6789,20181003_2-9_94m_nw6_dry.raw,,,
AAASKGRR,17.60,815.4725,8,4.9,408.7455,49.47,3.64E4,4,12248,20181003_2-9_94m_nw6_dry.raw,,,
FGILDYK,17.58,854.4537,7,-2.2,428.2332,58.69,1.25E5,4,14658,20181003_2-9_94m_nw6_dry.raw,,,
FGIIDYK,17.58,854.4537,7,-2.2,428.2332,58.69,1.25E5,4,14658,20181003_2-9_94m_nw6_dry.raw,,,
VLRDGRPR,17.56,967.5675,8,5.7,484.7938,51.41,6.53E4,4,12746,20181003_2-9_94m_nw6_dry.raw,,,
YGLKQLPKPVR,17.54,1297.7870,11,-3.8,649.8983,86.69,2.45E6,4,22538,20181003_2-9_94m_nw6_dry.raw,,,
LHHLQPTR,17.49,1000.5566,8,14.2,501.2927,84.93,1.83E5,4,22001,20181003_2-9_94m_nw6_dry.raw,,,
GGDGNTLR,17.17,788.3777,8,-7.9,395.1930,32.20,,4,7961,20181003_2-9_94m_nw6_dry.raw,,,
APAVGKQR,16.98,825.4821,8,-12.3,413.7432,36.15,8.22E4,4,8931,20181003_2-9_94m_nw6_dry.raw,,,
RDVKPLGPLADF,16.90,1326.7295,12,-2.0,664.3707,86.54,,4,22492,20181003_2-9_94m_nw6_dry.raw,,,
AIALLER,16.87,784.4807,7,3.8,393.2491,52.35,6.33E4,4,12995,20181003_2-9_94m_nw6_dry.raw,ACA16460.1,,
ALALIER,16.87,784.4807,7,3.8,393.2491,52.35,6.33E4,4,12995,20181003_2-9_94m_nw6_dry.raw,,,
ALALLER,16.87,784.4807,7,3.8,393.2491,52.35,6.33E4,4,12995,20181003_2-9_94m_nw6_dry.raw,,,
AIALIER,16.87,784.4807,7,3.8,393.2491,52.35,6.33E4,4,12995,20181003_2-9_94m_nw6_dry.raw,,,
ALAILER,16.87,784.4807,7,3.8,393.2491,52.35,6.33E4,4,12995,20181003_2-9_94m_nw6_dry.raw,,,
EHLVFSIL,16.80,956.5331,8,8.0,479.2776,71.39,3.75E2,4,18126,20181003_2-9_94m_nw6_dry.raw,,,
AEVGLKSK,16.70,830.4861,8,-0.1,416.2503,49.24,2.29E5,4,12190,20181003_2-9_94m_nw6_dry.raw,,,
AAQIYSSS,16.55,825.3868,8,-0.3,413.7006,19.86,3.63E3,4,4809,20181003_2-9_94m_nw6_dry.raw,,,
C(+57.02)DEVMR,16.52,808.3207,6,-1.5,405.1671,57.98,,4,14463,20181003_2-9_94m_nw6_dry.raw,,Carbamidomethylation,C1:Carbamidomethylation:1000.00
ILNHSKSR,16.51,953.5406,8,9.6,477.7822,72.37,,4,18405,20181003_2-9_94m_nw6_dry.raw,,,
ADPEAPPK,16.47,823.4075,8,-8.8,412.7074,58.68,1.92E5,4,14656,20181003_2-9_94m_nw6_dry.raw,,,
ADPEAPPK,16.02,823.4075,8,-7.4,412.7080,55.53,1.09E5,4,13812,20181003_2-9_94m_nw6_dry.raw,,,
DYILNMLK,16.39,1008.5314,8,-5.8,505.2700,60.69,3.17E6,4,15200,20181003_2-9_94m_nw6_dry.raw,,,
ADTPVVAP,16.29,768.4017,8,-11.7,385.2036,46.99,1.36E6,4,11626,20181003_2-9_94m_nw6_dry.raw,,,
DMIKKTIK,16.26,975.5787,8,2.9,488.7980,71.07,1.65E3,4,18040,20181003_2-9_94m_nw6_dry.raw,,,
MVGHYEN,16.23,848.3487,7,-4.7,425.1796,91.40,,4,24013,20181003_2-9_94m_nw6_dry.raw,,,
IVSTIIR,16.20,800.5120,7,-1.6,401.2626,72.59,7.33E4,4,18468,20181003_2-9_94m_nw6_dry.raw,,,
LVSTLLR,16.20,800.5120,7,-1.6,401.2626,72.59,7.33E4,4,18468,20181003_2-9_94m_nw6_dry.raw,,,
LVSTLIR,16.20,800.5120,7,-1.6,401.2626,72.59,7.33E4,4,18468,20181003_2-9_94m_nw6_dry.raw,,,
TIISFISTIK,16.14,1121.6696,10,8.8,561.8470,88.32,6.06E4,4,23038,20181003_2-9_94m_nw6_dry.raw,,,
SLERVDPR,16.12,970.5195,8,5.7,486.2698,58.18,,4,14517,20181003_2-9_94m_nw6_dry.raw,,,
VRVLEQDGM(+15.99)R,16.10,1217.6187,10,-11.2,609.8098,56.06,9.66E2,4,13947,20181003_2-9_94m_nw6_dry.raw,,Oxidation (M),M9:Oxidation (M):1000.00
YLKVM(+15.99)PLRVMPRR,16.05,1673.9585,13,14.6,559.0016,94.69,,4,25059,20181003_2-9_94m_nw6_dry.raw,,Oxidation (M),M5:Oxidation (M):23.70
PVLIGEPGVGK,16.02,1064.6229,11,2.2,533.3199,57.42,1.81E5,4,14312,20181003_2-9_94m_nw6_dry.raw,54036848,,
VIGQNEAVD,15.98,943.4611,9,0.6,472.7381,38.41,6.42E5,4,9490,20181003_2-9_94m_nw6_dry.raw,54036848,,
NPTFVQPASRLNEVVSFVR,15.96,2159.1487,19,10.0,1080.5924,24.25,6.62E4,4,5962,20181003_2-9_94m_nw6_dry.raw,,,
APTLNSR,15.91,757.4082,7,2.6,379.7124,26.06,1.47E5,4,6414,20181003_2-9_94m_nw6_dry.raw,,,
AEFPGTIR,15.90,889.4657,8,2.2,445.7411,41.90,4.74E6,4,10364,20181003_2-9_94m_nw6_dry.raw,,,
SVDRM(+15.99)VDATQVEYPSDAKK,15.83,2154.0264,19,11.2,1078.0325,87.47,,4,22785,20181003_2-9_94m_nw6_dry.raw,,Oxidation (M),M5:Oxidation (M):1000.00
DIEEMVAK,15.74,933.4477,8,-7.7,467.7275,41.07,1.75E4,4,10157,20181003_2-9_94m_nw6_dry.raw,,,
RQLVFSED,15.73,992.4927,8,-6.3,497.2505,75.36,6.93E3,4,19233,20181003_2-9_94m_nw6_dry.raw,,,
IAVPKSTSSK,15.73,1016.5865,10,13.4,509.3074,95.94,2.13E3,4,25452,20181003_2-9_94m_nw6_dry.raw,,,
SIIKNGK,15.69,758.4650,7,1.8,380.2405,49.28,1.64E4,4,12200,20181003_2-9_94m_nw6_dry.raw,,,
SILKNGK,15.69,758.4650,7,1.8,380.2405,49.28,1.64E4,4,12200,20181003_2-9_94m_nw6_dry.raw,,,
SLLKNGK,15.69,758.4650,7,1.8,380.2405,49.28,1.64E4,4,12200,20181003_2-9_94m_nw6_dry.raw,,,
SLIKNGK,15.69,758.4650,7,1.8,380.2405,49.28,1.64E4,4,12200,20181003_2-9_94m_nw6_dry.raw,,,
AAAEAFAR,15.46,805.4082,8,11.8,403.7161,20.41,3.54E4,4,4963,20181003_2-9_94m_nw6_dry.raw,,,
NFDAMR,15.40,752.3275,6,4.6,377.1728,53.36,,4,13257,20181003_2-9_94m_nw6_dry.raw,,,
VPNPFLVLPKGT,15.38,1280.7493,12,7.7,641.3868,104.48,6.14E3,4,28012,20181003_2-9_94m_nw6_dry.raw,,,
STVIGNVK,15.38,816.4705,8,3.3,409.2439,56.14,4.21E3,4,13972,20181003_2-9_94m_nw6_dry.raw,,,
GALYEEK,15.37,808.3967,7,-1.2,405.2051,80.48,,4,20684,20181003_2-9_94m_nw6_dry.raw,,,
GALYEEK,15.28,808.3967,7,-5.5,405.2034,76.50,,4,19554,20181003_2-9_94m_nw6_dry.raw,,,
DDGFVLR,15.29,820.4079,7,0.9,411.2116,20.72,1.19E3,4,5046,20181003_2-9_94m_nw6_dry.raw,,,
GRSSEQK,15.28,790.3933,7,5.8,396.2062,53.07,7.07E4,4,13183,20181003_2-9_94m_nw6_dry.raw,,,
FVIGA,15.22,505.2900,5,3.4,506.2990,68.19,,4,17235,20181003_2-9_94m_nw6_dry.raw,,,
FVLGA,15.22,505.2900,5,3.4,506.2990,68.19,,4,17235,20181003_2-9_94m_nw6_dry.raw,,,
DLLDVLPK,15.14,911.5327,8,0.0,456.7737,76.41,5.5E3,4,19528,20181003_2-9_94m_nw6_dry.raw,,,
GSLTAGRRR,15.12,972.5577,9,14.2,487.2930,80.08,2.37E5,4,20569,20181003_2-9_94m_nw6_dry.raw,,,
RFTVPLIALTSN,15.11,1330.7609,12,7.8,666.3929,68.76,,4,17394,20181003_2-9_94m_nw6_dry.raw,ACA16460.1,,
LNKVKDR,15.06,871.5239,7,14.2,436.7754,74.64,1.14E5,4,19027,20181003_2-9_94m_nw6_dry.raw,,,
INKVKDR,15.06,871.5239,7,14.2,436.7754,74.64,1.14E5,4,19027,20181003_2-9_94m_nw6_dry.raw,,,
ISLTTNGIGLDR,15.06,1258.6881,12,-7.1,630.3469,57.77,,4,14403,20181003_2-9_94m_nw6_dry.raw,,,
INQLPLEDQK,15.03,1196.6400,10,11.3,599.3340,57.70,3.61E4,4,14385,20181003_2-9_94m_nw6_dry.raw,,,
MQVEKVNK,15.02,974.5219,8,5.9,488.2711,69.51,,4,17599,20181003_2-9_94m_nw6_dry.raw,,,
