,stripped peptide,NAAF factor,A,C,D,E,F,G,H,I,K,L,M,N,P,Q,R,S,T,V,W,Y,c-carb,m-oxid,n-deam,q-deam,k-hydr,r-meth,A-NAAF3,C-NAAF3,D-NAAF3,E-NAAF3,F-NAAF3,G-NAAF3,H-NAAF3,I-NAAF3,K-NAAF3,L-NAAF3,M-NAAF3,N-NAAF3,P-NAAF3,Q-NAAF3,R-NAAF3,S-NAAF3,T-NAAF3,V-NAAF3,W-NAAF3,Y-NAAF3,ccarb-NAAF3,moxid-NAAF3,ndeam-NAAF3,qdeam-NAAF3,khydr-NAAF3,rmeth-NAAF3
0,R.AIQQQIENPLAQQILSGELVPGK.V,0.09090386138991402,2,0,0,2,0,2,0,3,1,3,0,1,2,5,1,1,0,2,0,0,0,0,0,0,0,0,0.18180772277982804,0.0,0.0,0.18180772277982804,0.0,0.18180772277982804,0.0,0.27271158416974206,0.09090386138991402,0.27271158416974206,0.0,0.09090386138991402,0.18180772277982804,0.4545193069495701,0.09090386138991402,0.09090386138991402,0.0,0.18180772277982804,0.0,0.0,0.0,0.0,0.0,0.0,0.0,0.0
1,R.AIQQQIENPLAQQILSGELVPGK.V,0.29783383752865555,2,0,0,2,0,2,0,3,1,3,0,1,2,5,1,1,0,2,0,0,0,0,0,0,0,0,0.5956676750573111,0.0,0.0,0.5956676750573111,0.0,0.5956676750573111,0.0,0.8935015125859667,0.29783383752865555,0.8935015125859667,0.0,0.29783383752865555,0.5956676750573111,1.4891691876432778,0.29783383752865555,0.29783383752865555,0.0,0.5956676750573111,0.0,0.0,0.0,0.0,0.0,0.0,0.0,0.0
2,R.LPQVEGTGGDVQPSQDLVR.V,10.589345734500464,0,0,2,1,0,3,0,0,0,2,0,0,2,3,2,1,1,4,0,0,0,0,0,0,0,0,0.0,0.0,21.178691469000928,10.589345734500464,0.0,31.768037203501393,0.0,0.0,0.0,21.178691469000928,0.0,0.0,21.178691469000928,31.768037203501393,21.178691469000928,10.589345734500464,10.589345734500464,42.357382938001855,0.0,0.0,0.0,0.0,0.0,0.0,0.0,0.0
3,R.VIGQNEAVDAVSNAIR.R,1.4661179078627515,3,0,1,1,0,1,0,2,0,0,0,2,0,1,3,1,0,3,0,0,0,0,0,0,0,0,4.398353723588254,0.0,1.4661179078627515,1.4661179078627515,0.0,1.4661179078627515,0.0,2.932235815725503,0.0,0.0,0.0,2.932235815725503,0.0,1.4661179078627515,4.398353723588254,1.4661179078627515,0.0,4.398353723588254,0.0,0.0,0.0,0.0,0.0,0.0,0.0,0.0
4,R.VIGQNEAVDAVSNAIR.R,2.5508971078678404,3,0,1,1,0,1,0,2,0,0,0,2,0,1,3,1,0,3,0,0,0,0,0,0,0,0,7.652691323603522,0.0,2.5508971078678404,2.5508971078678404,0.0,2.5508971078678404,0.0,5.101794215735681,0.0,0.0,0.0,5.101794215735681,0.0,2.5508971078678404,7.652691323603522,2.5508971078678404,0.0,7.652691323603522,0.0,0.0,0.0,0.0,0.0,0.0,0.0,0.0
5,R.VIGQNEAVDAVSNAIR.R,0.07430508315094064,3,0,1,1,0,1,0,2,0,0,0,2,0,1,3,1,0,3,0,0,0,0,0,0,0,0,0.22291524945282193,0.0,0.07430508315094064,0.07430508315094064,0.0,0.07430508315094064,0.0,0.14861016630188129,0.0,0.0,0.0,0.14861016630188129,0.0,0.07430508315094064,0.22291524945282193,0.07430508315094064,0.0,0.22291524945282193,0.0,0.0,0.0,0.0,0.0,0.0,0.0,0.0
6,T.PKEEEVGLDIAQNGER.A,0.04859015159012776,2,0,1,4,0,2,0,1,1,1,0,1,1,1,1,0,1,1,0,0,0,0,0,0,0,0,0.09718030318025551,0.0,0.04859015159012776,0.19436060636051103,0.0,0.09718030318025551,0.0,0.04859015159012776,0.04859015159012776,0.04859015159012776,0.0,0.04859015159012776,0.04859015159012776,0.04859015159012776,0.04859015159012776,0.0,0.04859015159012776,0.04859015159012776,0.0,0.0,0.0,0.0,0.0,0.0,0.0,0.0
7,R.LPQVEGTGGDVQPSQDLVR.V,3.173979594332053,0,0,2,1,0,3,0,0,0,2,0,0,2,3,2,1,1,4,0,0,0,0,0,0,0,0,0.0,0.0,6.347959188664106,3.173979594332053,0.0,9.521938782996159,0.0,0.0,0.0,6.347959188664106,0.0,0.0,6.347959188664106,9.521938782996159,6.347959188664106,3.173979594332053,3.173979594332053,12.695918377328212,0.0,0.0,0.0,0.0,0.0,0.0,0.0,0.0
8,R.LPQVEGTGGDVQ[129.04]PSQDLVR.V,0.02524703003953485,0,0,2,1,0,3,0,0,0,2,0,0,2,3,2,1,1,4,0,0,0,0,0,1,0,0,0.0,0.0,0.0504940600790697,0.02524703003953485,0.0,0.07574109011860455,0.0,0.0,0.0,0.0504940600790697,0.0,0.0,0.0504940600790697,0.07574109011860455,0.0504940600790697,0.02524703003953485,0.02524703003953485,0.1009881201581394,0.0,0.0,0.0,0.0,0.0,0.02524703003953485,0.0,0.0
9,K.VTDAEIAEVLAR.W,9.269021483610507,3,0,1,2,0,0,0,1,1,1,0,0,0,0,1,0,1,2,1,0,0,0,0,0,0,0,27.80706445083152,0.0,9.269021483610507,18.538042967221013,0.0,0.0,0.0,9.269021483610507,9.269021483610507,9.269021483610507,0.0,0.0,0.0,0.0,9.269021483610507,0.0,9.269021483610507,18.538042967221013,9.269021483610507,0.0,0.0,0.0,0.0,0.0,0.0,0.0
10,R.VIGQN[115.03]EAVDAVSNAIR.R,0.01188290511581293,3,0,1,1,0,1,0,2,0,0,0,2,0,1,3,1,0,3,0,0,0,0,1,0,0,0,0.03564871534743879,0.0,0.01188290511581293,0.01188290511581293,0.0,0.01188290511581293,0.0,0.02376581023162586,0.0,0.0,0.0,0.02376581023162586,0.0,0.01188290511581293,0.03564871534743879,0.01188290511581293,0.0,0.03564871534743879,0.0,0.0,0.0,0.0,0.01188290511581293,0.0,0.0,0.0
11,H.PEQLISGKEDAANNFAR.G,0.03342311724573382,3,0,1,2,1,2,1,1,1,1,0,2,1,1,1,1,0,0,0,0,0,0,0,0,0,0,0.10026935173720145,0.0,0.03342311724573382,0.06684623449146763,0.03342311724573382,0.06684623449146763,0.03342311724573382,0.03342311724573382,0.03342311724573382,0.03342311724573382,0.0,0.06684623449146763,0.03342311724573382,0.03342311724573382,0.03342311724573382,0.03342311724573382,0.0,0.0,0.0,0.0,0.0,0.0,0.0,0.0,0.0,0.0
12,K.AIDLIDEAASSIR.M,0.04725728507846247,3,0,2,1,0,0,0,3,1,1,1,0,0,0,1,2,0,0,0,0,0,0,0,0,0,0,0.1417718552353874,0.0,0.09451457015692494,0.04725728507846247,0.0,0.0,0.0,0.1417718552353874,0.04725728507846247,0.04725728507846247,0.04725728507846247,0.0,0.0,0.0,0.04725728507846247,0.09451457015692494,0.0,0.0,0.0,0.0,0.0,0.0,0.0,0.0,0.0,0.0
13,K.VTDAEIAEVLAR.W,0.21459413820823695,3,0,1,2,0,0,0,1,1,1,0,0,0,0,1,0,1,2,1,0,0,0,0,0,0,0,0.6437824146247109,0.0,0.21459413820823695,0.4291882764164739,0.0,0.0,0.0,0.21459413820823695,0.21459413820823695,0.21459413820823695,0.0,0.0,0.0,0.0,0.21459413820823695,0.0,0.21459413820823695,0.4291882764164739,0.21459413820823695,0.0,0.0,0.0,0.0,0.0,0.0,0.0
14,K.AIDLIDEAASSIR.M,0.06396471020366898,3,0,2,1,0,0,0,3,1,1,1,0,0,0,1,2,0,0,0,0,0,0,0,0,0,0,0.19189413061100694,0.0,0.12792942040733796,0.06396471020366898,0.0,0.0,0.0,0.19189413061100694,0.06396471020366898,0.06396471020366898,0.06396471020366898,0.0,0.0,0.0,0.06396471020366898,0.12792942040733796,0.0,0.0,0.0,0.0,0.0,0.0,0.0,0.0,0.0,0.0
15,K.AIDLIDEAASSIR.M,4.969750064019562,3,0,2,1,0,0,0,3,1,1,1,0,0,0,1,2,0,0,0,0,0,0,0,0,0,0,14.909250192058687,0.0,9.939500128039125,4.969750064019562,0.0,0.0,0.0,14.909250192058687,4.969750064019562,4.969750064019562,4.969750064019562,0.0,0.0,0.0,4.969750064019562,9.939500128039125,0.0,0.0,0.0,0.0,0.0,0.0,0.0,0.0,0.0,0.0
16,G.EDTAHGREFTQSR.E,0.020381945739133784,1,0,1,3,1,2,1,0,0,0,0,0,0,1,2,1,2,0,0,0,0,0,0,0,0,0,0.020381945739133784,0.0,0.020381945739133784,0.061145837217401355,0.020381945739133784,0.04076389147826757,0.020381945739133784,0.0,0.0,0.0,0.0,0.0,0.0,0.020381945739133784,0.04076389147826757,0.020381945739133784,0.04076389147826757,0.0,0.0,0.0,0.0,0.0,0.0,0.0,0.0,0.0
17,A.PGGYQANALAQR.T,0.0542250902666463,4,0,0,0,0,2,0,0,0,1,0,1,1,2,1,0,1,0,0,1,0,0,0,0,0,0,0.2169003610665852,0.0,0.0,0.0,0.0,0.1084501805332926,0.0,0.0,0.0,0.0542250902666463,0.0,0.0542250902666463,0.0542250902666463,0.1084501805332926,0.0542250902666463,0.0,0.0542250902666463,0.0,0.0,0.0542250902666463,0.0,0.0,0.0,0.0,0.0,0.0
18,R.LPQVEGTGGDVQPSQDLVR.V,0.014862015990492288,0,0,2,1,0,3,0,0,0,2,0,0,2,3,2,1,1,4,0,0,0,0,0,0,0,0,0.0,0.0,0.029724031980984576,0.014862015990492288,0.0,0.04458604797147686,0.0,0.0,0.0,0.029724031980984576,0.0,0.0,0.029724031980984576,0.04458604797147686,0.029724031980984576,0.014862015990492288,0.014862015990492288,0.05944806396196915,0.0,0.0,0.0,0.0,0.0,0.0,0.0,0.0
19,R.VTVEEPFYVRPEEHPGAI.-,0.1052465205653684,1,0,0,4,1,1,1,1,0,0,0,0,3,0,2,0,1,3,0,1,0,0,0,0,0,0,0.1052465205653684,0.0,0.0,0.4209860822614736,0.1052465205653684,0.1052465205653684,0.1052465205653684,0.1052465205653684,0.0,0.0,0.0,0.0,0.3157395616961052,0.0,0.2104930411307368,0.0,0.1052465205653684,0.3157395616961052,0.0,0.1052465205653684,0.0,0.0,0.0,0.0,0.0,0.0
20,Q.VGNYGESYKR.N,0.17715771688390922,0,0,0,1,0,2,0,0,1,0,0,2,0,1,1,1,0,1,0,2,0,0,0,0,0,0,0.0,0.0,0.0,0.17715771688390922,0.0,0.35431543376781843,0.0,0.0,0.17715771688390922,0.0,0.0,0.35431543376781843,0.0,0.17715771688390922,0.17715771688390922,0.17715771688390922,0.0,0.17715771688390922,0.0,0.35431543376781843,0.0,0.0,0.0,0.0,0.0,0.0
21,Q.PPTVVPGGDLAK.V,0.05363871437570893,1,0,1,0,0,2,0,0,1,1,0,0,3,1,0,0,1,3,0,0,0,0,0,0,0,0,0.05363871437570893,0.0,0.05363871437570893,0.0,0.0,0.10727742875141787,0.0,0.0,0.05363871437570893,0.05363871437570893,0.0,0.0,0.1609161431271268,0.05363871437570893,0.0,0.0,0.05363871437570893,0.1609161431271268,0.0,0.0,0.0,0.0,0.0,0.0,0.0,0.0
22,L.PETISKEPLGPVTR.E,0.033948698354854055,0,0,0,3,0,1,0,1,1,2,0,0,3,0,1,1,2,1,0,0,0,0,0,0,0,0,0.0,0.0,0.0,0.10184609506456216,0.0,0.033948698354854055,0.0,0.033948698354854055,0.033948698354854055,0.06789739670970811,0.0,0.0,0.10184609506456216,0.0,0.033948698354854055,0.033948698354854055,0.06789739670970811,0.033948698354854055,0.0,0.0,0.0,0.0,0.0,0.0,0.0,0.0
23,T.GTYHGDSDLQLER.L,0.03161341661471888,0,0,2,1,0,2,1,0,0,3,0,0,0,1,1,1,2,0,0,1,0,0,0,0,0,0,0.0,0.0,0.06322683322943776,0.03161341661471888,0.0,0.06322683322943776,0.03161341661471888,0.0,0.0,0.09484024984415663,0.0,0.0,0.0,0.03161341661471888,0.03161341661471888,0.03161341661471888,0.06322683322943776,0.0,0.0,0.03161341661471888,0.0,0.0,0.0,0.0,0.0,0.0
24,A.IDLIDEAASSIR.M,0.015947055242500414,3,0,2,1,0,0,0,3,0,1,1,0,0,0,1,2,0,0,0,0,0,0,0,0,0,0,0.047841165727501245,0.0,0.03189411048500083,0.015947055242500414,0.0,0.0,0.0,0.047841165727501245,0.0,0.015947055242500414,0.015947055242500414,0.0,0.0,0.0,0.015947055242500414,0.03189411048500083,0.0,0.0,0.0,0.0,0.0,0.0,0.0,0.0,0.0,0.0
25,W.YVGEGM[147.04]EEGEFSEAR.E,0.028972212439036613,1,0,0,6,1,3,0,0,0,0,1,0,0,0,1,1,0,1,1,1,0,1,0,0,0,0,0.028972212439036613,0.0,0.0,0.1738332746342197,0.028972212439036613,0.08691663731710984,0.0,0.0,0.0,0.0,0.028972212439036613,0.0,0.0,0.0,0.028972212439036613,0.028972212439036613,0.0,0.028972212439036613,0.028972212439036613,0.028972212439036613,0.0,0.028972212439036613,0.0,0.0,0.0,0.0
26,K.AIDLIDEAASSIR.M,0.044252037174633344,3,0,2,1,0,0,0,3,1,1,1,0,0,0,1,2,0,0,0,0,0,0,0,0,0,0,0.13275611152390004,0.0,0.08850407434926669,0.044252037174633344,0.0,0.0,0.0,0.13275611152390004,0.044252037174633344,0.044252037174633344,0.044252037174633344,0.0,0.0,0.0,0.044252037174633344,0.08850407434926669,0.0,0.0,0.0,0.0,0.0,0.0,0.0,0.0,0.0,0.0
27,R.AVAAAVLGDANK.V,0.025887503443356375,5,0,1,0,0,1,0,0,1,1,0,1,0,0,1,0,0,3,0,0,0,0,0,0,0,0,0.12943751721678187,0.0,0.025887503443356375,0.0,0.0,0.025887503443356375,0.0,0.0,0.025887503443356375,0.025887503443356375,0.0,0.025887503443356375,0.0,0.0,0.025887503443356375,0.0,0.0,0.07766251033006913,0.0,0.0,0.0,0.0,0.0,0.0,0.0,0.0
28,E.R[170.12]VGPFISAGQNAVQAIGRLSTR.D,0.011040284131164257,3,0,1,1,1,3,0,2,0,1,0,1,1,2,3,2,1,2,0,0,0,0,0,0,0,1,0.03312085239349277,0.0,0.011040284131164257,0.011040284131164257,0.011040284131164257,0.03312085239349277,0.0,0.022080568262328515,0.0,0.011040284131164257,0.0,0.011040284131164257,0.011040284131164257,0.022080568262328515,0.03312085239349277,0.022080568262328515,0.011040284131164257,0.022080568262328515,0.0,0.0,0.0,0.0,0.0,0.0,0.0,0.011040284131164257
29,P.ETISKEPLGPVVR.Q,0.032869732201655684,0,0,0,2,0,1,0,1,1,1,0,0,3,1,1,1,1,2,0,0,0,0,0,0,0,0,0.0,0.0,0.0,0.06573946440331137,0.0,0.032869732201655684,0.0,0.032869732201655684,0.032869732201655684,0.032869732201655684,0.0,0.0,0.09860919660496706,0.032869732201655684,0.032869732201655684,0.032869732201655684,0.032869732201655684,0.06573946440331137,0.0,0.0,0.0,0.0,0.0,0.0,0.0,0.0
30,R.LPQ[129.04]VEGTGGDVQ[129.04]PSQDLVR.V,0.021027627182334897,0,0,2,1,0,3,0,0,0,2,0,0,2,3,2,1,1,4,0,0,0,0,0,2,0,0,0.0,0.0,0.042055254364669795,0.021027627182334897,0.0,0.0630828815470047,0.0,0.0,0.0,0.042055254364669795,0.0,0.0,0.042055254364669795,0.0630828815470047,0.042055254364669795,0.021027627182334897,0.021027627182334897,0.08411050872933959,0.0,0.0,0.0,0.0,0.0,0.042055254364669795,0.0,0.0
31,A.ADQIYLAGLVYR.T,0.034865878078677505,3,0,1,0,0,1,0,1,0,2,0,0,0,1,1,0,1,1,0,2,0,0,0,0,0,0,0.10459763423603252,0.0,0.034865878078677505,0.0,0.0,0.034865878078677505,0.0,0.034865878078677505,0.0,0.06973175615735501,0.0,0.0,0.0,0.034865878078677505,0.034865878078677505,0.0,0.034865878078677505,0.034865878078677505,0.0,0.06973175615735501,0.0,0.0,0.0,0.0,0.0,0.0
32,K.NNPVLIGEPGVGK.T,3.3100509323503315,0,0,0,1,0,3,0,1,2,1,0,2,2,0,0,0,1,2,0,0,0,0,0,0,0,0,0.0,0.0,0.0,3.3100509323503315,0.0,9.930152797050994,0.0,3.3100509323503315,6.620101864700663,3.3100509323503315,0.0,6.620101864700663,6.620101864700663,0.0,0.0,0.0,3.3100509323503315,6.620101864700663,0.0,0.0,0.0,0.0,0.0,0.0,0.0,0.0
33,D.PDAAIAEAER.M,0.060697425318353024,4,0,2,2,0,0,0,1,0,0,1,0,1,0,1,0,0,0,0,0,0,0,0,0,0,0,0.2427897012734121,0.0,0.12139485063670605,0.12139485063670605,0.0,0.0,0.0,0.060697425318353024,0.0,0.0,0.060697425318353024,0.0,0.060697425318353024,0.0,0.060697425318353024,0.0,0.0,0.0,0.0,0.0,0.0,0.0,0.0,0.0,0.0,0.0
34,A.DITFVSWGGAYTASQQK.A,0.010613079661385631,4,0,1,0,1,2,0,1,1,0,0,0,0,2,0,2,2,1,1,1,0,0,0,0,0,0,0.042452318645542525,0.0,0.010613079661385631,0.0,0.010613079661385631,0.021226159322771262,0.0,0.010613079661385631,0.010613079661385631,0.0,0.0,0.0,0.0,0.021226159322771262,0.0,0.021226159322771262,0.021226159322771262,0.010613079661385631,0.010613079661385631,0.010613079661385631,0.0,0.0,0.0,0.0,0.0,0.0
