Peptide,-10lgP,Mass,Length,ppm,m/z,RT,Area,Fraction,Scan,Source File,Accession,PTM,AScore
SKAENEIFLSQK,35.51,1392.7249,12,2.7,465.2502,49.43,6.23E5,2,13012,20170411_ETNP_83_01.raw,ETNP_70m_PROKKA_85163,,
SKAENEIFLSQK,16.40,1392.7249,12,0.7,697.3702,49.34,2.74E4,2,12987,20170411_ETNP_83_01.raw,ETNP_70m_PROKKA_85163,,
PLPDTPEI,35.01,880.4542,8,2.7,441.2355,59.36,2.07E6,2,15746,20170411_ETNP_83_01.raw,ETNP14_120mac_PROKKA_09936:ETNP_120m_PROKKA_323254:ETNP_160m_PROKKA_74205:ETNP_120m_PROKKA_183313,,
PIPDTPEL,35.01,880.4542,8,2.7,441.2355,59.36,2.07E6,2,15746,20170411_ETNP_83_01.raw,NP_30m_PROKKA_06674,,
PLPDTPEL,35.01,880.4542,8,2.7,441.2355,59.36,2.07E6,2,15746,20170411_ETNP_83_01.raw,ETNP_120m_free_PROKKA_53194,,
IPALYVN,34.87,788.4432,7,-3.5,395.2275,72.89,3.55E5,2,19466,20170411_ETNP_83_01.raw,ETNP14_68maa_PROKKA_183498,,
IPAIYVN,34.87,788.4432,7,-3.5,395.2275,72.89,3.55E5,2,19466,20170411_ETNP_83_01.raw,ETNP_180m_PROKKA_28823:ETNP_160m_PROKKA_138638:ETNP_120m_PROKKA_60099:ETNP_120m_free_PROKKA_45428,,
VLDELTIIN,32.19,1028.5753,9,13.7,515.3020,66.60,7.63E5,2,17763,20170411_ETNP_83_01.raw,ETNP_100m_particle_PROKKA_09517:ETNP_120m_particle_PROKKA_155442,,
LAGPVGPQQ,32.08,865.4658,9,-0.1,433.7401,23.23,1.6E6,2,6160,20170411_ETNP_83_01.raw,ETNP14_120mab_PROKKA_11938,,
GNQELPR,31.89,812.4141,7,1.5,407.2149,28.58,5.41E5,2,7607,20170411_ETNP_83_01.raw,ETNP_100m_PROKKA_03582,,
GNQEIPR,31.89,812.4141,7,1.5,407.2149,28.58,5.41E5,2,7607,20170411_ETNP_83_01.raw,ETNP_160m_PROKKA_79707,,
VKTIVVPK,30.84,882.5902,8,-1.1,442.3019,118.13,,2,30776,20170411_ETNP_83_01.raw,KHE91642,,
VKTIVVPK,18.55,882.5902,8,-1.2,442.3018,119.89,,2,31191,20170411_ETNP_83_01.raw,KHE91642,,
ASAPAPKAP,30.38,808.4443,9,1.0,405.2298,20.34,1.43E4,2,5351,20170411_ETNP_83_01.raw,ETNP_120m_PROKKA_126266:ETNP14_120maa_PROKKA_158401:ETNP_120m_PROKKA_280633:ETNP_160m_PROKKA_140673,,
AAATVISPR,30.21,884.5079,9,2.2,443.2622,67.19,1.77E7,2,17929,20170411_ETNP_83_01.raw,ETNP_120m_free_PROKKA_144196,,
AAATVISPR,29.48,884.5079,9,2.5,443.2624,67.70,1.77E7,2,18070,20170411_ETNP_83_01.raw,ETNP_120m_free_PROKKA_144196,,
VVTVTVRP,29.56,869.5334,8,2.4,435.7751,52.46,3.2E8,2,13843,20170411_ETNP_83_01.raw,ETNP_120m_free_PROKKA_196484,,
VVTVTVRP,23.89,869.5334,8,2.9,435.7753,52.96,3.2E8,2,13980,20170411_ETNP_83_01.raw,ETNP_120m_free_PROKKA_196484,,
VVTVTVRP,20.08,869.5334,8,2.6,435.7751,53.46,3.2E8,2,14117,20170411_ETNP_83_01.raw,ETNP_120m_free_PROKKA_196484,,
VVTVTVRP,17.47,869.5334,8,2.4,435.7751,51.95,3.2E8,2,13697,20170411_ETNP_83_01.raw,ETNP_120m_free_PROKKA_196484,,
INVYYNEATGGR,28.92,1355.6470,12,2.8,678.8326,52.43,3.33E5,2,13836,20170411_ETNP_83_01.raw,ETNP_100m_particle_PROKKA_82300,,
GSDPVEHTSA,28.34,998.4305,10,0.9,500.2230,24.48,5.11E5,2,6466,20170411_ETNP_83_01.raw,ETNP_120m_PROKKA_15043,,
KLPDPET,28.20,798.4123,7,1.1,400.2139,27.19,1.07E6,2,7203,20170411_ETNP_83_01.raw,ETNP_90m_PROKKA_54821,,
TSPENNPA,27.98,828.3613,8,2.7,415.1891,22.16,2.34E5,2,5901,20170411_ETNP_83_01.raw,ETNP14_68maa_PROKKA_38416,,
LGGIISPLW,27.67,954.5538,9,1.7,478.2850,70.66,3.66E7,2,18877,20170411_ETNP_83_01.raw,ETNP14_68maa_PROKKA_167940,,
LGGIISPLW,17.73,954.5538,9,1.4,478.2849,69.62,3.66E7,2,18593,20170411_ETNP_83_01.raw,ETNP14_68maa_PROKKA_167940,,
LGGIISPLW,17.63,954.5538,9,1.4,478.2849,70.12,3.66E7,2,18737,20170411_ETNP_83_01.raw,ETNP14_68maa_PROKKA_167940,,
LGGIISPLW,15.96,954.5538,9,1.8,478.2850,69.11,3.66E7,2,18458,20170411_ETNP_83_01.raw,ETNP14_68maa_PROKKA_167940,,
ALGPRPQAG,27.03,865.4769,9,-11.7,433.7407,23.74,9.11E5,2,6281,20170411_ETNP_83_01.raw,ETNP_60m_PROKKA_25129,,
KHKVIY,26.21,786.4752,6,-1.0,394.2445,56.75,,2,15005,20170411_ETNP_83_01.raw,ETNP14_120maa_PROKKA_96867,,
LATVISRP,25.96,855.5178,8,3.5,428.7676,52.30,1.36E8,2,13794,20170411_ETNP_83_01.raw,ETNP_120m_free_PROKKA_62714:ETNP_140m_PROKKA_14114:ETNP_180m_PROKKA_120955:ETNP_300m_PROKKA_05899:ETNP_140m_PROKKA_82660:ETNP_160m_PROKKA_54702:ETNP_180m_PROKKA_00563:ETNP_300m_PROKKA_83708,,
LATVISRP,25.11,855.5178,8,1.2,428.7667,50.78,1.36E8,2,13388,20170411_ETNP_83_01.raw,ETNP_120m_free_PROKKA_62714:ETNP_140m_PROKKA_14114:ETNP_180m_PROKKA_120955:ETNP_300m_PROKKA_05899:ETNP_140m_PROKKA_82660:ETNP_160m_PROKKA_54702:ETNP_180m_PROKKA_00563:ETNP_300m_PROKKA_83708,,
LATVISRP,24.23,855.5178,8,2.2,428.7671,51.29,1.36E8,2,13521,20170411_ETNP_83_01.raw,ETNP_120m_free_PROKKA_62714:ETNP_140m_PROKKA_14114:ETNP_180m_PROKKA_120955:ETNP_300m_PROKKA_05899:ETNP_140m_PROKKA_82660:ETNP_160m_PROKKA_54702:ETNP_180m_PROKKA_00563:ETNP_300m_PROKKA_83708,,
LATVISRP,20.08,855.5178,8,3.3,428.7675,53.61,,2,14155,20170411_ETNP_83_01.raw,ETNP_120m_free_PROKKA_62714:ETNP_140m_PROKKA_14114:ETNP_180m_PROKKA_120955:ETNP_300m_PROKKA_05899:ETNP_140m_PROKKA_82660:ETNP_160m_PROKKA_54702:ETNP_180m_PROKKA_00563:ETNP_300m_PROKKA_83708,,
AGQVDSSGLT,25.88,933.4403,10,10.1,467.7321,19.77,3.5E3,2,5168,20170411_ETNP_83_01.raw,ETNP_100m_particle_PROKKA_129450:ETNP_120m_PROKKA_90943:ETNP_180m_PROKKA_74118,,
VDDVEVR,25.42,830.4134,7,2.0,416.2148,32.25,2.78E5,2,8519,20170411_ETNP_83_01.raw,ETNP_120m_free_PROKKA_296942:ETNP_120m_PROKKA_54134:ETNP_160m_PROKKA_111048:ETNP_180m_PROKKA_188549:ETNP_140m_PROKKA_93364:ETNP_300m_PROKKA_127442:ETNP_120m_free_PROKKA_113323:ETNP_120m_free_PROKKA_213930:EJK49742:ETNP_120m_free_PROKKA_136514:ETNP_120m_PROKKA_98001:WP_014436912,,
APLLGYGV,25.38,788.4432,8,2.8,395.2300,81.66,1.35E5,2,21817,20170411_ETNP_83_01.raw,WP_002650816,,
AQDPGPTH,25.27,821.3668,8,4.3,411.6924,26.88,2.39E5,2,7116,20170411_ETNP_83_01.raw,ETNP_100m_particle_PROKKA_83749,,
RADADGGPAGPLG,25.24,1152.5522,13,-7.6,577.2790,52.58,4.07E5,2,13877,20170411_ETNP_83_01.raw,XP_003057468,,
APDAGAPPAG,25.14,822.3871,10,2.9,412.2021,27.39,,2,7263,20170411_ETNP_83_01.raw,WP_053230180,,
LATVSIRP,25.01,855.5178,8,1.7,428.7669,51.79,1.36E8,2,13653,20170411_ETNP_83_01.raw,ETNP_300m_PROKKA_168323,,
LATVSLRP,25.01,855.5178,8,1.7,428.7669,51.79,1.36E8,2,13653,20170411_ETNP_83_01.raw,WP_005999012,,
AVHTRHP,25.00,816.4354,7,11.9,409.2299,20.08,1.56E4,2,5272,20170411_ETNP_83_01.raw,ETNP_120m_PROKKA_45185:ETNP_120m_free_PROKKA_288274,,
WNGGITY,24.49,809.3708,7,-3.3,405.6913,21.25,1.7E6,2,5648,20170411_ETNP_83_01.raw,EJK59153,,
LVTDITK,24.44,788.4644,7,1.7,395.2401,40.21,1.3E6,2,10603,20170411_ETNP_83_01.raw,ETNP_300m_PROKKA_59645,,
LGAQFPRR,24.36,943.5352,8,-8.6,472.7708,65.09,7.61E5,2,17326,20170411_ETNP_83_01.raw,ETNP_70m_PROKKA_102022:ETNP_90m_PROKKA_202920,,
VTEEQIK,23.95,845.4494,7,2.8,423.7332,29.02,2.94E6,2,7719,20170411_ETNP_83_01.raw,ETNP_90m_PROKKA_29257:ETNP14_120maa_PROKKA_128194,,
VTEEQLK,23.95,845.4494,7,2.8,423.7332,29.02,2.94E6,2,7719,20170411_ETNP_83_01.raw,ETNP_120m_particle_PROKKA_54857,,
CDAISALT,23.62,792.3688,8,1.5,397.1923,37.97,1.56E6,2,9985,20170411_ETNP_83_01.raw,WP_014705525,,
EVSRPTE,23.15,816.3977,7,2.9,409.2073,28.84,9.46E4,2,7677,20170411_ETNP_83_01.raw,NP_85m_PROKKA_21725:ETNP_160m_PROKKA_116620:ETNP_120m_free_PROKKA_307496:ETNP_180m_PROKKA_81353:ETNP_300m_PROKKA_112151:ETNP_160m_PROKKA_93122:ETNP14_120maa_PROKKA_24379:ETNP_120m_PROKKA_86146:ETNP_120m_PROKKA_08455:ETNP_180m_PROKKA_92907:ETNP_300m_PROKKA_118023,,
LGINSHR,22.78,795.4351,7,0.9,398.7252,22.29,7.21E4,2,5937,20170411_ETNP_83_01.raw,ETNP_120m_free_PROKKA_22907,,
LGLNSHR,22.78,795.4351,7,0.9,398.7252,22.29,7.21E4,2,5937,20170411_ETNP_83_01.raw,ETNP_120m_free_PROKKA_46965:ETNP_300m_PROKKA_79398:ETNP_120m_free_PROKKA_205383:ETNP_160m_PROKKA_85961:ETNP_140m_PROKKA_69214:ETNP_120m_PROKKA_140621:ETNP_180m_PROKKA_52106,,
QGVDADLVLEV,22.69,1156.5975,11,-8.4,579.3012,53.98,3.46E5,2,14255,20170411_ETNP_83_01.raw,EJK66125,,
GAANAVVESVAK,22.47,1114.5981,12,2.3,558.3076,32.09,1.36E6,2,8479,20170411_ETNP_83_01.raw,WP_048498835,,
SHSGY,22.18,549.2183,5,-11.8,550.2191,1.34,1.02E5,2,331,20170411_ETNP_83_01.raw,ETNP14_120maa_PROKKA_61518,,
SHSGY,21.63,549.2183,5,-14.1,550.2178,17.55,5.02E5,2,4463,20170411_ETNP_83_01.raw,ETNP14_120maa_PROKKA_61518,,
LPSLVPTG,22.12,782.4538,8,-0.6,392.2339,63.49,3.25E5,2,16879,20170411_ETNP_83_01.raw,ETNP_120m_PROKKA_41956:ETNP_120m_particle_PROKKA_245860,,
TLLDSVSGTPA,22.07,1059.5448,11,10.1,530.7850,61.33,1.02E6,2,16282,20170411_ETNP_83_01.raw,ETNP_150m_particle_PROKKA_35242:ETNP_120m_particle_PROKKA_251235,,
TLLDSVSGTPA,16.46,1059.5448,11,13.2,530.7867,61.84,1.02E6,2,16426,20170411_ETNP_83_01.raw,ETNP_150m_particle_PROKKA_35242:ETNP_120m_particle_PROKKA_251235,,
LSGGGNAFGYDVVK,21.92,1382.6830,14,2.6,692.3506,79.79,2.5E5,2,21321,20170411_ETNP_83_01.raw,ETNP_160m_PROKKA_209718,,
APLVIYS,21.76,761.4323,7,9.3,381.7270,70.62,5.67E5,2,18869,20170411_ETNP_83_01.raw,CAR63411.1:YP_003097448.1,,
SPATRARS,21.74,844.4515,8,-11.3,423.2282,24.42,5.85E5,2,6453,20170411_ETNP_83_01.raw,ETNP14_68mB_PROKKA_128031:ETNP14_120maa_PROKKA_173970:ETNP_90m_PROKKA_145669,,
IPVVYLN,21.30,816.4745,7,-2.8,409.2434,81.42,6.62E5,2,21752,20170411_ETNP_83_01.raw,ETNP_60m_PROKKA_08579:ETNP14_68maa_PROKKA_100241,,
IPVVYLN,19.91,816.4745,7,0.1,409.2446,82.43,,2,22020,20170411_ETNP_83_01.raw,ETNP_60m_PROKKA_08579:ETNP14_68maa_PROKKA_100241,,
LPVVYLN,21.30,816.4745,7,-2.8,409.2434,81.42,6.62E5,2,21752,20170411_ETNP_83_01.raw,ETNP_300m_PROKKA_35102:ETNP_180m_PROKKA_33283:ETNP_120m_particle_PROKKA_72081:ETNP_160m_PROKKA_205046:ETNP_140m_PROKKA_90900,,
LPVVYLN,19.91,816.4745,7,0.1,409.2446,82.43,,2,22020,20170411_ETNP_83_01.raw,ETNP_300m_PROKKA_35102:ETNP_180m_PROKKA_33283:ETNP_120m_particle_PROKKA_72081:ETNP_160m_PROKKA_205046:ETNP_140m_PROKKA_90900,,
IPVVYIN,21.30,816.4745,7,-2.8,409.2434,81.42,6.62E5,2,21752,20170411_ETNP_83_01.raw,ETNP_100m_particle_PROKKA_108062:ETNP_120m_particle_PROKKA_177925:ETNP_120m_PROKKA_58894:ETNP_120m_free_PROKKA_225860:ETNP_160m_PROKKA_66937,,
IPVVYIN,19.91,816.4745,7,0.1,409.2446,82.43,,2,22020,20170411_ETNP_83_01.raw,ETNP_100m_particle_PROKKA_108062:ETNP_120m_particle_PROKKA_177925:ETNP_120m_PROKKA_58894:ETNP_120m_free_PROKKA_225860:ETNP_160m_PROKKA_66937,,
NPVSSKK,20.92,758.4286,7,1.2,380.2220,74.42,8.48E4,2,19878,20170411_ETNP_83_01.raw,ETNP_70m_PROKKA_56513:ETNP_90m_PROKKA_56373,,
LTTVSTR,20.91,776.4392,7,2.4,389.2278,32.46,4.65E5,2,8570,20170411_ETNP_83_01.raw,AGL62355,,
AVAFNLSGG,20.73,834.4235,9,14.7,418.2252,39.42,1.01E6,2,10387,20170411_ETNP_83_01.raw,ETNP_300m_PROKKA_152346,,
PILYLIQN,20.73,972.5644,8,9.4,487.2940,76.70,9.8E5,2,20491,20170411_ETNP_83_01.raw,ETNP_160m_PROKKA_24614:ETNP14_120maa_PROKKA_74231,,
PILYLIQN,19.15,972.5644,8,9.1,487.2939,77.24,9.8E5,2,20632,20170411_ETNP_83_01.raw,ETNP_160m_PROKKA_24614:ETNP14_120maa_PROKKA_74231,,
GAAVHYGPNNVGGV,20.73,1310.6367,14,-10.8,656.3185,21.49,8.77E4,2,5716,20170411_ETNP_83_01.raw,WP_005006298,,
KNTSIVVGP,20.72,913.5233,9,13.6,457.7751,51.02,1.32E6,2,13455,20170411_ETNP_83_01.raw,ADO98424.1:YP_004323169.1,,
AVRFLVKN,20.67,945.5759,8,-1.5,473.7945,75.33,1.7E6,2,20134,20170411_ETNP_83_01.raw,WP_015402983,,
TLTLGIGANT,20.66,959.5287,10,2.3,480.7728,34.97,2.5E6,2,9195,20170411_ETNP_83_01.raw,ETNP_180m_PROKKA_37216,,
GKPIVILIH,20.53,988.6433,9,9.0,495.3334,97.59,,2,25760,20170411_ETNP_83_01.raw,ETNP_120m_free_PROKKA_175190,,
LTQALVN,20.44,757.4334,7,2.2,379.7248,27.83,5.58E5,2,7393,20170411_ETNP_83_01.raw,ETNP_100m_particle_PROKKA_62500:ETNP_120m_free_PROKKA_238342,,
KIITPLIN,20.28,910.5851,8,3.7,456.3015,108.07,1.96E5,2,28269,20170411_ETNP_83_01.raw,ETNP14_120maa_PROKKA_171111:ETNP_120m_free_PROKKA_208159:ETNP_100m_particle_PROKKA_74536:ETNP_120m_PROKKA_198148,,
KLLTPLLN,20.28,910.5851,8,3.7,456.3015,108.07,1.96E5,2,28269,20170411_ETNP_83_01.raw,ETNP14_120maa_PROKKA_66527,,
KLLTPLIN,20.28,910.5851,8,3.7,456.3015,108.07,1.96E5,2,28269,20170411_ETNP_83_01.raw,NP_300m_PROKKA_28362:ETNP_160m_PROKKA_177197,,
CYEAVIGA,20.19,824.3738,8,-8.1,413.1909,20.53,5.45E4,2,5415,20170411_ETNP_83_01.raw,KKU20002,,
AGNQKIK,20.19,757.4446,7,2.6,379.7306,20.05,1.88E4,2,5263,20170411_ETNP_83_01.raw,ETNP14_120mab_PROKKA_94462,,
TSELILR,19.66,830.4861,7,0.2,416.2504,56.17,,2,14846,20170411_ETNP_83_01.raw,ETNP14_120maa_PROKKA_96867,,
TSELLLR,19.66,830.4861,7,0.2,416.2504,56.17,,2,14846,20170411_ETNP_83_01.raw,,,
TSEILLR,19.66,830.4861,7,0.2,416.2504,56.17,,2,14846,20170411_ETNP_83_01.raw,,,
TSELIIR,19.66,830.4861,7,0.2,416.2504,56.17,,2,14846,20170411_ETNP_83_01.raw,,,
IELSENLR,19.65,972.5240,8,3.2,487.2708,54.54,4.43E5,2,14407,20170411_ETNP_83_01.raw,,,
NPHPLKN,19.46,818.4399,7,12.6,410.2324,69.22,4.84E5,2,18488,20170411_ETNP_83_01.raw,,,
NPHPLKN,18.44,818.4399,7,14.1,410.2330,69.76,,2,18634,20170411_ETNP_83_01.raw,,,
ISSKAIVN,19.38,830.4861,8,3.6,416.2518,87.89,2.8E4,2,23396,20170411_ETNP_83_01.raw,,,
APIVCFI,19.26,761.4146,7,-7.3,381.7118,80.70,2.53E4,2,21558,20170411_ETNP_83_01.raw,,,
IVASGSKN,19.16,774.4235,8,0.1,388.2191,66.86,9.9E5,2,17835,20170411_ETNP_83_01.raw,,,
LHMLHI,19.08,762.4211,6,-1.5,382.2173,101.74,8.01E3,2,26759,20170411_ETNP_83_01.raw,,,
LHMIHL,19.08,762.4211,6,-1.5,382.2173,101.74,8.01E3,2,26759,20170411_ETNP_83_01.raw,,,
LHMLHL,19.08,762.4211,6,-1.5,382.2173,101.74,8.01E3,2,26759,20170411_ETNP_83_01.raw,,,
MALLRPR,18.77,855.5112,7,9.6,428.7670,38.95,1.7E5,2,10258,20170411_ETNP_83_01.raw,,,
MALIRPR,18.77,855.5112,7,9.6,428.7670,38.95,1.7E5,2,10258,20170411_ETNP_83_01.raw,,,
MAIIRPR,18.77,855.5112,7,9.6,428.7670,38.95,1.7E5,2,10258,20170411_ETNP_83_01.raw,,,
IPKKMKN,18.75,857.5157,7,6.2,429.7678,71.05,4.93E6,2,18983,20170411_ETNP_83_01.raw,,,
NGRKPIVK,18.62,910.5712,8,0.5,456.2931,97.39,3.41E4,2,25709,20170411_ETNP_83_01.raw,,,
NGATVLARL,18.41,913.5345,9,-9.2,457.7703,55.04,3.61E5,2,14546,20170411_ETNP_83_01.raw,,,
NVLKKVS,18.34,786.4963,7,-1.7,394.2548,67.28,2.28E6,2,17952,20170411_ETNP_83_01.raw,,,
NVIKKVS,18.34,786.4963,7,-1.7,394.2548,67.28,2.28E6,2,17952,20170411_ETNP_83_01.raw,,,
HTELREPADASAH,18.28,1432.6694,13,-4.2,478.5617,20.48,5.88E5,2,5396,20170411_ETNP_83_01.raw,,,
LSKKFPQ,18.21,846.4963,7,2.3,424.2564,31.82,5.05E5,2,8409,20170411_ETNP_83_01.raw,,,
ISKKFPQ,18.21,846.4963,7,2.3,424.2564,31.82,5.05E5,2,8409,20170411_ETNP_83_01.raw,,,
VVLHFAGR,18.12,897.5184,8,13.5,449.7726,55.00,2.29E6,2,14533,20170411_ETNP_83_01.raw,,,
VVLHFAGR,16.19,897.5184,8,13.0,449.7723,56.69,1.49E6,2,14989,20170411_ETNP_83_01.raw,,,
STVAAALLI,18.01,857.5222,9,-1.2,429.7679,71.55,4.93E6,2,19116,20170411_ETNP_83_01.raw,,,
GLNGGLGALG,17.65,827.4501,10,1.8,414.7331,21.92,1.91E4,2,5834,20170411_ETNP_83_01.raw,,,
KDGGRYD,17.49,809.3668,7,1.3,405.6912,20.74,1.7E6,2,5485,20170411_ETNP_83_01.raw,,,
LLLLVASA,17.48,798.5215,8,13.3,400.2733,86.26,7.28E4,2,22989,20170411_ETNP_83_01.raw,,,
IIIIVASA,17.48,798.5215,8,13.3,400.2733,86.26,7.28E4,2,22989,20170411_ETNP_83_01.raw,,,
LILLVASA,17.48,798.5215,8,13.3,400.2733,86.26,7.28E4,2,22989,20170411_ETNP_83_01.raw,,,
LLLIVASA,17.48,798.5215,8,13.3,400.2733,86.26,7.28E4,2,22989,20170411_ETNP_83_01.raw,,,
GGGGGAPGAPGG,17.42,810.3620,12,-12.0,406.1834,22.34,2.16E5,2,5954,20170411_ETNP_83_01.raw,,,
GVVGYKPSK,17.38,933.5283,9,2.4,467.7726,20.34,6.59E3,2,5349,20170411_ETNP_83_01.raw,,,
LVGEGGRT,17.36,787.4188,8,-12.8,394.7116,20.51,7.61E4,2,5407,20170411_ETNP_83_01.raw,,,
SLLLTLPP,17.25,852.5320,8,-1.7,427.2726,90.05,2.2E3,2,23923,20170411_ETNP_83_01.raw,,,
SLLLTIPP,17.25,852.5320,8,-1.7,427.2726,90.05,2.2E3,2,23923,20170411_ETNP_83_01.raw,,,
LAGSAPRHADT,17.13,1094.5469,11,-9.3,548.2756,20.32,3.88E5,2,5345,20170411_ETNP_83_01.raw,,,
EAPQDPEAPK,17.13,1080.5087,10,-11.0,541.2557,34.31,1.63E6,2,9034,20170411_ETNP_83_01.raw,,,
LPNFLILN,17.08,942.5538,8,11.2,472.2895,78.44,1E5,2,20940,20170411_ETNP_83_01.raw,,,
ALLVFVM,16.92,791.4615,7,-12.8,396.7330,66.80,8.57E5,2,17819,20170411_ETNP_83_01.raw,,,
AILVFVM,16.92,791.4615,7,-12.8,396.7330,66.80,8.57E5,2,17819,20170411_ETNP_83_01.raw,,,
AIIVFVM,16.92,791.4615,7,-12.8,396.7330,66.80,8.57E5,2,17819,20170411_ETNP_83_01.raw,,,
FPSLPKP,16.90,784.4483,7,1.9,393.2322,69.65,3.43E4,2,18605,20170411_ETNP_83_01.raw,,,
CGGGAGPGRASCA,16.89,1062.4335,13,-11.2,532.2181,51.35,2.03E5,2,13541,20170411_ETNP_83_01.raw,,,
DSTILVH,16.85,783.4127,7,-10.8,392.7094,30.03,2.55E5,2,7959,20170411_ETNP_83_01.raw,,,
RPVSLPR,16.82,823.5028,7,-13.1,412.7533,50.71,1.56E6,2,13369,20170411_ETNP_83_01.raw,,,
TVKVPLTV,16.77,855.5430,8,0.0,428.7787,85.08,1.4E5,2,22693,20170411_ETNP_83_01.raw,,,
VDSFDTTI,16.58,896.4127,8,-5.2,449.2113,65.03,7.73E5,2,17305,20170411_ETNP_83_01.raw,,,
PLKVAFL,16.56,786.5003,7,-7.0,394.2547,66.77,2.28E6,2,17811,20170411_ETNP_83_01.raw,,,
PIKVAFL,16.56,786.5003,7,-7.0,394.2547,66.77,2.28E6,2,17811,20170411_ETNP_83_01.raw,,,
PLKVAFI,16.56,786.5003,7,-7.0,394.2547,66.77,2.28E6,2,17811,20170411_ETNP_83_01.raw,,,
AVLVAPGKN,16.23,867.5178,9,5.2,434.7684,68.87,1.29E6,2,18391,20170411_ETNP_83_01.raw,,,
VFLEGPVKT,16.21,988.5593,9,12.7,495.2932,74.94,2.2E5,2,20025,20170411_ETNP_83_01.raw,,,
GGPGGAPGGPA,16.04,793.3718,11,-12.5,397.6882,36.34,4.49E4,2,9548,20170411_ETNP_83_01.raw,,,
LVVLVVGGG,15.98,811.5167,9,0.0,406.7656,82.39,2.99E5,2,22011,20170411_ETNP_83_01.raw,,,
LPLQLYR,15.82,901.5385,7,10.1,451.7811,72.99,3.12E6,2,19493,20170411_ETNP_83_01.raw,,,
QGVQGGQGTTGSQ,15.80,1203.5480,13,11.7,602.7883,27.38,2.58E5,2,7259,20170411_ETNP_83_01.raw,,,
PLLGLAVFAS,15.72,986.5800,10,10.1,494.3023,80.00,1.1E5,2,21378,20170411_ETNP_83_01.raw,,,
PGQLWPTGSPE,15.66,1167.5560,11,-2.4,584.7839,19.44,7.8E4,2,5059,20170411_ETNP_83_01.raw,,,
IATGVSLPV,15.65,855.5065,9,9.2,428.7645,52.80,,2,13939,20170411_ETNP_83_01.raw,,,
IILVTVN,15.19,770.4902,7,12.7,386.2573,79.21,1.11E4,2,21162,20170411_ETNP_83_01.raw,,,
IIIVTVN,15.19,770.4902,7,12.7,386.2573,79.21,1.11E4,2,21162,20170411_ETNP_83_01.raw,,,
LILVTVN,15.19,770.4902,7,12.7,386.2573,79.21,1.11E4,2,21162,20170411_ETNP_83_01.raw,,,
LLIVTVN,15.19,770.4902,7,12.7,386.2573,79.21,1.11E4,2,21162,20170411_ETNP_83_01.raw,,,
VTVGGKLSN,15.16,873.4919,9,2.2,437.7542,50.84,1.71E6,2,13405,20170411_ETNP_83_01.raw,,,
GYPVKRGT,15.13,876.4817,8,12.4,439.2535,77.07,9.15E4,2,20587,20170411_ETNP_83_01.raw,,,
NPIIKLN,15.05,810.4963,7,-14.3,406.2496,73.03,9.25E4,2,19503,20170411_ETNP_83_01.raw,,,
NPLLKIN,15.05,810.4963,7,-14.3,406.2496,73.03,9.25E4,2,19503,20170411_ETNP_83_01.raw,,,
NPLLKLN,15.05,810.4963,7,-14.3,406.2496,73.03,9.25E4,2,19503,20170411_ETNP_83_01.raw,,,
